This job can be monitored from: https://job.c3se.chalmers.se/vera/9015905
=============== No Virtual Links (Vera GPU) ================
DATASET_NAME   : ema
DATASET_DIR    : /cephyr/users/wuxin/Vera/Physics-Informed_Diffusion_Model-main/Network_reconfiguration-main/create_sioux_data/processed_data
RUN_TAG        : no_virtual_links_ema
START_TIME     : 2026-04-22 20:44:49
============================================================
Python 3.9.21
Wed Apr 22 20:44:49 2026       
+-----------------------------------------------------------------------------------------+
| NVIDIA-SMI 590.48.01              Driver Version: 590.48.01      CUDA Version: 13.1     |
+-----------------------------------------+------------------------+----------------------+
| GPU  Name                 Persistence-M | Bus-Id          Disp.A | Volatile Uncorr. ECC |
| Fan  Temp   Perf          Pwr:Usage/Cap |           Memory-Usage | GPU-Util  Compute M. |
|                                         |                        |               MIG M. |
|=========================================+========================+======================|
|   0  NVIDIA A40                     On  |   00000000:31:00.0 Off |                    0 |
|  0%   22C    P8             21W /  300W |       0MiB /  46068MiB |      0%      Default |
|                                         |                        |                  N/A |
+-----------------------------------------+------------------------+----------------------+

+-----------------------------------------------------------------------------------------+
| Processes:                                                                              |
|  GPU   GI   CI              PID   Type   Process name                        GPU Memory |
|        ID   ID                                                               Usage      |
|=========================================================================================|
|  No running processes found                                                             |
+-----------------------------------------------------------------------------------------+
core imports ok
[*] Run ID 0: seed=0, split_index=0
    Starting now: 2026-04-22 20:44:58.666728
[NetworkPairsTopologyDataset] Loaded train split: 2400 graphs from /cephyr/users/wuxin/Vera/Physics-Informed_Diffusion_Model-main/Network_reconfiguration-main/create_sioux_data/processed_data/ema_pyg_newpolicy_lhs/train_dataset.pt
[NetworkPairsTopologyDataset] Loaded val split: 800 graphs from /cephyr/users/wuxin/Vera/Physics-Informed_Diffusion_Model-main/Network_reconfiguration-main/create_sioux_data/processed_data/ema_pyg_newpolicy_lhs/val_dataset.pt
[NetworkPairsTopologyDataset] Loaded test split: 800 graphs from /cephyr/users/wuxin/Vera/Physics-Informed_Diffusion_Model-main/Network_reconfiguration-main/create_sioux_data/processed_data/ema_pyg_newpolicy_lhs/test_dataset.pt
[*] Loaded dataset 'network-pairs-topology' from '/cephyr/users/wuxin/Vera/Physics-Informed_Diffusion_Model-main/Network_reconfiguration-main/create_sioux_data/processed_data/ema_pyg_newpolicy_lhs'
  num graphs: 4000
  num node features: 1
  num edge features: 0
  metadata: num_nodes=74 num_edges_old=258 num_edges_new=298 od_dim=74 centroid_count=74
GraphGymModule(
  (model): NetworkPairsTopologyModel(
    (aligner): EdgeAlignmentModule()
    (edge_init_proj): Linear(in_features=8, out_features=128, bias=True)
    (diffusion_cell): DiffusionCell(
      (edge_inject): Linear(in_features=131, out_features=128, bias=True)
      (node_inject): Linear(in_features=129, out_features=128, bias=True)
      (local_gnn): GatedGCNLayer()
      (global_attn): ImplicitVirtualRoutingLayer(
        (attn): MultiheadAttention(
          (out_proj): NonDynamicallyQuantizableLinear(in_features=128, out_features=128, bias=True)
        )
        (norm1): LayerNorm((128,), eps=1e-05, elementwise_affine=True)
        (norm2): LayerNorm((128,), eps=1e-05, elementwise_affine=True)
        (ffn): Sequential(
          (0): Linear(in_features=128, out_features=512, bias=True)
          (1): ReLU()
          (2): Dropout(p=0.1, inplace=False)
          (3): Linear(in_features=512, out_features=128, bias=True)
          (4): Dropout(p=0.1, inplace=False)
        )
      )
      (delta_readout): Sequential(
        (0): Linear(in_features=128, out_features=128, bias=True)
        (1): ReLU()
        (2): Dropout(p=0.1, inplace=False)
        (3): Linear(in_features=128, out_features=1, bias=True)
      )
    )
  )
)
accelerator: cuda
benchmark: False
bn:
  eps: 1e-05
  mom: 0.1
cfg_dest: config.yaml
custom_metrics: []
dataset:
  cache_load: False
  cache_save: False
  centroid_count: 74
  centroid_nodes: 
  dataset_name: traffic-network-pairs
  dataset_root: sioux_data
  demand_source: lhs
  dir: /cephyr/users/wuxin/Vera/Physics-Informed_Diffusion_Model-main/Network_reconfiguration-main/create_sioux_data/processed_data/ema_pyg_newpolicy_lhs
  edge_dim: 128
  edge_encoder: False
  edge_encoder_bn: True
  edge_encoder_name: Bond
  edge_encoder_num_types: 0
  edge_message_ratio: 0.8
  edge_negative_sampling_ratio: 1.0
  edge_train_mode: all
  encoder: True
  encoder_bn: True
  encoder_dim: 128
  encoder_name: db
  flow_mean: 13120.014463236668
  flow_std: 8077.77981112977
  format: PyG-NetworkPairs
  infer_link_label: None
  label_column: none
  label_table: none
  location: local
  mask_capacity: False
  mask_fft: False
  name: network-pairs-topology
  network_file: 
  network_name: EMA
  node_encoder: False
  node_encoder_bn: True
  node_encoder_name: Atom
  node_encoder_num_types: 0
  node_id_offset: 1
  num_edges_new: 298
  num_edges_old: 258
  num_nodes: 74
  od_dim: 74
  od_file: 
  parser: tntp
  processed_root: /cephyr/users/wuxin/Vera/Physics-Informed_Diffusion_Model-main/Network_reconfiguration-main/create_sioux_data/processed_data/ema_pyg_newpolicy_lhs
  remove_feature: False
  resample_disjoint: False
  resample_negative: False
  shuffle_split: True
  slic_compactness: 10
  split: [0.8, 0.1, 0.1]
  split_dir: ./splits
  split_index: 0
  split_mode: standard
  task: graph
  task_type: regression
  to_undirected: False
  transductive: False
  transform: none
  tu_simple: True
devices: 1
gnn:
  act: relu
  agg: add
  att_final_linear: False
  att_final_linear_bn: False
  att_heads: 1
  batchnorm: False
  clear_feature: True
  dim_inner: 16
  dropout: 0.0
  head: graph
  keep_edge: 0.5
  l2norm: True
  layer_type: generalconv
  layers_mp: 2
  layers_post_mp: 1
  layers_pre_mp: 0
  msg_direction: single
  normalize_adj: False
  self_msg: concat
  skip_every: 1
  stage_type: stack
gpu_mem: False
mem:
  inplace: False
metric_agg: argmin
metric_best: rmse_norm
model:
  edge_decoding: dot
  graph_pooling: none
  lambda_con: 0.0
  lambda_new_final: 1.0
  lambda_new_schedule: linear
  lambda_new_start: 1.0
  lambda_new_warmup_epochs: 50
  lambda_old: 1.0
  loss_fun: l1
  match_upper: True
  size_average: mean
  thresh: 0.5
  type: topology_gnn
name_tag: no_virtual_links_ema
num_threads: 6
num_workers: 0
optim:
  base_lr: 0.001
  batch_accumulation: 1
  clip_grad_norm: True
  clip_grad_norm_value: 1.0
  lr_decay: 0.1
  max_epoch: 200
  min_lr: 1e-06
  momentum: 0.9
  num_warmup_epochs: 10
  optimizer: adamW
  reduce_factor: 0.5
  schedule_patience: 20
  scheduler: cosine_with_warmup
  steps: [30, 60, 90]
  weight_decay: 1e-05
out_dir: /cephyr/users/wuxin/Vera/Physics-Informed_Diffusion_Model-main/Network_reconfiguration-main/results/ablation/network-pairs-topology-no_virtual_links_ema
print: both
round: 5
run_dir: /cephyr/users/wuxin/Vera/Physics-Informed_Diffusion_Model-main/Network_reconfiguration-main/results/ablation/network-pairs-topology-no_virtual_links_ema/0
run_id: 0
run_multiple_splits: []
seed: 0
share:
  dim_in: 1
  dim_out: 1
  num_splits: 3
tensorboard_agg: True
tensorboard_each_run: False
topology_gnn:
  alignment_mode: full
  attention_every_k_steps: 2
  dropout: 0.1
  enable_global_attn: False
  hidden_dim: 128
  inject_flow_to_edges: True
  inject_rho_to_edges: True
  inject_rho_to_nodes: True
  num_diffusion_steps: 4
  num_heads: 4
  pressure_update_mode: lwr
  residual: True
  share_diffusion_cell: True
train:
  auto_resume: False
  batch_size: 32
  ckpt_best: True
  ckpt_clean: True
  ckpt_period: 50
  current_epoch: 0
  enable_ckpt: True
  epoch_resume: -1
  eval_period: 1
  iter_per_epoch: 32
  mode: custom
  neighbor_sizes: [20, 15, 10, 5]
  node_per_graph: 32
  radius: extend
  sample_node: False
  sampler: full_batch
  skip_train_eval: False
  walk_length: 4
val:
  node_per_graph: 32
  radius: extend
  sample_node: False
  sampler: full_batch
view_emb: False
wandb:
  entity: your-wandb-entity
  name: 
  project: network-pairs-topology
  use: False
Num parameters: 332673
Start from epoch 0
train: {'epoch': 0, 'time_epoch': 2.5476, 'eta': 506.97336, 'eta_hours': 0.14083, 'loss': 3.9682576, 'lr': 0.0, 'params': 332673, 'time_iter': 0.03397, 'mae': 12603.95703, 'r2': -1.76535, 'mse': 206257312.0, 'rmse': 14361.66113, 'wmape': 0.93377, 'spearmanr': 0.67518, 'mae_norm': 1.56032, 'r2_norm': -1.76535, 'mse_norm': 3.16101, 'rmse_norm': 1.77792, 'wmape_norm': 1.84107, 'spearmanr_norm': 0.67518, 'mae_real': 12603.95703, 'r2_real': -1.76535, 'mse_real': 206257312.0, 'rmse_real': 14361.66113, 'wmape_real': 0.93377, 'spearmanr_real': 0.67518, 'loss_sup': 3.9682576046391085, 'loss_data': 3.9682576046391085, 'loss_con': 4.496791144495135, 'lambda_con': 0.0, 'rho_terminal_abs_mean': 12736.81351378802, 'rho_terminal_abs_max': 76395.66489607148, 'loss_old': 1.3716877013294948, 'loss_new': 2.596569892184735, 'lambda_new_current': 1.0}
...computing epoch stats took: 0.28s
val: {'epoch': 0, 'time_epoch': 0.50922, 'loss': 4.04195384, 'lr': 0, 'params': 332673, 'time_iter': 0.02037, 'mae': 12790.66895, 'r2': -1.79487, 'mse': 209440176.0, 'rmse': 14472.04785, 'wmape': 0.94671, 'spearmanr': 0.6807, 'mae_norm': 1.58344, 'r2_norm': -1.79487, 'mse_norm': 3.20978, 'rmse_norm': 1.79159, 'wmape_norm': 1.86617, 'spearmanr_norm': 0.6807, 'mae_real': 12790.66895, 'r2_real': -1.79487, 'mse_real': 209440176.0, 'rmse_real': 14472.04785, 'wmape_real': 0.94671, 'spearmanr_real': 0.6807, 'loss_sup': 4.041953843592354, 'loss_data': 4.041953843592354, 'loss_con': 4.089069831599365, 'lambda_con': 0.0, 'rho_terminal_abs_mean': 11911.689655062435, 'rho_terminal_abs_max': 63189.753071120576, 'loss_old': 1.389214431700111, 'loss_new': 2.652739364232785, 'lambda_new_current': 1.0}
...computing epoch stats took: 0.08s
test: {'epoch': 0, 'time_epoch': 0.50405, 'loss': 4.03635701, 'lr': 0, 'params': 332673, 'time_iter': 0.02016, 'mae': 12792.79102, 'r2': -1.79636, 'mse': 209236832.0, 'rmse': 14465.02051, 'wmape': 0.94739, 'spearmanr': 0.68099, 'mae_norm': 1.5837, 'r2_norm': -1.79636, 'mse_norm': 3.20667, 'rmse_norm': 1.79072, 'wmape_norm': 1.86599, 'spearmanr_norm': 0.68099, 'mae_real': 12792.79102, 'r2_real': -1.79636, 'mse_real': 209236832.0, 'rmse_real': 14465.02051, 'wmape_real': 0.94739, 'spearmanr_real': 0.68099, 'loss_sup': 4.036357011139718, 'loss_data': 4.036357011139718, 'loss_con': 4.100605937833004, 'lambda_con': 0.0, 'rho_terminal_abs_mean': 11918.193070589095, 'rho_terminal_abs_max': 65523.886836629805, 'loss_old': 1.3900774838927352, 'loss_new': 2.64627949385162, 'lambda_new_current': 1.0}
...computing epoch stats took: 0.09s
> Epoch 0: took 4.0s (avg 4.0s) | Best so far: epoch 0	train_loss: 3.9683	val_loss: 4.0420	test_loss: 4.0364	val_rmse_norm: 1.7916
train: {'epoch': 1, 'time_epoch': 1.43291, 'eta': 394.07091, 'eta_hours': 0.10946, 'loss': 1.18971333, 'lr': 0.0001, 'params': 332673, 'time_iter': 0.01911, 'mae': 3929.50781, 'r2': 0.57321, 'mse': 31832816.0, 'rmse': 5642.05762, 'wmape': 0.29112, 'spearmanr': 0.7932, 'mae_norm': 0.48646, 'r2_norm': 0.57321, 'mse_norm': 0.48786, 'rmse_norm': 0.69847, 'wmape_norm': 0.57399, 'spearmanr_norm': 0.7932, 'mae_real': 3929.50781, 'r2_real': 0.57321, 'mse_real': 31832816.0, 'rmse_real': 5642.05762, 'wmape_real': 0.29112, 'spearmanr_real': 0.7932, 'loss_sup': 1.1897133263114323, 'loss_data': 1.1897133263114323, 'loss_con': 1.9794017268530033, 'lambda_con': 0.0, 'rho_terminal_abs_mean': 8361.472677696676, 'rho_terminal_abs_max': 45890.88588150761, 'loss_old': 0.43807548349763425, 'loss_new': 0.7516378471915098, 'lambda_new_current': 1.0}
...computing epoch stats took: 0.27s
val: {'epoch': 1, 'time_epoch': 0.27151, 'loss': 0.61117716, 'lr': 0, 'params': 332673, 'time_iter': 0.01086, 'mae': 2160.38623, 'r2': 0.87196, 'mse': 9595086.0, 'rmse': 3097.59351, 'wmape': 0.1599, 'spearmanr': 0.93621, 'mae_norm': 0.26745, 'r2_norm': 0.87196, 'mse_norm': 0.14705, 'rmse_norm': 0.38347, 'wmape_norm': 0.3152, 'spearmanr_norm': 0.93621, 'mae_real': 2160.38623, 'r2_real': 0.87196, 'mse_real': 9595086.0, 'rmse_real': 3097.59351, 'wmape_real': 0.1599, 'spearmanr_real': 0.93621, 'loss_sup': 0.611177161898664, 'loss_data': 0.611177161898664, 'loss_con': 1.9694513238610547, 'lambda_con': 0.0, 'rho_terminal_abs_mean': 8251.04322185874, 'rho_terminal_abs_max': 49023.321951143, 'loss_old': 0.25052467056552746, 'loss_new': 0.360652480610033, 'lambda_new_current': 1.0}
...computing epoch stats took: 0.08s
test: {'epoch': 1, 'time_epoch': 0.27177, 'loss': 0.60839676, 'lr': 0, 'params': 332673, 'time_iter': 0.01087, 'mae': 2159.08618, 'r2': 0.87209, 'mse': 9571022.0, 'rmse': 3093.70679, 'wmape': 0.15989, 'spearmanr': 0.93683, 'mae_norm': 0.26729, 'r2_norm': 0.87209, 'mse_norm': 0.14668, 'rmse_norm': 0.38299, 'wmape_norm': 0.31493, 'spearmanr_norm': 0.93683, 'mae_real': 2159.08618, 'r2_real': 0.87209, 'mse_real': 9571022.0, 'rmse_real': 3093.70679, 'wmape_real': 0.15989, 'spearmanr_real': 0.93683, 'loss_sup': 0.6083967571486433, 'loss_data': 0.6083967571486433, 'loss_con': 1.9615212198140988, 'lambda_con': 0.0, 'rho_terminal_abs_mean': 8236.289502861417, 'rho_terminal_abs_max': 48971.49029648626, 'loss_old': 0.25083961197704385, 'loss_new': 0.3575571433909806, 'lambda_new_current': 1.0}
...computing epoch stats took: 0.09s
> Epoch 1: took 2.4s (avg 3.2s) | Best so far: epoch 1	train_loss: 1.1897	val_loss: 0.6112	test_loss: 0.6084	val_rmse_norm: 0.3835
train: {'epoch': 2, 'time_epoch': 1.42779, 'eta': 355.14562, 'eta_hours': 0.09865, 'loss': 0.64618752, 'lr': 0.0002, 'params': 332673, 'time_iter': 0.01904, 'mae': 2316.2688, 'r2': 0.86257, 'mse': 10250342.0, 'rmse': 3201.61548, 'wmape': 0.1716, 'spearmanr': 0.92863, 'mae_norm': 0.28675, 'r2_norm': 0.86257, 'mse_norm': 0.15709, 'rmse_norm': 0.39635, 'wmape_norm': 0.33834, 'spearmanr_norm': 0.92863, 'mae_real': 2316.2688, 'r2_real': 0.86257, 'mse_real': 10250342.0, 'rmse_real': 3201.61548, 'wmape_real': 0.1716, 'spearmanr_real': 0.92863, 'loss_sup': 0.6461875157634888, 'loss_data': 0.6461875157634888, 'loss_con': 1.719050513131111, 'lambda_con': 0.0, 'rho_terminal_abs_mean': 7799.582834543983, 'rho_terminal_abs_max': 45447.57154673194, 'loss_old': 0.2705684449373143, 'loss_new': 0.3756190670353999, 'lambda_new_current': 1.0}
...computing epoch stats took: 0.27s
val: {'epoch': 2, 'time_epoch': 0.2706, 'loss': 0.55527033, 'lr': 0, 'params': 332673, 'time_iter': 0.01082, 'mae': 1930.43555, 'r2': 0.89791, 'mse': 7650220.0, 'rmse': 2765.90308, 'wmape': 0.14288, 'spearmanr': 0.9477, 'mae_norm': 0.23898, 'r2_norm': 0.89791, 'mse_norm': 0.11724, 'rmse_norm': 0.34241, 'wmape_norm': 0.28165, 'spearmanr_norm': 0.9477, 'mae_real': 1930.43555, 'r2_real': 0.89791, 'mse_real': 7650220.0, 'rmse_real': 2765.90308, 'wmape_real': 0.14288, 'spearmanr_real': 0.9477, 'loss_sup': 0.5552703277388362, 'loss_data': 0.5552703277388362, 'loss_con': 1.644546460467245, 'lambda_con': 0.0, 'rho_terminal_abs_mean': 7716.909180679073, 'rho_terminal_abs_max': 41795.37121808713, 'loss_old': 0.22182826424777669, 'loss_new': 0.33344206886218847, 'lambda_new_current': 1.0}
...computing epoch stats took: 0.08s
test: {'epoch': 2, 'time_epoch': 0.27235, 'loss': 0.55279976, 'lr': 0, 'params': 332673, 'time_iter': 0.01089, 'mae': 1927.98901, 'r2': 0.89831, 'mse': 7608791.0, 'rmse': 2758.40381, 'wmape': 0.14278, 'spearmanr': 0.9484, 'mae_norm': 0.23868, 'r2_norm': 0.89831, 'mse_norm': 0.11661, 'rmse_norm': 0.34148, 'wmape_norm': 0.28122, 'spearmanr_norm': 0.9484, 'mae_real': 1927.98901, 'r2_real': 0.89831, 'mse_real': 7608791.0, 'rmse_real': 2758.40381, 'wmape_real': 0.14278, 'spearmanr_real': 0.9484, 'loss_sup': 0.5527997587258496, 'loss_data': 0.5527997587258496, 'loss_con': 1.6341165507202187, 'lambda_con': 0.0, 'rho_terminal_abs_mean': 7692.498134970169, 'rho_terminal_abs_max': 41050.350397874994, 'loss_old': 0.22186992407881512, 'loss_new': 0.3309298376247724, 'lambda_new_current': 1.0}
...computing epoch stats took: 0.09s
> Epoch 2: took 2.4s (avg 2.9s) | Best so far: epoch 2	train_loss: 0.6462	val_loss: 0.5553	test_loss: 0.5528	val_rmse_norm: 0.3424
train: {'epoch': 3, 'time_epoch': 1.52289, 'eta': 339.62882, 'eta_hours': 0.09434, 'loss': 0.59330739, 'lr': 0.0003, 'params': 332673, 'time_iter': 0.02031, 'mae': 2096.93945, 'r2': 0.88555, 'mse': 8536074.0, 'rmse': 2921.65601, 'wmape': 0.15535, 'spearmanr': 0.93969, 'mae_norm': 0.25959, 'r2_norm': 0.88555, 'mse_norm': 0.13082, 'rmse_norm': 0.36169, 'wmape_norm': 0.3063, 'spearmanr_norm': 0.93969, 'mae_real': 2096.93945, 'r2_real': 0.88555, 'mse_real': 8536074.0, 'rmse_real': 2921.65601, 'wmape_real': 0.15535, 'spearmanr_real': 0.93969, 'loss_sup': 0.5933073885139978, 'loss_data': 0.5933073885139978, 'loss_con': 1.4264831709797017, 'lambda_con': 0.0, 'rho_terminal_abs_mean': 7219.900680083086, 'rho_terminal_abs_max': 39620.98809516464, 'loss_old': 0.24309876365420754, 'loss_new': 0.3502086242695473, 'lambda_new_current': 1.0}
val: {'epoch': 3, 'time_epoch': 0.27132, 'loss': 0.5323367, 'lr': 0, 'params': 332673, 'time_iter': 0.01085, 'mae': 1860.56995, 'r2': 0.90597, 'mse': 7046726.5, 'rmse': 2654.56714, 'wmape': 0.13771, 'spearmanr': 0.95164, 'mae_norm': 0.23033, 'r2_norm': 0.90597, 'mse_norm': 0.10799, 'rmse_norm': 0.32863, 'wmape_norm': 0.27146, 'spearmanr_norm': 0.95164, 'mae_real': 1860.56995, 'r2_real': 0.90597, 'mse_real': 7046726.5, 'rmse_real': 2654.56714, 'wmape_real': 0.13771, 'spearmanr_real': 0.95164, 'loss_sup': 0.5323367038638502, 'loss_data': 0.5323367038638502, 'loss_con': 1.3922424855757793, 'lambda_con': 0.0, 'rho_terminal_abs_mean': 7069.964083767504, 'rho_terminal_abs_max': 39466.06375460777, 'loss_old': 0.21442938102207132, 'loss_new': 0.3179073204603784, 'lambda_new_current': 1.0}
test: {'epoch': 3, 'time_epoch': 0.26992, 'loss': 0.52907495, 'lr': 0, 'params': 332673, 'time_iter': 0.0108, 'mae': 1855.87585, 'r2': 0.90644, 'mse': 7000424.0, 'rmse': 2645.83154, 'wmape': 0.13744, 'spearmanr': 0.95238, 'mae_norm': 0.22975, 'r2_norm': 0.90644, 'mse_norm': 0.10729, 'rmse_norm': 0.32754, 'wmape_norm': 0.2707, 'spearmanr_norm': 0.95238, 'mae_real': 1855.87585, 'r2_real': 0.90644, 'mse_real': 7000424.0, 'rmse_real': 2645.83154, 'wmape_real': 0.13744, 'spearmanr_real': 0.95238, 'loss_sup': 0.529074954278665, 'loss_data': 0.529074954278665, 'loss_con': 1.3816032042514033, 'lambda_con': 0.0, 'rho_terminal_abs_mean': 7039.849122209448, 'rho_terminal_abs_max': 39602.79606682613, 'loss_old': 0.2142511003634063, 'loss_new': 0.31482385570853644, 'lambda_new_current': 1.0}
> Epoch 3: took 2.5s (avg 2.8s) | Best so far: epoch 3	train_loss: 0.5933	val_loss: 0.5323	test_loss: 0.5291	val_rmse_norm: 0.3286
train: {'epoch': 4, 'time_epoch': 1.42246, 'eta': 325.79271, 'eta_hours': 0.0905, 'loss': 0.56559907, 'lr': 0.0004, 'params': 332673, 'time_iter': 0.01897, 'mae': 1976.11792, 'r2': 0.89689, 'mse': 7690656.0, 'rmse': 2773.20312, 'wmape': 0.1464, 'spearmanr': 0.94524, 'mae_norm': 0.24464, 'r2_norm': 0.89689, 'mse_norm': 0.11786, 'rmse_norm': 0.34331, 'wmape_norm': 0.28865, 'spearmanr_norm': 0.94524, 'mae_real': 1976.11792, 'r2_real': 0.89689, 'mse_real': 7690656.0, 'rmse_real': 2773.20312, 'wmape_real': 0.1464, 'spearmanr_real': 0.94524, 'loss_sup': 0.5655990719226025, 'loss_data': 0.5655990719226025, 'loss_con': 1.3618189962387253, 'lambda_con': 0.0, 'rho_terminal_abs_mean': 7102.008460082192, 'rho_terminal_abs_max': 38154.08273499614, 'loss_old': 0.22765390190608814, 'loss_new': 0.33794517340157504, 'lambda_new_current': 1.0}
val: {'epoch': 4, 'time_epoch': 0.27205, 'loss': 0.51187589, 'lr': 0, 'params': 332673, 'time_iter': 0.01088, 'mae': 1744.77466, 'r2': 0.91378, 'mse': 6460818.0, 'rmse': 2541.81396, 'wmape': 0.12914, 'spearmanr': 0.95452, 'mae_norm': 0.216, 'r2_norm': 0.91378, 'mse_norm': 0.09902, 'rmse_norm': 0.31467, 'wmape_norm': 0.25456, 'spearmanr_norm': 0.95452, 'mae_real': 1744.77466, 'r2_real': 0.91378, 'mse_real': 6460818.0, 'rmse_real': 2541.81396, 'wmape_real': 0.12914, 'spearmanr_real': 0.95452, 'loss_sup': 0.511875885747308, 'loss_data': 0.511875885747308, 'loss_con': 1.5626865502582858, 'lambda_con': 0.0, 'rho_terminal_abs_mean': 7631.047961148703, 'rho_terminal_abs_max': 39770.74649680708, 'loss_old': 0.19827247566198633, 'loss_new': 0.3136034112710929, 'lambda_new_current': 1.0}
test: {'epoch': 4, 'time_epoch': 0.27036, 'loss': 0.50980602, 'lr': 0, 'params': 332673, 'time_iter': 0.01081, 'mae': 1744.44543, 'r2': 0.91401, 'mse': 6434366.0, 'rmse': 2536.60522, 'wmape': 0.12919, 'spearmanr': 0.95512, 'mae_norm': 0.21596, 'r2_norm': 0.91401, 'mse_norm': 0.09861, 'rmse_norm': 0.31402, 'wmape_norm': 0.25445, 'spearmanr_norm': 0.95512, 'mae_real': 1744.44543, 'r2_real': 0.91401, 'mse_real': 6434366.0, 'rmse_real': 2536.60522, 'wmape_real': 0.12919, 'spearmanr_real': 0.95512, 'loss_sup': 0.5098060234884432, 'loss_data': 0.5098060234884432, 'loss_con': 1.5519791515605208, 'lambda_con': 0.0, 'rho_terminal_abs_mean': 7598.59574260558, 'rho_terminal_abs_max': 39463.869078758944, 'loss_old': 0.1985994606944507, 'loss_new': 0.3112065681512516, 'lambda_new_current': 1.0}
> Epoch 4: took 2.4s (avg 2.8s) | Best so far: epoch 4	train_loss: 0.5656	val_loss: 0.5119	test_loss: 0.5098	val_rmse_norm: 0.3147
train: {'epoch': 5, 'time_epoch': 1.42293, 'eta': 316.10957, 'eta_hours': 0.08781, 'loss': 0.53525385, 'lr': 0.0005, 'params': 332673, 'time_iter': 0.01897, 'mae': 1849.16345, 'r2': 0.90714, 'mse': 6925920.5, 'rmse': 2631.71436, 'wmape': 0.137, 'spearmanr': 0.95051, 'mae_norm': 0.22892, 'r2_norm': 0.90714, 'mse_norm': 0.10614, 'rmse_norm': 0.3258, 'wmape_norm': 0.27011, 'spearmanr_norm': 0.95051, 'mae_real': 1849.16345, 'r2_real': 0.90714, 'mse_real': 6925920.5, 'rmse_real': 2631.71436, 'wmape_real': 0.137, 'spearmanr_real': 0.95051, 'loss_sup': 0.5352538547249808, 'loss_data': 0.5352538547249808, 'loss_con': 1.335482560238538, 'lambda_con': 0.0, 'rho_terminal_abs_mean': 7101.0544923170855, 'rho_terminal_abs_max': 37187.30399557326, 'loss_old': 0.21169582770967638, 'loss_new': 0.32355802721370164, 'lambda_new_current': 1.0}
val: {'epoch': 5, 'time_epoch': 0.26964, 'loss': 0.49551356, 'lr': 0, 'params': 332673, 'time_iter': 0.01079, 'mae': 1720.79761, 'r2': 0.91721, 'mse': 6204089.0, 'rmse': 2490.80078, 'wmape': 0.12737, 'spearmanr': 0.95693, 'mae_norm': 0.21303, 'r2_norm': 0.91721, 'mse_norm': 0.09508, 'rmse_norm': 0.30835, 'wmape_norm': 0.25107, 'spearmanr_norm': 0.95693, 'mae_real': 1720.79761, 'r2_real': 0.91721, 'mse_real': 6204089.0, 'rmse_real': 2490.80078, 'wmape_real': 0.12737, 'spearmanr_real': 0.95693, 'loss_sup': 0.4955135574362693, 'loss_data': 0.4955135574362693, 'loss_con': 1.3227238444552758, 'lambda_con': 0.0, 'rho_terminal_abs_mean': 7132.42620413445, 'rho_terminal_abs_max': 34089.29281564294, 'loss_old': 0.1976193765827198, 'loss_new': 0.29789418383086175, 'lambda_new_current': 1.0}
test: {'epoch': 5, 'time_epoch': 0.2696, 'loss': 0.4925629, 'lr': 0, 'params': 332673, 'time_iter': 0.01078, 'mae': 1719.82886, 'r2': 0.9174, 'mse': 6180561.0, 'rmse': 2486.07349, 'wmape': 0.12736, 'spearmanr': 0.95741, 'mae_norm': 0.21291, 'r2_norm': 0.9174, 'mse_norm': 0.09472, 'rmse_norm': 0.30777, 'wmape_norm': 0.25086, 'spearmanr_norm': 0.95741, 'mae_real': 1719.82886, 'r2_real': 0.9174, 'mse_real': 6180561.0, 'rmse_real': 2486.07349, 'wmape_real': 0.12736, 'spearmanr_real': 0.95741, 'loss_sup': 0.49256289674424025, 'loss_data': 0.49256289674424025, 'loss_con': 1.3165219886776234, 'lambda_con': 0.0, 'rho_terminal_abs_mean': 7105.7058903999805, 'rho_terminal_abs_max': 33395.27354345451, 'loss_old': 0.19803629154422253, 'loss_new': 0.2945266016231903, 'lambda_new_current': 1.0}
> Epoch 5: took 2.4s (avg 2.7s) | Best so far: epoch 5	train_loss: 0.5353	val_loss: 0.4955	test_loss: 0.4926	val_rmse_norm: 0.3084
train: {'epoch': 6, 'time_epoch': 1.42452, 'eta': 308.8305, 'eta_hours': 0.08579, 'loss': 0.5159655, 'lr': 0.0006, 'params': 332673, 'time_iter': 0.01899, 'mae': 1769.50159, 'r2': 0.91283, 'mse': 6501779.0, 'rmse': 2549.85864, 'wmape': 0.13109, 'spearmanr': 0.95394, 'mae_norm': 0.21906, 'r2_norm': 0.91283, 'mse_norm': 0.09964, 'rmse_norm': 0.31566, 'wmape_norm': 0.25847, 'spearmanr_norm': 0.95394, 'mae_real': 1769.50159, 'r2_real': 0.91283, 'mse_real': 6501779.0, 'rmse_real': 2549.85864, 'wmape_real': 0.13109, 'spearmanr_real': 0.95394, 'loss_sup': 0.515965502480137, 'loss_data': 0.515965502480137, 'loss_con': 1.3277131112252223, 'lambda_con': 0.0, 'rho_terminal_abs_mean': 7123.152474700191, 'rho_terminal_abs_max': 35286.56704560399, 'loss_old': 0.20172909235742473, 'loss_new': 0.31423640854534873, 'lambda_new_current': 1.0}
val: {'epoch': 6, 'time_epoch': 0.27184, 'loss': 0.47300304, 'lr': 0, 'params': 332673, 'time_iter': 0.01087, 'mae': 1606.52429, 'r2': 0.92418, 'mse': 5682033.0, 'rmse': 2383.70142, 'wmape': 0.11891, 'spearmanr': 0.95907, 'mae_norm': 0.19888, 'r2_norm': 0.92418, 'mse_norm': 0.08708, 'rmse_norm': 0.29509, 'wmape_norm': 0.23439, 'spearmanr_norm': 0.95907, 'mae_real': 1606.52429, 'r2_real': 0.92418, 'mse_real': 5682033.0, 'rmse_real': 2383.70142, 'wmape_real': 0.11891, 'spearmanr_real': 0.95907, 'loss_sup': 0.47300304205125365, 'loss_data': 0.47300304205125365, 'loss_con': 1.3439244442978495, 'lambda_con': 0.0, 'rho_terminal_abs_mean': 7171.8487064015335, 'rho_terminal_abs_max': 34632.887799756834, 'loss_old': 0.18218717388727773, 'loss_new': 0.2908158711427856, 'lambda_new_current': 1.0}
test: {'epoch': 6, 'time_epoch': 0.27261, 'loss': 0.47137473, 'lr': 0, 'params': 332673, 'time_iter': 0.0109, 'mae': 1609.59668, 'r2': 0.92417, 'mse': 5673873.0, 'rmse': 2381.98926, 'wmape': 0.1192, 'spearmanr': 0.95947, 'mae_norm': 0.19926, 'r2_norm': 0.92417, 'mse_norm': 0.08696, 'rmse_norm': 0.29488, 'wmape_norm': 0.23478, 'spearmanr_norm': 0.95947, 'mae_real': 1609.59668, 'r2_real': 0.92417, 'mse_real': 5673873.0, 'rmse_real': 2381.98926, 'wmape_real': 0.1192, 'spearmanr_real': 0.95947, 'loss_sup': 0.4713747329443867, 'loss_data': 0.4713747329443867, 'loss_con': 1.335801507340061, 'lambda_con': 0.0, 'rho_terminal_abs_mean': 7136.058275105897, 'rho_terminal_abs_max': 33849.57237753807, 'loss_old': 0.1830302701768836, 'loss_new': 0.28834446336821407, 'lambda_new_current': 1.0}
> Epoch 6: took 2.4s (avg 2.7s) | Best so far: epoch 6	train_loss: 0.5160	val_loss: 0.4730	test_loss: 0.4714	val_rmse_norm: 0.2951
train: {'epoch': 7, 'time_epoch': 1.4229, 'eta': 302.97606, 'eta_hours': 0.08416, 'loss': 0.49670355, 'lr': 0.0007, 'params': 332673, 'time_iter': 0.01897, 'mae': 1692.61719, 'r2': 0.91858, 'mse': 6072465.0, 'rmse': 2464.2373, 'wmape': 0.1254, 'spearmanr': 0.95663, 'mae_norm': 0.20954, 'r2_norm': 0.91858, 'mse_norm': 0.09306, 'rmse_norm': 0.30506, 'wmape_norm': 0.24724, 'spearmanr_norm': 0.95663, 'mae_real': 1692.61719, 'r2_real': 0.91858, 'mse_real': 6072465.0, 'rmse_real': 2464.2373, 'wmape_real': 0.1254, 'spearmanr_real': 0.95663, 'loss_sup': 0.49670354949227363, 'loss_data': 0.49670354949227363, 'loss_con': 1.3075385891578222, 'lambda_con': 0.0, 'rho_terminal_abs_mean': 7095.266571192341, 'rho_terminal_abs_max': 34436.73648865026, 'loss_old': 0.19227112345057212, 'loss_new': 0.3044324266343148, 'lambda_new_current': 1.0}
val: {'epoch': 7, 'time_epoch': 0.26991, 'loss': 0.48010961, 'lr': 0, 'params': 332673, 'time_iter': 0.0108, 'mae': 1642.25098, 'r2': 0.92217, 'mse': 5832453.5, 'rmse': 2415.04736, 'wmape': 0.12155, 'spearmanr': 0.95932, 'mae_norm': 0.2033, 'r2_norm': 0.92217, 'mse_norm': 0.08939, 'rmse_norm': 0.29897, 'wmape_norm': 0.23961, 'spearmanr_norm': 0.95932, 'mae_real': 1642.25098, 'r2_real': 0.92217, 'mse_real': 5832453.5, 'rmse_real': 2415.04736, 'wmape_real': 0.12155, 'spearmanr_real': 0.95932, 'loss_sup': 0.4801096065360888, 'loss_data': 0.4801096065360888, 'loss_con': 1.3297634613554428, 'lambda_con': 0.0, 'rho_terminal_abs_mean': 7170.223319070601, 'rho_terminal_abs_max': 34446.63790950455, 'loss_old': 0.18699585317666167, 'loss_new': 0.29311375515115534, 'lambda_new_current': 1.0}
test: {'epoch': 7, 'time_epoch': 0.26927, 'loss': 0.4778922, 'lr': 0, 'params': 332673, 'time_iter': 0.01077, 'mae': 1642.02954, 'r2': 0.92233, 'mse': 5811550.0, 'rmse': 2410.71558, 'wmape': 0.1216, 'spearmanr': 0.95982, 'mae_norm': 0.20328, 'r2_norm': 0.92233, 'mse_norm': 0.08907, 'rmse_norm': 0.29844, 'wmape_norm': 0.23951, 'spearmanr_norm': 0.95982, 'mae_real': 1642.02954, 'r2_real': 0.92233, 'mse_real': 5811550.0, 'rmse_real': 2410.71558, 'wmape_real': 0.1216, 'spearmanr_real': 0.95982, 'loss_sup': 0.4778922005779128, 'loss_data': 0.4778922005779128, 'loss_con': 1.3205671780013273, 'lambda_con': 0.0, 'rho_terminal_abs_mean': 7132.531052468365, 'rho_terminal_abs_max': 33764.906746849236, 'loss_old': 0.18738439016455558, 'loss_new': 0.2905078080270388, 'lambda_new_current': 1.0}
> Epoch 7: took 2.4s (avg 2.6s) | Best so far: epoch 6	train_loss: 0.5160	val_loss: 0.4730	test_loss: 0.4714	val_rmse_norm: 0.2951
train: {'epoch': 8, 'time_epoch': 1.42119, 'eta': 298.07019, 'eta_hours': 0.0828, 'loss': 0.49115306, 'lr': 0.0008, 'params': 332673, 'time_iter': 0.01895, 'mae': 1669.51868, 'r2': 0.92019, 'mse': 5952782.5, 'rmse': 2439.83252, 'wmape': 0.12369, 'spearmanr': 0.95761, 'mae_norm': 0.20668, 'r2_norm': 0.92019, 'mse_norm': 0.09123, 'rmse_norm': 0.30204, 'wmape_norm': 0.24387, 'spearmanr_norm': 0.95761, 'mae_real': 1669.51868, 'r2_real': 0.92019, 'mse_real': 5952782.5, 'rmse_real': 2439.83252, 'wmape_real': 0.12369, 'spearmanr_real': 0.95761, 'loss_sup': 0.49115306089607175, 'loss_data': 0.49115306089607175, 'loss_con': 1.2896823837397433, 'lambda_con': 0.0, 'rho_terminal_abs_mean': 7041.904568452055, 'rho_terminal_abs_max': 34558.698603898716, 'loss_old': 0.18937513173302484, 'loss_new': 0.3017779285675228, 'lambda_new_current': 1.0}
val: {'epoch': 8, 'time_epoch': 0.26955, 'loss': 0.46126253, 'lr': 0, 'params': 332673, 'time_iter': 0.01078, 'mae': 1556.50977, 'r2': 0.92716, 'mse': 5458753.0, 'rmse': 2336.39746, 'wmape': 0.11521, 'spearmanr': 0.96073, 'mae_norm': 0.19269, 'r2_norm': 0.92716, 'mse_norm': 0.08366, 'rmse_norm': 0.28924, 'wmape_norm': 0.2271, 'spearmanr_norm': 0.96073, 'mae_real': 1556.50977, 'r2_real': 0.92716, 'mse_real': 5458753.0, 'rmse_real': 2336.39746, 'wmape_real': 0.11521, 'spearmanr_real': 0.96073, 'loss_sup': 0.46126253278206275, 'loss_data': 0.46126253278206275, 'loss_con': 1.2725185851975231, 'lambda_con': 0.0, 'rho_terminal_abs_mean': 7036.272825041089, 'rho_terminal_abs_max': 33030.00476269927, 'loss_old': 0.17585399085845288, 'loss_new': 0.2854085437136535, 'lambda_new_current': 1.0}
test: {'epoch': 8, 'time_epoch': 0.27034, 'loss': 0.4596478, 'lr': 0, 'params': 332673, 'time_iter': 0.01081, 'mae': 1557.71436, 'r2': 0.92736, 'mse': 5434996.0, 'rmse': 2331.30786, 'wmape': 0.11536, 'spearmanr': 0.96123, 'mae_norm': 0.19284, 'r2_norm': 0.92736, 'mse_norm': 0.08329, 'rmse_norm': 0.28861, 'wmape_norm': 0.22721, 'spearmanr_norm': 0.96123, 'mae_real': 1557.71436, 'r2_real': 0.92736, 'mse_real': 5434996.0, 'rmse_real': 2331.30786, 'wmape_real': 0.11536, 'spearmanr_real': 0.96123, 'loss_sup': 0.4596478022456167, 'loss_data': 0.4596478022456167, 'loss_con': 1.2632715164720845, 'lambda_con': 0.0, 'rho_terminal_abs_mean': 6995.665332374541, 'rho_terminal_abs_max': 32695.21501500348, 'loss_old': 0.1763578444966259, 'loss_new': 0.28328995476638885, 'lambda_new_current': 1.0}
> Epoch 8: took 2.4s (avg 2.6s) | Best so far: epoch 8	train_loss: 0.4912	val_loss: 0.4613	test_loss: 0.4596	val_rmse_norm: 0.2892
train: {'epoch': 9, 'time_epoch': 1.42142, 'eta': 293.86559, 'eta_hours': 0.08163, 'loss': 0.47962123, 'lr': 0.0009, 'params': 332673, 'time_iter': 0.01895, 'mae': 1624.75366, 'r2': 0.92326, 'mse': 5723907.0, 'rmse': 2392.46875, 'wmape': 0.12037, 'spearmanr': 0.95914, 'mae_norm': 0.20114, 'r2_norm': 0.92326, 'mse_norm': 0.08772, 'rmse_norm': 0.29618, 'wmape_norm': 0.23733, 'spearmanr_norm': 0.95914, 'mae_real': 1624.75366, 'r2_real': 0.92326, 'mse_real': 5723907.0, 'rmse_real': 2392.46875, 'wmape_real': 0.12037, 'spearmanr_real': 0.95914, 'loss_sup': 0.4796212282959212, 'loss_data': 0.4796212282959212, 'loss_con': 1.2965586606375004, 'lambda_con': 0.0, 'rho_terminal_abs_mean': 7055.907673558974, 'rho_terminal_abs_max': 34880.07147110904, 'loss_old': 0.18392690668488612, 'loss_new': 0.2956943214151745, 'lambda_new_current': 1.0}
val: {'epoch': 9, 'time_epoch': 0.26982, 'loss': 0.46483239, 'lr': 0, 'params': 332673, 'time_iter': 0.01079, 'mae': 1560.6615, 'r2': 0.9262, 'mse': 5530541.0, 'rmse': 2351.71021, 'wmape': 0.11551, 'spearmanr': 0.9607, 'mae_norm': 0.1932, 'r2_norm': 0.9262, 'mse_norm': 0.08476, 'rmse_norm': 0.29113, 'wmape_norm': 0.2277, 'spearmanr_norm': 0.9607, 'mae_real': 1560.6615, 'r2_real': 0.9262, 'mse_real': 5530541.0, 'rmse_real': 2351.71021, 'wmape_real': 0.11551, 'spearmanr_real': 0.9607, 'loss_sup': 0.4648323939400375, 'loss_data': 0.4648323939400375, 'loss_con': 1.4827466190942686, 'lambda_con': 0.0, 'rho_terminal_abs_mean': 7512.105380144257, 'rho_terminal_abs_max': 36674.029272153144, 'loss_old': 0.17580369534646936, 'loss_new': 0.2890286991869841, 'lambda_new_current': 1.0}
test: {'epoch': 9, 'time_epoch': 0.26902, 'loss': 0.46239275, 'lr': 0, 'params': 332673, 'time_iter': 0.01076, 'mae': 1560.58508, 'r2': 0.92659, 'mse': 5492726.5, 'rmse': 2343.65674, 'wmape': 0.11557, 'spearmanr': 0.96122, 'mae_norm': 0.19319, 'r2_norm': 0.92659, 'mse_norm': 0.08418, 'rmse_norm': 0.29014, 'wmape_norm': 0.22763, 'spearmanr_norm': 0.96122, 'mae_real': 1560.58508, 'r2_real': 0.92659, 'mse_real': 5492726.5, 'rmse_real': 2343.65674, 'wmape_real': 0.11557, 'spearmanr_real': 0.96122, 'loss_sup': 0.46239274547926756, 'loss_data': 0.46239274547926756, 'loss_con': 1.4710443268118398, 'lambda_con': 0.0, 'rho_terminal_abs_mean': 7468.538396377342, 'rho_terminal_abs_max': 36132.19323751465, 'loss_old': 0.1762610379171916, 'loss_new': 0.28613170637767826, 'lambda_new_current': 1.0}
> Epoch 9: took 2.4s (avg 2.6s) | Best so far: epoch 8	train_loss: 0.4912	val_loss: 0.4613	test_loss: 0.4596	val_rmse_norm: 0.2892
train: {'epoch': 10, 'time_epoch': 1.42424, 'eta': 290.21547, 'eta_hours': 0.08062, 'loss': 0.47689581, 'lr': 0.001, 'params': 332673, 'time_iter': 0.01899, 'mae': 1614.42065, 'r2': 0.92419, 'mse': 5654638.0, 'rmse': 2377.94824, 'wmape': 0.11961, 'spearmanr': 0.95963, 'mae_norm': 0.19986, 'r2_norm': 0.92419, 'mse_norm': 0.08666, 'rmse_norm': 0.29438, 'wmape_norm': 0.23582, 'spearmanr_norm': 0.95963, 'mae_real': 1614.42065, 'r2_real': 0.92419, 'mse_real': 5654638.0, 'rmse_real': 2377.94824, 'wmape_real': 0.11961, 'spearmanr_real': 0.95963, 'loss_sup': 0.4768958129917417, 'loss_data': 0.4768958129917417, 'loss_con': 1.2829739465660048, 'lambda_con': 0.0, 'rho_terminal_abs_mean': 7033.405331383077, 'rho_terminal_abs_max': 33847.1315016559, 'loss_old': 0.18268632498738308, 'loss_new': 0.294209489197299, 'lambda_new_current': 1.0}
val: {'epoch': 10, 'time_epoch': 0.27013, 'loss': 0.46054338, 'lr': 0, 'params': 332673, 'time_iter': 0.01081, 'mae': 1545.3147, 'r2': 0.93053, 'mse': 5206126.0, 'rmse': 2281.6936, 'wmape': 0.11438, 'spearmanr': 0.96237, 'mae_norm': 0.1913, 'r2_norm': 0.93053, 'mse_norm': 0.07979, 'rmse_norm': 0.28247, 'wmape_norm': 0.22546, 'spearmanr_norm': 0.96237, 'mae_real': 1545.3147, 'r2_real': 0.93053, 'mse_real': 5206126.0, 'rmse_real': 2281.6936, 'wmape_real': 0.11438, 'spearmanr_real': 0.96237, 'loss_sup': 0.46054338466334527, 'loss_data': 0.46054338466334527, 'loss_con': 1.2149324886091946, 'lambda_con': 0.0, 'rho_terminal_abs_mean': 6881.625478821438, 'rho_terminal_abs_max': 32293.728804690018, 'loss_old': 0.17401201076745787, 'loss_new': 0.28653137627847347, 'lambda_new_current': 1.0}
test: {'epoch': 10, 'time_epoch': 0.27076, 'loss': 0.45859765, 'lr': 0, 'params': 332673, 'time_iter': 0.01083, 'mae': 1546.75, 'r2': 0.93077, 'mse': 5180418.5, 'rmse': 2276.05322, 'wmape': 0.11455, 'spearmanr': 0.96284, 'mae_norm': 0.19148, 'r2_norm': 0.93077, 'mse_norm': 0.07939, 'rmse_norm': 0.28177, 'wmape_norm': 0.22561, 'spearmanr_norm': 0.96284, 'mae_real': 1546.75, 'r2_real': 0.93077, 'mse_real': 5180418.5, 'rmse_real': 2276.05322, 'wmape_real': 0.11455, 'spearmanr_real': 0.96284, 'loss_sup': 0.45859764607853987, 'loss_data': 0.45859764607853987, 'loss_con': 1.2033873726665052, 'lambda_con': 0.0, 'rho_terminal_abs_mean': 6833.503852835458, 'rho_terminal_abs_max': 32162.518262861013, 'loss_old': 0.17463119891928264, 'loss_new': 0.28396644775535357, 'lambda_new_current': 1.0}
> Epoch 10: took 2.4s (avg 2.6s) | Best so far: epoch 10	train_loss: 0.4769	val_loss: 0.4605	test_loss: 0.4586	val_rmse_norm: 0.2825
train: {'epoch': 11, 'time_epoch': 1.4203, 'eta': 286.87457, 'eta_hours': 0.07969, 'loss': 0.467518, 'lr': 0.00099993, 'params': 332673, 'time_iter': 0.01894, 'mae': 1581.87085, 'r2': 0.92663, 'mse': 5472413.0, 'rmse': 2339.31885, 'wmape': 0.11719, 'spearmanr': 0.96089, 'mae_norm': 0.19583, 'r2_norm': 0.92663, 'mse_norm': 0.08387, 'rmse_norm': 0.2896, 'wmape_norm': 0.23107, 'spearmanr_norm': 0.96089, 'mae_real': 1581.87085, 'r2_real': 0.92663, 'mse_real': 5472413.0, 'rmse_real': 2339.31885, 'wmape_real': 0.11719, 'spearmanr_real': 0.96089, 'loss_sup': 0.46751800495345086, 'loss_data': 0.46751800495345086, 'loss_con': 1.293741837759216, 'lambda_con': 0.0, 'rho_terminal_abs_mean': 7058.028559083024, 'rho_terminal_abs_max': 34118.64605824166, 'loss_old': 0.1789498995293227, 'loss_new': 0.28856810761209, 'lambda_new_current': 1.0}
val: {'epoch': 11, 'time_epoch': 0.27196, 'loss': 0.45924254, 'lr': 0, 'params': 332673, 'time_iter': 0.01088, 'mae': 1551.48718, 'r2': 0.92997, 'mse': 5247632.0, 'rmse': 2290.771, 'wmape': 0.11483, 'spearmanr': 0.96243, 'mae_norm': 0.19207, 'r2_norm': 0.92997, 'mse_norm': 0.08042, 'rmse_norm': 0.28359, 'wmape_norm': 0.22636, 'spearmanr_norm': 0.96243, 'mae_real': 1551.48718, 'r2_real': 0.92997, 'mse_real': 5247632.0, 'rmse_real': 2290.771, 'wmape_real': 0.11483, 'spearmanr_real': 0.96243, 'loss_sup': 0.4592425388376458, 'loss_data': 0.4592425388376458, 'loss_con': 1.2794358046113967, 'lambda_con': 0.0, 'rho_terminal_abs_mean': 6978.401433999081, 'rho_terminal_abs_max': 34592.417636031234, 'loss_old': 0.1754043133192414, 'loss_new': 0.2838382219451805, 'lambda_new_current': 1.0}
test: {'epoch': 11, 'time_epoch': 0.26962, 'loss': 0.45692978, 'lr': 0, 'params': 332673, 'time_iter': 0.01078, 'mae': 1552.72693, 'r2': 0.93013, 'mse': 5227692.0, 'rmse': 2286.41455, 'wmape': 0.11499, 'spearmanr': 0.96296, 'mae_norm': 0.19222, 'r2_norm': 0.93013, 'mse_norm': 0.08012, 'rmse_norm': 0.28305, 'wmape_norm': 0.22649, 'spearmanr_norm': 0.96296, 'mae_real': 1552.72693, 'r2_real': 0.93013, 'mse_real': 5227692.0, 'rmse_real': 2286.41455, 'wmape_real': 0.11499, 'spearmanr_real': 0.96296, 'loss_sup': 0.45692977647091826, 'loss_data': 0.45692977647091826, 'loss_con': 1.269000859002739, 'lambda_con': 0.0, 'rho_terminal_abs_mean': 6934.181675068593, 'rho_terminal_abs_max': 34209.96281537875, 'loss_old': 0.1760721360960388, 'loss_new': 0.2808576391795688, 'lambda_new_current': 1.0}
> Epoch 11: took 2.4s (avg 2.6s) | Best so far: epoch 10	train_loss: 0.4769	val_loss: 0.4605	test_loss: 0.4586	val_rmse_norm: 0.2825
train: {'epoch': 12, 'time_epoch': 1.42034, 'eta': 283.82984, 'eta_hours': 0.07884, 'loss': 0.46638186, 'lr': 0.00099973, 'params': 332673, 'time_iter': 0.01894, 'mae': 1579.06531, 'r2': 0.927, 'mse': 5444989.5, 'rmse': 2333.4502, 'wmape': 0.11699, 'spearmanr': 0.96119, 'mae_norm': 0.19548, 'r2_norm': 0.927, 'mse_norm': 0.08345, 'rmse_norm': 0.28887, 'wmape_norm': 0.23066, 'spearmanr_norm': 0.96119, 'mae_real': 1579.06531, 'r2_real': 0.927, 'mse_real': 5444989.5, 'rmse_real': 2333.4502, 'wmape_real': 0.11699, 'spearmanr_real': 0.96119, 'loss_sup': 0.46638185942314125, 'loss_data': 0.46638185942314125, 'loss_con': 1.2860708614882321, 'lambda_con': 0.0, 'rho_terminal_abs_mean': 7049.309493180498, 'rho_terminal_abs_max': 34232.09838825423, 'loss_old': 0.17870167837295117, 'loss_new': 0.2876801786634568, 'lambda_new_current': 1.0}
val: {'epoch': 12, 'time_epoch': 0.27047, 'loss': 0.45723193, 'lr': 0, 'params': 332673, 'time_iter': 0.01082, 'mae': 1554.4906, 'r2': 0.92883, 'mse': 5332951.0, 'rmse': 2309.31836, 'wmape': 0.11506, 'spearmanr': 0.96285, 'mae_norm': 0.19244, 'r2_norm': 0.92883, 'mse_norm': 0.08173, 'rmse_norm': 0.28589, 'wmape_norm': 0.2268, 'spearmanr_norm': 0.96285, 'mae_real': 1554.4906, 'r2_real': 0.92883, 'mse_real': 5332951.0, 'rmse_real': 2309.31836, 'wmape_real': 0.11506, 'spearmanr_real': 0.96285, 'loss_sup': 0.4572319255172661, 'loss_data': 0.4572319255172661, 'loss_con': 1.2027385569581517, 'lambda_con': 0.0, 'rho_terminal_abs_mean': 6840.301968567779, 'rho_terminal_abs_max': 32328.183945498793, 'loss_old': 0.1763887215962229, 'loss_new': 0.28084319914819683, 'lambda_new_current': 1.0}
test: {'epoch': 12, 'time_epoch': 0.2698, 'loss': 0.45515584, 'lr': 0, 'params': 332673, 'time_iter': 0.01079, 'mae': 1555.32312, 'r2': 0.929, 'mse': 5312386.0, 'rmse': 2304.86133, 'wmape': 0.11518, 'spearmanr': 0.96338, 'mae_norm': 0.19254, 'r2_norm': 0.929, 'mse_norm': 0.08142, 'rmse_norm': 0.28533, 'wmape_norm': 0.22686, 'spearmanr_norm': 0.96338, 'mae_real': 1555.32312, 'r2_real': 0.929, 'mse_real': 5312386.0, 'rmse_real': 2304.86133, 'wmape_real': 0.11518, 'spearmanr_real': 0.96338, 'loss_sup': 0.4551558381376292, 'loss_data': 0.4551558381376292, 'loss_con': 1.1919971351232814, 'lambda_con': 0.0, 'rho_terminal_abs_mean': 6798.41757900162, 'rho_terminal_abs_max': 32053.781511310313, 'loss_old': 0.17693073704443704, 'loss_new': 0.27822509871067763, 'lambda_new_current': 1.0}
> Epoch 12: took 2.4s (avg 2.5s) | Best so far: epoch 10	train_loss: 0.4769	val_loss: 0.4605	test_loss: 0.4586	val_rmse_norm: 0.2825
train: {'epoch': 13, 'time_epoch': 1.42019, 'eta': 281.01509, 'eta_hours': 0.07806, 'loss': 0.45766118, 'lr': 0.00099938, 'params': 332673, 'time_iter': 0.01894, 'mae': 1545.69543, 'r2': 0.92927, 'mse': 5275472.0, 'rmse': 2296.8396, 'wmape': 0.11451, 'spearmanr': 0.96226, 'mae_norm': 0.19135, 'r2_norm': 0.92927, 'mse_norm': 0.08085, 'rmse_norm': 0.28434, 'wmape_norm': 0.22578, 'spearmanr_norm': 0.96226, 'mae_real': 1545.69543, 'r2_real': 0.92927, 'mse_real': 5275472.0, 'rmse_real': 2296.8396, 'wmape_real': 0.11451, 'spearmanr_real': 0.96226, 'loss_sup': 0.45766118281448603, 'loss_data': 0.45766118281448603, 'loss_con': 1.2870410025131258, 'lambda_con': 0.0, 'rho_terminal_abs_mean': 7047.514303096168, 'rho_terminal_abs_max': 34553.861649652434, 'loss_old': 0.17467074829001952, 'loss_new': 0.28299043551697206, 'lambda_new_current': 1.0}
val: {'epoch': 13, 'time_epoch': 0.27309, 'loss': 0.45012198, 'lr': 0, 'params': 332673, 'time_iter': 0.01092, 'mae': 1504.18823, 'r2': 0.93032, 'mse': 5221460.5, 'rmse': 2285.05151, 'wmape': 0.11133, 'spearmanr': 0.96347, 'mae_norm': 0.18621, 'r2_norm': 0.93032, 'mse_norm': 0.08002, 'rmse_norm': 0.28288, 'wmape_norm': 0.21946, 'spearmanr_norm': 0.96347, 'mae_real': 1504.18823, 'r2_real': 0.93032, 'mse_real': 5221460.5, 'rmse_real': 2285.05151, 'wmape_real': 0.11133, 'spearmanr_real': 0.96347, 'loss_sup': 0.45012198177683294, 'loss_data': 0.45012198177683294, 'loss_con': 1.3759047428000872, 'lambda_con': 0.0, 'rho_terminal_abs_mean': 7331.548323628975, 'rho_terminal_abs_max': 34665.10130339071, 'loss_old': 0.168972666784264, 'loss_new': 0.281149315585049, 'lambda_new_current': 1.0}
test: {'epoch': 13, 'time_epoch': 0.26986, 'loss': 0.44874287, 'lr': 0, 'params': 332673, 'time_iter': 0.01079, 'mae': 1508.40698, 'r2': 0.93045, 'mse': 5204431.0, 'rmse': 2281.32227, 'wmape': 0.11171, 'spearmanr': 0.96389, 'mae_norm': 0.18674, 'r2_norm': 0.93045, 'mse_norm': 0.07976, 'rmse_norm': 0.28242, 'wmape_norm': 0.22002, 'spearmanr_norm': 0.96389, 'mae_real': 1508.40698, 'r2_real': 0.93045, 'mse_real': 5204431.0, 'rmse_real': 2281.32227, 'wmape_real': 0.11171, 'spearmanr_real': 0.96389, 'loss_sup': 0.44874287285846853, 'loss_data': 0.44874287285846853, 'loss_con': 1.3644591625181137, 'lambda_con': 0.0, 'rho_terminal_abs_mean': 7286.8347271599905, 'rho_terminal_abs_max': 34310.614443063285, 'loss_old': 0.16996501882081103, 'loss_new': 0.27877785403990246, 'lambda_new_current': 1.0}
> Epoch 13: took 2.4s (avg 2.5s) | Best so far: epoch 10	train_loss: 0.4769	val_loss: 0.4605	test_loss: 0.4586	val_rmse_norm: 0.2825
train: {'epoch': 14, 'time_epoch': 1.4213, 'eta': 278.39999, 'eta_hours': 0.07733, 'loss': 0.45873781, 'lr': 0.00099891, 'params': 332673, 'time_iter': 0.01895, 'mae': 1550.68127, 'r2': 0.92909, 'mse': 5288580.5, 'rmse': 2299.69141, 'wmape': 0.11488, 'spearmanr': 0.96227, 'mae_norm': 0.19197, 'r2_norm': 0.92909, 'mse_norm': 0.08105, 'rmse_norm': 0.28469, 'wmape_norm': 0.22651, 'spearmanr_norm': 0.96227, 'mae_real': 1550.68127, 'r2_real': 0.92909, 'mse_real': 5288580.5, 'rmse_real': 2299.69141, 'wmape_real': 0.11488, 'spearmanr_real': 0.96227, 'loss_sup': 0.4587378098630213, 'loss_data': 0.4587378098630213, 'loss_con': 1.2930591378425578, 'lambda_con': 0.0, 'rho_terminal_abs_mean': 7065.925420525326, 'rho_terminal_abs_max': 34010.17978284551, 'loss_old': 0.1753230222144998, 'loss_new': 0.28341478546394877, 'lambda_new_current': 1.0}
val: {'epoch': 14, 'time_epoch': 0.27048, 'loss': 0.44650652, 'lr': 0, 'params': 332673, 'time_iter': 0.01082, 'mae': 1499.55042, 'r2': 0.93302, 'mse': 5019667.0, 'rmse': 2240.46143, 'wmape': 0.11099, 'spearmanr': 0.96419, 'mae_norm': 0.18564, 'r2_norm': 0.93302, 'mse_norm': 0.07693, 'rmse_norm': 0.27736, 'wmape_norm': 0.21879, 'spearmanr_norm': 0.96419, 'mae_real': 1499.55042, 'r2_real': 0.93302, 'mse_real': 5019667.0, 'rmse_real': 2240.46143, 'wmape_real': 0.11099, 'spearmanr_real': 0.96419, 'loss_sup': 0.4465065187833517, 'loss_data': 0.4465065187833517, 'loss_con': 1.2470813910290874, 'lambda_con': 0.0, 'rho_terminal_abs_mean': 6995.1042257916815, 'rho_terminal_abs_max': 32941.73347337589, 'loss_old': 0.1689467540019927, 'loss_new': 0.2775597612131888, 'lambda_new_current': 1.0}
test: {'epoch': 14, 'time_epoch': 0.27038, 'loss': 0.44466369, 'lr': 0, 'params': 332673, 'time_iter': 0.01082, 'mae': 1501.1947, 'r2': 0.93314, 'mse': 5002529.0, 'rmse': 2236.6333, 'wmape': 0.11117, 'spearmanr': 0.96465, 'mae_norm': 0.18584, 'r2_norm': 0.93314, 'mse_norm': 0.07667, 'rmse_norm': 0.27689, 'wmape_norm': 0.21897, 'spearmanr_norm': 0.96465, 'mae_real': 1501.1947, 'r2_real': 0.93314, 'mse_real': 5002529.0, 'rmse_real': 2236.6333, 'wmape_real': 0.11117, 'spearmanr_real': 0.96465, 'loss_sup': 0.4446636863887374, 'loss_data': 0.4446636863887374, 'loss_con': 1.2379108503422533, 'lambda_con': 0.0, 'rho_terminal_abs_mean': 6955.067554738258, 'rho_terminal_abs_max': 32691.460469994025, 'loss_old': 0.169583359662204, 'loss_new': 0.2750803273200729, 'lambda_new_current': 1.0}
> Epoch 14: took 2.4s (avg 2.5s) | Best so far: epoch 14	train_loss: 0.4587	val_loss: 0.4465	test_loss: 0.4447	val_rmse_norm: 0.2774
train: {'epoch': 15, 'time_epoch': 1.44217, 'eta': 276.17413, 'eta_hours': 0.07672, 'loss': 0.45359008, 'lr': 0.00099829, 'params': 332673, 'time_iter': 0.01923, 'mae': 1533.30127, 'r2': 0.93037, 'mse': 5193358.0, 'rmse': 2278.89404, 'wmape': 0.1136, 'spearmanr': 0.96284, 'mae_norm': 0.18982, 'r2_norm': 0.93037, 'mse_norm': 0.07959, 'rmse_norm': 0.28212, 'wmape_norm': 0.22397, 'spearmanr_norm': 0.96284, 'mae_real': 1533.30127, 'r2_real': 0.93037, 'mse_real': 5193358.0, 'rmse_real': 2278.89404, 'wmape_real': 0.1136, 'spearmanr_real': 0.96284, 'loss_sup': 0.4535900772869068, 'loss_data': 0.4535900772869068, 'loss_con': 1.2825511662628426, 'lambda_con': 0.0, 'rho_terminal_abs_mean': 7045.878609121023, 'rho_terminal_abs_max': 34590.721006532265, 'loss_old': 0.17336317890956746, 'loss_new': 0.280226899374835, 'lambda_new_current': 1.0}
val: {'epoch': 15, 'time_epoch': 0.27518, 'loss': 0.44305702, 'lr': 0, 'params': 332673, 'time_iter': 0.01101, 'mae': 1483.93555, 'r2': 0.93337, 'mse': 4992773.5, 'rmse': 2234.45142, 'wmape': 0.10983, 'spearmanr': 0.96424, 'mae_norm': 0.18371, 'r2_norm': 0.93337, 'mse_norm': 0.07652, 'rmse_norm': 0.27662, 'wmape_norm': 0.21651, 'spearmanr_norm': 0.96424, 'mae_real': 1483.93555, 'r2_real': 0.93337, 'mse_real': 4992773.5, 'rmse_real': 2234.45142, 'wmape_real': 0.10983, 'spearmanr_real': 0.96424, 'loss_sup': 0.4430570152824684, 'loss_data': 0.4430570152824684, 'loss_con': 1.3926609080502725, 'lambda_con': 0.0, 'rho_terminal_abs_mean': 7342.650707171927, 'rho_terminal_abs_max': 35509.55318874854, 'loss_old': 0.1669202178155251, 'loss_new': 0.2761367986597649, 'lambda_new_current': 1.0}
test: {'epoch': 15, 'time_epoch': 0.27262, 'loss': 0.44174336, 'lr': 0, 'params': 332673, 'time_iter': 0.0109, 'mae': 1486.41736, 'r2': 0.93354, 'mse': 4972731.0, 'rmse': 2229.96216, 'wmape': 0.11008, 'spearmanr': 0.96472, 'mae_norm': 0.18401, 'r2_norm': 0.93354, 'mse_norm': 0.07621, 'rmse_norm': 0.27606, 'wmape_norm': 0.21681, 'spearmanr_norm': 0.96472, 'mae_real': 1486.41736, 'r2_real': 0.93354, 'mse_real': 4972731.0, 'rmse_real': 2229.96216, 'wmape_real': 0.11008, 'spearmanr_real': 0.96472, 'loss_sup': 0.44174336374762596, 'loss_data': 0.44174336374762596, 'loss_con': 1.3796272523000424, 'lambda_con': 0.0, 'rho_terminal_abs_mean': 7296.752581753265, 'rho_terminal_abs_max': 35243.05751071397, 'loss_old': 0.16758990415162914, 'loss_new': 0.2741534590012724, 'lambda_new_current': 1.0}
> Epoch 15: took 2.4s (avg 2.5s) | Best so far: epoch 15	train_loss: 0.4536	val_loss: 0.4431	test_loss: 0.4417	val_rmse_norm: 0.2766
train: {'epoch': 16, 'time_epoch': 1.43302, 'eta': 273.94194, 'eta_hours': 0.07609, 'loss': 0.4511994, 'lr': 0.00099754, 'params': 332673, 'time_iter': 0.01911, 'mae': 1524.61426, 'r2': 0.93112, 'mse': 5137839.5, 'rmse': 2266.68018, 'wmape': 0.11295, 'spearmanr': 0.96321, 'mae_norm': 0.18874, 'r2_norm': 0.93112, 'mse_norm': 0.07874, 'rmse_norm': 0.28061, 'wmape_norm': 0.2227, 'spearmanr_norm': 0.96321, 'mae_real': 1524.61426, 'r2_real': 0.93112, 'mse_real': 5137839.5, 'rmse_real': 2266.68018, 'wmape_real': 0.11295, 'spearmanr_real': 0.96321, 'loss_sup': 0.4511993960671726, 'loss_data': 0.4511993960671726, 'loss_con': 1.283723023852762, 'lambda_con': 0.0, 'rho_terminal_abs_mean': 7049.652566773363, 'rho_terminal_abs_max': 34241.956329956585, 'loss_old': 0.17233782461011446, 'loss_new': 0.2788615724479212, 'lambda_new_current': 1.0}
val: {'epoch': 16, 'time_epoch': 0.27014, 'loss': 0.44062243, 'lr': 0, 'params': 332673, 'time_iter': 0.01081, 'mae': 1479.54016, 'r2': 0.93466, 'mse': 4896152.5, 'rmse': 2212.7251, 'wmape': 0.10951, 'spearmanr': 0.9646, 'mae_norm': 0.18316, 'r2_norm': 0.93466, 'mse_norm': 0.07504, 'rmse_norm': 0.27393, 'wmape_norm': 0.21587, 'spearmanr_norm': 0.9646, 'mae_real': 1479.54016, 'r2_real': 0.93466, 'mse_real': 4896152.5, 'rmse_real': 2212.7251, 'wmape_real': 0.10951, 'spearmanr_real': 0.9646, 'loss_sup': 0.44062243146912117, 'loss_data': 0.44062243146912117, 'loss_con': 1.174196691876915, 'lambda_con': 0.0, 'rho_terminal_abs_mean': 6771.405889100112, 'rho_terminal_abs_max': 31864.86128995046, 'loss_old': 0.16667784585651538, 'loss_new': 0.27394458502212227, 'lambda_new_current': 1.0}
test: {'epoch': 16, 'time_epoch': 0.2693, 'loss': 0.43885523, 'lr': 0, 'params': 332673, 'time_iter': 0.01077, 'mae': 1481.4552, 'r2': 0.93476, 'mse': 4881564.5, 'rmse': 2209.42627, 'wmape': 0.10971, 'spearmanr': 0.96509, 'mae_norm': 0.1834, 'r2_norm': 0.93476, 'mse_norm': 0.07481, 'rmse_norm': 0.27352, 'wmape_norm': 0.21609, 'spearmanr_norm': 0.96509, 'mae_real': 1481.4552, 'r2_real': 0.93476, 'mse_real': 4881564.5, 'rmse_real': 2209.42627, 'wmape_real': 0.10971, 'spearmanr_real': 0.96509, 'loss_sup': 0.43885523482185285, 'loss_data': 0.43885523482185285, 'loss_con': 1.165273743757747, 'lambda_con': 0.0, 'rho_terminal_abs_mean': 6733.287418791097, 'rho_terminal_abs_max': 31312.68040367989, 'loss_old': 0.16734354652786945, 'loss_new': 0.2715116877010674, 'lambda_new_current': 1.0}
> Epoch 16: took 2.4s (avg 2.5s) | Best so far: epoch 16	train_loss: 0.4512	val_loss: 0.4406	test_loss: 0.4389	val_rmse_norm: 0.2739
train: {'epoch': 17, 'time_epoch': 1.42381, 'eta': 271.70542, 'eta_hours': 0.07547, 'loss': 0.44670161, 'lr': 0.00099665, 'params': 332673, 'time_iter': 0.01898, 'mae': 1509.76184, 'r2': 0.93194, 'mse': 5076654.5, 'rmse': 2253.14331, 'wmape': 0.11185, 'spearmanr': 0.96367, 'mae_norm': 0.1869, 'r2_norm': 0.93194, 'mse_norm': 0.0778, 'rmse_norm': 0.27893, 'wmape_norm': 0.22053, 'spearmanr_norm': 0.96367, 'mae_real': 1509.76184, 'r2_real': 0.93194, 'mse_real': 5076654.5, 'rmse_real': 2253.14331, 'wmape_real': 0.11185, 'spearmanr_real': 0.96367, 'loss_sup': 0.4467016130266141, 'loss_data': 0.4467016130266141, 'loss_con': 1.2915979515009206, 'lambda_con': 0.0, 'rho_terminal_abs_mean': 7064.743364631185, 'rho_terminal_abs_max': 34744.19239444931, 'loss_old': 0.17067897826409228, 'loss_new': 0.2760226351620814, 'lambda_new_current': 1.0}
val: {'epoch': 17, 'time_epoch': 0.26968, 'loss': 0.43955298, 'lr': 0, 'params': 332673, 'time_iter': 0.01079, 'mae': 1471.14746, 'r2': 0.93537, 'mse': 4842925.5, 'rmse': 2200.66479, 'wmape': 0.10889, 'spearmanr': 0.96508, 'mae_norm': 0.18212, 'r2_norm': 0.93537, 'mse_norm': 0.07422, 'rmse_norm': 0.27243, 'wmape_norm': 0.21464, 'spearmanr_norm': 0.96508, 'mae_real': 1471.14746, 'r2_real': 0.93537, 'mse_real': 4842925.5, 'rmse_real': 2200.66479, 'wmape_real': 0.10889, 'spearmanr_real': 0.96508, 'loss_sup': 0.4395529755833337, 'loss_data': 0.4395529755833337, 'loss_con': 1.2249432926366575, 'lambda_con': 0.0, 'rho_terminal_abs_mean': 6891.724418886656, 'rho_terminal_abs_max': 32837.61477272311, 'loss_old': 0.1654128111423062, 'loss_new': 0.27414016324876744, 'lambda_new_current': 1.0}
test: {'epoch': 17, 'time_epoch': 0.2718, 'loss': 0.43758164, 'lr': 0, 'params': 332673, 'time_iter': 0.01087, 'mae': 1472.78564, 'r2': 0.93562, 'mse': 4817256.0, 'rmse': 2194.82471, 'wmape': 0.10907, 'spearmanr': 0.96558, 'mae_norm': 0.18233, 'r2_norm': 0.93562, 'mse_norm': 0.07383, 'rmse_norm': 0.27171, 'wmape_norm': 0.21482, 'spearmanr_norm': 0.96558, 'mae_real': 1472.78564, 'r2_real': 0.93562, 'mse_real': 4817256.0, 'rmse_real': 2194.82471, 'wmape_real': 0.10907, 'spearmanr_real': 0.96558, 'loss_sup': 0.43758164446324127, 'loss_data': 0.43758164446324127, 'loss_con': 1.2135849782500683, 'lambda_con': 0.0, 'rho_terminal_abs_mean': 6848.898891693209, 'rho_terminal_abs_max': 32777.35185544218, 'loss_old': 0.16607686523746026, 'loss_new': 0.2715047762380033, 'lambda_new_current': 1.0}
> Epoch 17: took 2.4s (avg 2.5s) | Best so far: epoch 17	train_loss: 0.4467	val_loss: 0.4396	test_loss: 0.4376	val_rmse_norm: 0.2724
train: {'epoch': 18, 'time_epoch': 1.42545, 'eta': 269.57009, 'eta_hours': 0.07488, 'loss': 0.44477706, 'lr': 0.00099563, 'params': 332673, 'time_iter': 0.01901, 'mae': 1504.08081, 'r2': 0.93256, 'mse': 5030011.5, 'rmse': 2242.7688, 'wmape': 0.11143, 'spearmanr': 0.96398, 'mae_norm': 0.1862, 'r2_norm': 0.93256, 'mse_norm': 0.07709, 'rmse_norm': 0.27765, 'wmape_norm': 0.2197, 'spearmanr_norm': 0.96398, 'mae_real': 1504.08081, 'r2_real': 0.93256, 'mse_real': 5030011.5, 'rmse_real': 2242.7688, 'wmape_real': 0.11143, 'spearmanr_real': 0.96398, 'loss_sup': 0.4447770583918334, 'loss_data': 0.4447770583918334, 'loss_con': 1.2889871484369577, 'lambda_con': 0.0, 'rho_terminal_abs_mean': 7065.509599434632, 'rho_terminal_abs_max': 34485.834685829206, 'loss_old': 0.17009589081857696, 'loss_new': 0.27468116717897795, 'lambda_new_current': 1.0}
val: {'epoch': 18, 'time_epoch': 0.27011, 'loss': 0.43608067, 'lr': 0, 'params': 332673, 'time_iter': 0.0108, 'mae': 1469.69324, 'r2': 0.93537, 'mse': 4843279.5, 'rmse': 2200.74512, 'wmape': 0.10878, 'spearmanr': 0.96511, 'mae_norm': 0.18194, 'r2_norm': 0.93537, 'mse_norm': 0.07423, 'rmse_norm': 0.27244, 'wmape_norm': 0.21443, 'spearmanr_norm': 0.96511, 'mae_real': 1469.69324, 'r2_real': 0.93537, 'mse_real': 4843279.5, 'rmse_real': 2200.74512, 'wmape_real': 0.10878, 'spearmanr_real': 0.96511, 'loss_sup': 0.4360806707085449, 'loss_data': 0.4360806707085449, 'loss_con': 1.18953398607981, 'lambda_con': 0.0, 'rho_terminal_abs_mean': 6841.334043419599, 'rho_terminal_abs_max': 31316.05276342298, 'loss_old': 0.1659245968160856, 'loss_new': 0.27015607568031913, 'lambda_new_current': 1.0}
test: {'epoch': 18, 'time_epoch': 0.27105, 'loss': 0.43415199, 'lr': 0, 'params': 332673, 'time_iter': 0.01084, 'mae': 1471.05615, 'r2': 0.93559, 'mse': 4819278.0, 'rmse': 2195.2854, 'wmape': 0.10894, 'spearmanr': 0.9656, 'mae_norm': 0.18211, 'r2_norm': 0.93559, 'mse_norm': 0.07386, 'rmse_norm': 0.27177, 'wmape_norm': 0.21457, 'spearmanr_norm': 0.9656, 'mae_real': 1471.05615, 'r2_real': 0.93559, 'mse_real': 4819278.0, 'rmse_real': 2195.2854, 'wmape_real': 0.10894, 'spearmanr_real': 0.9656, 'loss_sup': 0.43415199411593597, 'loss_data': 0.43415199411593597, 'loss_con': 1.1784592225520625, 'lambda_con': 0.0, 'rho_terminal_abs_mean': 6797.424607707583, 'rho_terminal_abs_max': 31200.7974629196, 'loss_old': 0.16653094006042188, 'loss_new': 0.26762105584249357, 'lambda_new_current': 1.0}
> Epoch 18: took 2.4s (avg 2.5s) | Best so far: epoch 17	train_loss: 0.4467	val_loss: 0.4396	test_loss: 0.4376	val_rmse_norm: 0.2724
train: {'epoch': 19, 'time_epoch': 1.42854, 'eta': 267.53358, 'eta_hours': 0.07431, 'loss': 0.44422369, 'lr': 0.00099447, 'params': 332673, 'time_iter': 0.01905, 'mae': 1502.00598, 'r2': 0.93275, 'mse': 5015781.0, 'rmse': 2239.59399, 'wmape': 0.11128, 'spearmanr': 0.9641, 'mae_norm': 0.18594, 'r2_norm': 0.93275, 'mse_norm': 0.07687, 'rmse_norm': 0.27725, 'wmape_norm': 0.2194, 'spearmanr_norm': 0.9641, 'mae_real': 1502.00598, 'r2_real': 0.93275, 'mse_real': 5015781.0, 'rmse_real': 2239.59399, 'wmape_real': 0.11128, 'spearmanr_real': 0.9641, 'loss_sup': 0.4442236850138227, 'loss_data': 0.4442236850138227, 'loss_con': 1.2882977356431364, 'lambda_con': 0.0, 'rho_terminal_abs_mean': 7062.864833630066, 'rho_terminal_abs_max': 34174.17242052916, 'loss_old': 0.1698535257576549, 'loss_new': 0.27437015885800126, 'lambda_new_current': 1.0}
val: {'epoch': 19, 'time_epoch': 0.27008, 'loss': 0.43294629, 'lr': 0, 'params': 332673, 'time_iter': 0.0108, 'mae': 1449.62024, 'r2': 0.93709, 'mse': 4714341.5, 'rmse': 2171.25342, 'wmape': 0.10729, 'spearmanr': 0.96613, 'mae_norm': 0.17946, 'r2_norm': 0.93709, 'mse_norm': 0.07225, 'rmse_norm': 0.26879, 'wmape_norm': 0.2115, 'spearmanr_norm': 0.96613, 'mae_real': 1449.62024, 'r2_real': 0.93709, 'mse_real': 4714341.5, 'rmse_real': 2171.25342, 'wmape_real': 0.10729, 'spearmanr_real': 0.96613, 'loss_sup': 0.4329462921971709, 'loss_data': 0.4329462921971709, 'loss_con': 1.1537821576199478, 'lambda_con': 0.0, 'rho_terminal_abs_mean': 6713.6013922233915, 'rho_terminal_abs_max': 31974.847863249568, 'loss_old': 0.16303201754598978, 'loss_new': 0.26991427406238216, 'lambda_new_current': 1.0}
test: {'epoch': 19, 'time_epoch': 0.26981, 'loss': 0.43141565, 'lr': 0, 'params': 332673, 'time_iter': 0.01079, 'mae': 1451.86487, 'r2': 0.93723, 'mse': 4696631.0, 'rmse': 2167.17114, 'wmape': 0.10752, 'spearmanr': 0.96663, 'mae_norm': 0.17974, 'r2_norm': 0.93723, 'mse_norm': 0.07198, 'rmse_norm': 0.26829, 'wmape_norm': 0.21177, 'spearmanr_norm': 0.96663, 'mae_real': 1451.86487, 'r2_real': 0.93723, 'mse_real': 4696631.0, 'rmse_real': 2167.17114, 'wmape_real': 0.10752, 'spearmanr_real': 0.96663, 'loss_sup': 0.4314156548992513, 'loss_data': 0.4314156548992513, 'loss_con': 1.141420463363678, 'lambda_con': 0.0, 'rho_terminal_abs_mean': 6668.716538987384, 'rho_terminal_abs_max': 31457.65450893114, 'loss_old': 0.16370728704275872, 'loss_new': 0.26770836725746533, 'lambda_new_current': 1.0}
> Epoch 19: took 2.4s (avg 2.5s) | Best so far: epoch 19	train_loss: 0.4442	val_loss: 0.4329	test_loss: 0.4314	val_rmse_norm: 0.2688
train: {'epoch': 20, 'time_epoch': 1.42316, 'eta': 265.50912, 'eta_hours': 0.07375, 'loss': 0.44119595, 'lr': 0.00099318, 'params': 332673, 'time_iter': 0.01898, 'mae': 1491.04419, 'r2': 0.93348, 'mse': 4961768.0, 'rmse': 2227.50269, 'wmape': 0.11046, 'spearmanr': 0.96449, 'mae_norm': 0.18459, 'r2_norm': 0.93348, 'mse_norm': 0.07604, 'rmse_norm': 0.27576, 'wmape_norm': 0.2178, 'spearmanr_norm': 0.96449, 'mae_real': 1491.04419, 'r2_real': 0.93348, 'mse_real': 4961768.0, 'rmse_real': 2227.50269, 'wmape_real': 0.11046, 'spearmanr_real': 0.96449, 'loss_sup': 0.44119595315562155, 'loss_data': 0.44119595315562155, 'loss_con': 1.2879008089685442, 'lambda_con': 0.0, 'rho_terminal_abs_mean': 7063.915157198577, 'rho_terminal_abs_max': 34093.94009254167, 'loss_old': 0.16856076177579662, 'loss_new': 0.27263519157907457, 'lambda_new_current': 1.0}
val: {'epoch': 20, 'time_epoch': 0.27073, 'loss': 0.43073749, 'lr': 0, 'params': 332673, 'time_iter': 0.01083, 'mae': 1449.41772, 'r2': 0.93627, 'mse': 4775586.0, 'rmse': 2185.31152, 'wmape': 0.10728, 'spearmanr': 0.96576, 'mae_norm': 0.17943, 'r2_norm': 0.93627, 'mse_norm': 0.07319, 'rmse_norm': 0.27053, 'wmape_norm': 0.21147, 'spearmanr_norm': 0.96576, 'mae_real': 1449.41772, 'r2_real': 0.93627, 'mse_real': 4775586.0, 'rmse_real': 2185.31152, 'wmape_real': 0.10728, 'spearmanr_real': 0.96576, 'loss_sup': 0.4307374856459427, 'loss_data': 0.4307374856459427, 'loss_con': 1.227246891938674, 'lambda_con': 0.0, 'rho_terminal_abs_mean': 6932.462300226034, 'rho_terminal_abs_max': 32259.354872301417, 'loss_old': 0.1634867925862724, 'loss_new': 0.2672506966303985, 'lambda_new_current': 1.0}
test: {'epoch': 20, 'time_epoch': 0.27058, 'loss': 0.42933914, 'lr': 0, 'params': 332673, 'time_iter': 0.01082, 'mae': 1452.23975, 'r2': 0.93649, 'mse': 4751911.5, 'rmse': 2179.88794, 'wmape': 0.10755, 'spearmanr': 0.96627, 'mae_norm': 0.17978, 'r2_norm': 0.93649, 'mse_norm': 0.07283, 'rmse_norm': 0.26986, 'wmape_norm': 0.21183, 'spearmanr_norm': 0.96627, 'mae_real': 1452.23975, 'r2_real': 0.93649, 'mse_real': 4751911.5, 'rmse_real': 2179.88794, 'wmape_real': 0.10755, 'spearmanr_real': 0.96627, 'loss_sup': 0.42933913627857867, 'loss_data': 0.42933913627857867, 'loss_con': 1.2173783155312854, 'lambda_con': 0.0, 'rho_terminal_abs_mean': 6891.606340861937, 'rho_terminal_abs_max': 32030.42671371996, 'loss_old': 0.16423681991952793, 'loss_new': 0.2651023145756258, 'lambda_new_current': 1.0}
> Epoch 20: took 2.4s (avg 2.5s) | Best so far: epoch 19	train_loss: 0.4442	val_loss: 0.4329	test_loss: 0.4314	val_rmse_norm: 0.2688
train: {'epoch': 21, 'time_epoch': 1.42712, 'eta': 263.57133, 'eta_hours': 0.07321, 'loss': 0.44177659, 'lr': 0.00099175, 'params': 332673, 'time_iter': 0.01903, 'mae': 1491.49146, 'r2': 0.93348, 'mse': 4961759.0, 'rmse': 2227.50073, 'wmape': 0.1105, 'spearmanr': 0.96449, 'mae_norm': 0.18464, 'r2_norm': 0.93348, 'mse_norm': 0.07604, 'rmse_norm': 0.27576, 'wmape_norm': 0.21786, 'spearmanr_norm': 0.96449, 'mae_real': 1491.49146, 'r2_real': 0.93348, 'mse_real': 4961759.0, 'rmse_real': 2227.50073, 'wmape_real': 0.1105, 'spearmanr_real': 0.96449, 'loss_sup': 0.44177658618366594, 'loss_data': 0.44177658618366594, 'loss_con': 1.2843550450414174, 'lambda_con': 0.0, 'rho_terminal_abs_mean': 7052.645212328892, 'rho_terminal_abs_max': 34340.92009700758, 'loss_old': 0.16851130356040664, 'loss_new': 0.27326528103749587, 'lambda_new_current': 1.0}
val: {'epoch': 21, 'time_epoch': 0.27094, 'loss': 0.42957447, 'lr': 0, 'params': 332673, 'time_iter': 0.01084, 'mae': 1443.27869, 'r2': 0.93704, 'mse': 4718016.5, 'rmse': 2172.09961, 'wmape': 0.10682, 'spearmanr': 0.96592, 'mae_norm': 0.17867, 'r2_norm': 0.93704, 'mse_norm': 0.07231, 'rmse_norm': 0.2689, 'wmape_norm': 0.21058, 'spearmanr_norm': 0.96592, 'mae_real': 1443.27869, 'r2_real': 0.93704, 'mse_real': 4718016.5, 'rmse_real': 2172.09961, 'wmape_real': 0.10682, 'spearmanr_real': 0.96592, 'loss_sup': 0.4295744696255044, 'loss_data': 0.4295744696255044, 'loss_con': 1.3759846996774185, 'lambda_con': 0.0, 'rho_terminal_abs_mean': 7275.860917822283, 'rho_terminal_abs_max': 35046.88672677254, 'loss_old': 0.16264528358437702, 'loss_new': 0.2669291884247741, 'lambda_new_current': 1.0}
test: {'epoch': 21, 'time_epoch': 0.26981, 'loss': 0.42914841, 'lr': 0, 'params': 332673, 'time_iter': 0.01079, 'mae': 1447.89587, 'r2': 0.93705, 'mse': 4710414.0, 'rmse': 2170.34888, 'wmape': 0.10723, 'spearmanr': 0.96634, 'mae_norm': 0.17924, 'r2_norm': 0.93705, 'mse_norm': 0.07219, 'rmse_norm': 0.26868, 'wmape_norm': 0.21119, 'spearmanr_norm': 0.96634, 'mae_real': 1447.89587, 'r2_real': 0.93705, 'mse_real': 4710414.0, 'rmse_real': 2170.34888, 'wmape_real': 0.10723, 'spearmanr_real': 0.96634, 'loss_sup': 0.4291484100151984, 'loss_data': 0.4291484100151984, 'loss_con': 1.3634927474572653, 'lambda_con': 0.0, 'rho_terminal_abs_mean': 7234.665414944351, 'rho_terminal_abs_max': 34757.29899509551, 'loss_old': 0.16350175229273747, 'loss_new': 0.2656466618886498, 'lambda_new_current': 1.0}
> Epoch 21: took 2.4s (avg 2.5s) | Best so far: epoch 19	train_loss: 0.4442	val_loss: 0.4329	test_loss: 0.4314	val_rmse_norm: 0.2688
train: {'epoch': 22, 'time_epoch': 1.42904, 'eta': 261.69278, 'eta_hours': 0.07269, 'loss': 0.43906347, 'lr': 0.00099019, 'params': 332673, 'time_iter': 0.01905, 'mae': 1484.2229, 'r2': 0.93402, 'mse': 4921214.5, 'rmse': 2218.3811, 'wmape': 0.10996, 'spearmanr': 0.9647, 'mae_norm': 0.18374, 'r2_norm': 0.93402, 'mse_norm': 0.07542, 'rmse_norm': 0.27463, 'wmape_norm': 0.2168, 'spearmanr_norm': 0.9647, 'mae_real': 1484.2229, 'r2_real': 0.93402, 'mse_real': 4921214.5, 'rmse_real': 2218.3811, 'wmape_real': 0.10996, 'spearmanr_real': 0.9647, 'loss_sup': 0.43906347488915637, 'loss_data': 0.43906347488915637, 'loss_con': 1.2907205289097798, 'lambda_con': 0.0, 'rho_terminal_abs_mean': 7064.67220862958, 'rho_terminal_abs_max': 34281.96778135707, 'loss_old': 0.167814596906667, 'loss_new': 0.27124887897661676, 'lambda_new_current': 1.0}
val: {'epoch': 22, 'time_epoch': 0.26969, 'loss': 0.43181439, 'lr': 0, 'params': 332673, 'time_iter': 0.01079, 'mae': 1454.90698, 'r2': 0.93628, 'mse': 4775185.5, 'rmse': 2185.21973, 'wmape': 0.10769, 'spearmanr': 0.96586, 'mae_norm': 0.18011, 'r2_norm': 0.93628, 'mse_norm': 0.07318, 'rmse_norm': 0.27052, 'wmape_norm': 0.21227, 'spearmanr_norm': 0.96586, 'mae_real': 1454.90698, 'r2_real': 0.93628, 'mse_real': 4775185.5, 'rmse_real': 2185.21973, 'wmape_real': 0.10769, 'spearmanr_real': 0.96586, 'loss_sup': 0.4318143905379123, 'loss_data': 0.4318143905379123, 'loss_con': 1.3036371149812995, 'lambda_con': 0.0, 'rho_terminal_abs_mean': 7106.123817206656, 'rho_terminal_abs_max': 33429.72764461085, 'loss_old': 0.16422865503847944, 'loss_new': 0.2675857319252106, 'lambda_new_current': 1.0}
test: {'epoch': 22, 'time_epoch': 0.2705, 'loss': 0.43108238, 'lr': 0, 'params': 332673, 'time_iter': 0.01082, 'mae': 1458.02551, 'r2': 0.93641, 'mse': 4758350.5, 'rmse': 2181.36426, 'wmape': 0.10798, 'spearmanr': 0.96629, 'mae_norm': 0.1805, 'r2_norm': 0.93641, 'mse_norm': 0.07292, 'rmse_norm': 0.27005, 'wmape_norm': 0.21267, 'spearmanr_norm': 0.96629, 'mae_real': 1458.02551, 'r2_real': 0.93641, 'mse_real': 4758350.5, 'rmse_real': 2181.36426, 'wmape_real': 0.10798, 'spearmanr_real': 0.96629, 'loss_sup': 0.4310823849950646, 'loss_data': 0.4310823849950646, 'loss_con': 1.290835162558171, 'lambda_con': 0.0, 'rho_terminal_abs_mean': 7060.381190173261, 'rho_terminal_abs_max': 32709.84447020948, 'loss_old': 0.1648835033891101, 'loss_new': 0.2661988810109183, 'lambda_new_current': 1.0}
> Epoch 22: took 2.4s (avg 2.5s) | Best so far: epoch 19	train_loss: 0.4442	val_loss: 0.4329	test_loss: 0.4314	val_rmse_norm: 0.2688
train: {'epoch': 23, 'time_epoch': 1.42464, 'eta': 259.81938, 'eta_hours': 0.07217, 'loss': 0.4378092, 'lr': 0.00098849, 'params': 332673, 'time_iter': 0.019, 'mae': 1480.55688, 'r2': 0.93441, 'mse': 4892450.5, 'rmse': 2211.88843, 'wmape': 0.10969, 'spearmanr': 0.9649, 'mae_norm': 0.18329, 'r2_norm': 0.93441, 'mse_norm': 0.07498, 'rmse_norm': 0.27382, 'wmape_norm': 0.21627, 'spearmanr_norm': 0.9649, 'mae_real': 1480.55688, 'r2_real': 0.93441, 'mse_real': 4892450.5, 'rmse_real': 2211.88843, 'wmape_real': 0.10969, 'spearmanr_real': 0.9649, 'loss_sup': 0.4378092024528865, 'loss_data': 0.4378092024528865, 'loss_con': 1.291876195253464, 'lambda_con': 0.0, 'rho_terminal_abs_mean': 7071.77861253535, 'rho_terminal_abs_max': 34243.863965780416, 'loss_old': 0.16743956707050925, 'loss_new': 0.27036963418993587, 'lambda_new_current': 1.0}
val: {'epoch': 23, 'time_epoch': 0.27065, 'loss': 0.42391815, 'lr': 0, 'params': 332673, 'time_iter': 0.01083, 'mae': 1426.36438, 'r2': 0.93793, 'mse': 4651182.5, 'rmse': 2156.65991, 'wmape': 0.10557, 'spearmanr': 0.96647, 'mae_norm': 0.17658, 'r2_norm': 0.93793, 'mse_norm': 0.07128, 'rmse_norm': 0.26699, 'wmape_norm': 0.20811, 'spearmanr_norm': 0.96647, 'mae_real': 1426.36438, 'r2_real': 0.93793, 'mse_real': 4651182.5, 'rmse_real': 2156.65991, 'wmape_real': 0.10557, 'spearmanr_real': 0.96647, 'loss_sup': 0.42391815239002356, 'loss_data': 0.42391815239002356, 'loss_con': 1.2631619440424564, 'lambda_con': 0.0, 'rho_terminal_abs_mean': 7040.3072276832845, 'rho_terminal_abs_max': 32528.183685236418, 'loss_old': 0.1608787428977894, 'loss_new': 0.2630394083032809, 'lambda_new_current': 1.0}
test: {'epoch': 23, 'time_epoch': 0.27013, 'loss': 0.42326932, 'lr': 0, 'params': 332673, 'time_iter': 0.01081, 'mae': 1429.66309, 'r2': 0.93808, 'mse': 4633171.5, 'rmse': 2152.48022, 'wmape': 0.10588, 'spearmanr': 0.96695, 'mae_norm': 0.17699, 'r2_norm': 0.93808, 'mse_norm': 0.07101, 'rmse_norm': 0.26647, 'wmape_norm': 0.20853, 'spearmanr_norm': 0.96695, 'mae_real': 1429.66309, 'r2_real': 0.93808, 'mse_real': 4633171.5, 'rmse_real': 2152.48022, 'wmape_real': 0.10588, 'spearmanr_real': 0.96695, 'loss_sup': 0.42326931767997383, 'loss_data': 0.42326931767997383, 'loss_con': 1.2498685024898681, 'lambda_con': 0.0, 'rho_terminal_abs_mean': 6993.396887103073, 'rho_terminal_abs_max': 31841.32247566226, 'loss_old': 0.1615488110085181, 'loss_new': 0.26172050786184, 'lambda_new_current': 1.0}
> Epoch 23: took 2.4s (avg 2.5s) | Best so far: epoch 23	train_loss: 0.4378	val_loss: 0.4239	test_loss: 0.4233	val_rmse_norm: 0.2670
train: {'epoch': 24, 'time_epoch': 1.42229, 'eta': 257.96543, 'eta_hours': 0.07166, 'loss': 0.43613661, 'lr': 0.00098666, 'params': 332673, 'time_iter': 0.01896, 'mae': 1474.04541, 'r2': 0.9348, 'mse': 4863322.0, 'rmse': 2205.29419, 'wmape': 0.10921, 'spearmanr': 0.9651, 'mae_norm': 0.18248, 'r2_norm': 0.9348, 'mse_norm': 0.07453, 'rmse_norm': 0.27301, 'wmape_norm': 0.21532, 'spearmanr_norm': 0.9651, 'mae_real': 1474.04541, 'r2_real': 0.9348, 'mse_real': 4863322.0, 'rmse_real': 2205.29419, 'wmape_real': 0.10921, 'spearmanr_real': 0.9651, 'loss_sup': 0.4361366084460352, 'loss_data': 0.4361366084460352, 'loss_con': 1.2893356149792752, 'lambda_con': 0.0, 'rho_terminal_abs_mean': 7067.556804080582, 'rho_terminal_abs_max': 34267.77895770159, 'loss_old': 0.16664080262639738, 'loss_new': 0.26949580502896003, 'lambda_new_current': 1.0}
val: {'epoch': 24, 'time_epoch': 0.26961, 'loss': 0.42568497, 'lr': 0, 'params': 332673, 'time_iter': 0.01078, 'mae': 1435.05591, 'r2': 0.93794, 'mse': 4650836.0, 'rmse': 2156.57959, 'wmape': 0.10622, 'spearmanr': 0.96635, 'mae_norm': 0.17765, 'r2_norm': 0.93794, 'mse_norm': 0.07128, 'rmse_norm': 0.26698, 'wmape_norm': 0.20938, 'spearmanr_norm': 0.96635, 'mae_real': 1435.05591, 'r2_real': 0.93794, 'mse_real': 4650836.0, 'rmse_real': 2156.57959, 'wmape_real': 0.10622, 'spearmanr_real': 0.96635, 'loss_sup': 0.42568497270238, 'loss_data': 0.42568497270238, 'loss_con': 1.2766975225972483, 'lambda_con': 0.0, 'rho_terminal_abs_mean': 7024.422648594647, 'rho_terminal_abs_max': 33904.73389978911, 'loss_old': 0.16203994034558575, 'loss_new': 0.2636450317653748, 'lambda_new_current': 1.0}
test: {'epoch': 24, 'time_epoch': 0.26938, 'loss': 0.42424845, 'lr': 0, 'params': 332673, 'time_iter': 0.01078, 'mae': 1437.58655, 'r2': 0.93807, 'mse': 4634036.5, 'rmse': 2152.68115, 'wmape': 0.10646, 'spearmanr': 0.96683, 'mae_norm': 0.17797, 'r2_norm': 0.93807, 'mse_norm': 0.07102, 'rmse_norm': 0.26649, 'wmape_norm': 0.20969, 'spearmanr_norm': 0.96683, 'mae_real': 1437.58655, 'r2_real': 0.93807, 'mse_real': 4634036.5, 'rmse_real': 2152.68115, 'wmape_real': 0.10646, 'spearmanr_real': 0.96683, 'loss_sup': 0.4242484546069888, 'loss_data': 0.4242484546069888, 'loss_con': 1.2631826313757577, 'lambda_con': 0.0, 'rho_terminal_abs_mean': 6976.858728659521, 'rho_terminal_abs_max': 33336.83139446856, 'loss_old': 0.16274762970107226, 'loss_new': 0.26150082848268164, 'lambda_new_current': 1.0}
> Epoch 24: took 2.4s (avg 2.5s) | Best so far: epoch 24	train_loss: 0.4361	val_loss: 0.4257	test_loss: 0.4242	val_rmse_norm: 0.2670
train: {'epoch': 25, 'time_epoch': 1.42038, 'eta': 256.13194, 'eta_hours': 0.07115, 'loss': 0.43677573, 'lr': 0.0009847, 'params': 332673, 'time_iter': 0.01894, 'mae': 1476.53992, 'r2': 0.93456, 'mse': 4880635.0, 'rmse': 2209.21582, 'wmape': 0.10939, 'spearmanr': 0.96514, 'mae_norm': 0.18279, 'r2_norm': 0.93456, 'mse_norm': 0.0748, 'rmse_norm': 0.27349, 'wmape_norm': 0.21568, 'spearmanr_norm': 0.96514, 'mae_real': 1476.53992, 'r2_real': 0.93456, 'mse_real': 4880635.0, 'rmse_real': 2209.21582, 'wmape_real': 0.10939, 'spearmanr_real': 0.96514, 'loss_sup': 0.4367757270225997, 'loss_data': 0.4367757270225997, 'loss_con': 1.3019064823711455, 'lambda_con': 0.0, 'rho_terminal_abs_mean': 7090.514790501251, 'rho_terminal_abs_max': 34624.350128153135, 'loss_old': 0.16694430732319013, 'loss_new': 0.26983141930496474, 'lambda_new_current': 1.0}
val: {'epoch': 25, 'time_epoch': 0.27189, 'loss': 0.42690978, 'lr': 0, 'params': 332673, 'time_iter': 0.01088, 'mae': 1438.74084, 'r2': 0.93767, 'mse': 4670817.5, 'rmse': 2161.20752, 'wmape': 0.10649, 'spearmanr': 0.96618, 'mae_norm': 0.17811, 'r2_norm': 0.93767, 'mse_norm': 0.07158, 'rmse_norm': 0.26755, 'wmape_norm': 0.20991, 'spearmanr_norm': 0.96618, 'mae_real': 1438.74084, 'r2_real': 0.93767, 'mse_real': 4670817.5, 'rmse_real': 2161.20752, 'wmape_real': 0.10649, 'spearmanr_real': 0.96618, 'loss_sup': 0.42690978084113607, 'loss_data': 0.42690978084113607, 'loss_con': 1.2996315357546118, 'lambda_con': 0.0, 'rho_terminal_abs_mean': 7066.749426067281, 'rho_terminal_abs_max': 34649.93421383278, 'loss_old': 0.16242777805355144, 'loss_new': 0.26448200040206615, 'lambda_new_current': 1.0}
test: {'epoch': 25, 'time_epoch': 0.26944, 'loss': 0.42532314, 'lr': 0, 'params': 332673, 'time_iter': 0.01078, 'mae': 1440.44312, 'r2': 0.93782, 'mse': 4652755.0, 'rmse': 2157.02466, 'wmape': 0.10667, 'spearmanr': 0.96671, 'mae_norm': 0.17832, 'r2_norm': 0.93782, 'mse_norm': 0.07131, 'rmse_norm': 0.26703, 'wmape_norm': 0.21011, 'spearmanr_norm': 0.96671, 'mae_real': 1440.44312, 'r2_real': 0.93782, 'mse_real': 4652755.0, 'rmse_real': 2157.02466, 'wmape_real': 0.10667, 'spearmanr_real': 0.96671, 'loss_sup': 0.4253231405986111, 'loss_data': 0.4253231405986111, 'loss_con': 1.286379545120238, 'lambda_con': 0.0, 'rho_terminal_abs_mean': 7018.565321111307, 'rho_terminal_abs_max': 34023.333588486195, 'loss_old': 0.16302068229037509, 'loss_new': 0.2623024595037961, 'lambda_new_current': 1.0}
> Epoch 25: took 2.4s (avg 2.5s) | Best so far: epoch 24	train_loss: 0.4361	val_loss: 0.4257	test_loss: 0.4242	val_rmse_norm: 0.2670
train: {'epoch': 26, 'time_epoch': 1.42431, 'eta': 254.35423, 'eta_hours': 0.07065, 'loss': 0.43452092, 'lr': 0.0009826, 'params': 332673, 'time_iter': 0.01899, 'mae': 1470.4668, 'r2': 0.93516, 'mse': 4836474.0, 'rmse': 2199.19849, 'wmape': 0.10894, 'spearmanr': 0.96529, 'mae_norm': 0.18204, 'r2_norm': 0.93516, 'mse_norm': 0.07412, 'rmse_norm': 0.27225, 'wmape_norm': 0.21479, 'spearmanr_norm': 0.96529, 'mae_real': 1470.4668, 'r2_real': 0.93516, 'mse_real': 4836474.0, 'rmse_real': 2199.19849, 'wmape_real': 0.10894, 'spearmanr_real': 0.96529, 'loss_sup': 0.4345209165054068, 'loss_data': 0.4345209165054068, 'loss_con': 1.297856223694866, 'lambda_con': 0.0, 'rho_terminal_abs_mean': 7081.349962408343, 'rho_terminal_abs_max': 35039.85931577764, 'loss_old': 0.16636525158621224, 'loss_new': 0.26815566591074375, 'lambda_new_current': 1.0}
val: {'epoch': 26, 'time_epoch': 0.27053, 'loss': 0.42429964, 'lr': 0, 'params': 332673, 'time_iter': 0.01082, 'mae': 1428.34241, 'r2': 0.93752, 'mse': 4681938.5, 'rmse': 2163.77881, 'wmape': 0.10572, 'spearmanr': 0.96612, 'mae_norm': 0.17682, 'r2_norm': 0.93752, 'mse_norm': 0.07175, 'rmse_norm': 0.26787, 'wmape_norm': 0.2084, 'spearmanr_norm': 0.96612, 'mae_real': 1428.34241, 'r2_real': 0.93752, 'mse_real': 4681938.5, 'rmse_real': 2163.77881, 'wmape_real': 0.10572, 'spearmanr_real': 0.96612, 'loss_sup': 0.42429963865923404, 'loss_data': 0.42429963865923404, 'loss_con': 1.3664981368039975, 'lambda_con': 0.0, 'rho_terminal_abs_mean': 7260.215999139126, 'rho_terminal_abs_max': 35510.645981383714, 'loss_old': 0.1611473088728212, 'loss_new': 0.26315232679999123, 'lambda_new_current': 1.0}
test: {'epoch': 26, 'time_epoch': 0.27006, 'loss': 0.42379543, 'lr': 0, 'params': 332673, 'time_iter': 0.0108, 'mae': 1431.92273, 'r2': 0.9376, 'mse': 4668699.5, 'rmse': 2160.71729, 'wmape': 0.10604, 'spearmanr': 0.96663, 'mae_norm': 0.17727, 'r2_norm': 0.9376, 'mse_norm': 0.07155, 'rmse_norm': 0.26749, 'wmape_norm': 0.20886, 'spearmanr_norm': 0.96663, 'mae_real': 1431.92273, 'r2_real': 0.9376, 'mse_real': 4668699.5, 'rmse_real': 2160.71729, 'wmape_real': 0.10604, 'spearmanr_real': 0.96663, 'loss_sup': 0.4237954346248528, 'loss_data': 0.4237954346248528, 'loss_con': 1.353666380184553, 'lambda_con': 0.0, 'rho_terminal_abs_mean': 7213.486757274268, 'rho_terminal_abs_max': 35265.767693969574, 'loss_old': 0.1618353228577911, 'loss_new': 0.26196010580884216, 'lambda_new_current': 1.0}
> Epoch 26: took 2.4s (avg 2.5s) | Best so far: epoch 24	train_loss: 0.4361	val_loss: 0.4257	test_loss: 0.4242	val_rmse_norm: 0.2670
train: {'epoch': 27, 'time_epoch': 1.42281, 'eta': 252.59251, 'eta_hours': 0.07016, 'loss': 0.43336518, 'lr': 0.00098038, 'params': 332673, 'time_iter': 0.01897, 'mae': 1466.75659, 'r2': 0.93543, 'mse': 4816364.5, 'rmse': 2194.62183, 'wmape': 0.10867, 'spearmanr': 0.9655, 'mae_norm': 0.18158, 'r2_norm': 0.93543, 'mse_norm': 0.07381, 'rmse_norm': 0.27169, 'wmape_norm': 0.21425, 'spearmanr_norm': 0.9655, 'mae_real': 1466.75659, 'r2_real': 0.93543, 'mse_real': 4816364.5, 'rmse_real': 2194.62183, 'wmape_real': 0.10867, 'spearmanr_real': 0.9655, 'loss_sup': 0.4333651808592783, 'loss_data': 0.4333651808592783, 'loss_con': 1.29631389013233, 'lambda_con': 0.0, 'rho_terminal_abs_mean': 7081.714029045405, 'rho_terminal_abs_max': 34681.47166775909, 'loss_old': 0.1659590258012225, 'loss_new': 0.26740615386553124, 'lambda_new_current': 1.0}
val: {'epoch': 27, 'time_epoch': 0.27032, 'loss': 0.43027172, 'lr': 0, 'params': 332673, 'time_iter': 0.01081, 'mae': 1441.53369, 'r2': 0.93705, 'mse': 4717517.0, 'rmse': 2171.98462, 'wmape': 0.1067, 'spearmanr': 0.96599, 'mae_norm': 0.17846, 'r2_norm': 0.93705, 'mse_norm': 0.0723, 'rmse_norm': 0.26888, 'wmape_norm': 0.21032, 'spearmanr_norm': 0.96599, 'mae_real': 1441.53369, 'r2_real': 0.93705, 'mse_real': 4717517.0, 'rmse_real': 2171.98462, 'wmape_real': 0.1067, 'spearmanr_real': 0.96599, 'loss_sup': 0.4302717164271814, 'loss_data': 0.4302717164271814, 'loss_con': 1.3128903571370074, 'lambda_con': 0.0, 'rho_terminal_abs_mean': 7165.998826335262, 'rho_terminal_abs_max': 33402.62201529553, 'loss_old': 0.1621820807769682, 'loss_new': 0.26808963565071237, 'lambda_new_current': 1.0}
test: {'epoch': 27, 'time_epoch': 0.27014, 'loss': 0.42927792, 'lr': 0, 'params': 332673, 'time_iter': 0.01081, 'mae': 1442.21777, 'r2': 0.9372, 'mse': 4699199.0, 'rmse': 2167.76367, 'wmape': 0.10681, 'spearmanr': 0.96646, 'mae_norm': 0.17854, 'r2_norm': 0.9372, 'mse_norm': 0.07202, 'rmse_norm': 0.26836, 'wmape_norm': 0.21037, 'spearmanr_norm': 0.96646, 'mae_real': 1442.21777, 'r2_real': 0.9372, 'mse_real': 4699199.0, 'rmse_real': 2167.76367, 'wmape_real': 0.10681, 'spearmanr_real': 0.96646, 'loss_sup': 0.42927791800021237, 'loss_data': 0.42927791800021237, 'loss_con': 1.3013536249705022, 'lambda_con': 0.0, 'rho_terminal_abs_mean': 7120.385169515769, 'rho_terminal_abs_max': 33207.05462644313, 'loss_old': 0.1624557659278464, 'loss_new': 0.2668221568436934, 'lambda_new_current': 1.0}
> Epoch 27: took 2.4s (avg 2.5s) | Best so far: epoch 24	train_loss: 0.4361	val_loss: 0.4257	test_loss: 0.4242	val_rmse_norm: 0.2670
train: {'epoch': 28, 'time_epoch': 1.42402, 'eta': 250.86128, 'eta_hours': 0.06968, 'loss': 0.4306326, 'lr': 0.00097802, 'params': 332673, 'time_iter': 0.01899, 'mae': 1459.05493, 'r2': 0.9361, 'mse': 4765747.0, 'rmse': 2183.05908, 'wmape': 0.10809, 'spearmanr': 0.96579, 'mae_norm': 0.18063, 'r2_norm': 0.9361, 'mse_norm': 0.07304, 'rmse_norm': 0.27025, 'wmape_norm': 0.21313, 'spearmanr_norm': 0.96579, 'mae_real': 1459.05493, 'r2_real': 0.9361, 'mse_real': 4765747.0, 'rmse_real': 2183.05908, 'wmape_real': 0.10809, 'spearmanr_real': 0.96579, 'loss_sup': 0.4306325984418779, 'loss_data': 0.4306325984418779, 'loss_con': 1.2927110086803708, 'lambda_con': 0.0, 'rho_terminal_abs_mean': 7072.667339601383, 'rho_terminal_abs_max': 34526.99467815556, 'loss_old': 0.16518609657227407, 'loss_new': 0.26544650246531515, 'lambda_new_current': 1.0}
val: {'epoch': 28, 'time_epoch': 0.2702, 'loss': 0.42338752, 'lr': 0, 'params': 332673, 'time_iter': 0.01081, 'mae': 1428.23438, 'r2': 0.93811, 'mse': 4638204.5, 'rmse': 2153.64917, 'wmape': 0.10571, 'spearmanr': 0.9663, 'mae_norm': 0.17681, 'r2_norm': 0.93811, 'mse_norm': 0.07108, 'rmse_norm': 0.26661, 'wmape_norm': 0.20838, 'spearmanr_norm': 0.9663, 'mae_real': 1428.23438, 'r2_real': 0.93811, 'mse_real': 4638204.5, 'rmse_real': 2153.64917, 'wmape_real': 0.10571, 'spearmanr_real': 0.9663, 'loss_sup': 0.42338751840404454, 'loss_data': 0.42338751840404454, 'loss_con': 1.3050849934438546, 'lambda_con': 0.0, 'rho_terminal_abs_mean': 7125.1051644331565, 'rho_terminal_abs_max': 33917.41680749322, 'loss_old': 0.1613327834375882, 'loss_new': 0.26205473795113093, 'lambda_new_current': 1.0}
test: {'epoch': 28, 'time_epoch': 0.27035, 'loss': 0.42229751, 'lr': 0, 'params': 332673, 'time_iter': 0.01081, 'mae': 1429.80042, 'r2': 0.93822, 'mse': 4622395.0, 'rmse': 2149.97559, 'wmape': 0.10589, 'spearmanr': 0.9668, 'mae_norm': 0.177, 'r2_norm': 0.93822, 'mse_norm': 0.07084, 'rmse_norm': 0.26616, 'wmape_norm': 0.20855, 'spearmanr_norm': 0.9668, 'mae_real': 1429.80042, 'r2_real': 0.93822, 'mse_real': 4622395.0, 'rmse_real': 2149.97559, 'wmape_real': 0.10589, 'spearmanr_real': 0.9668, 'loss_sup': 0.4222975130629044, 'loss_data': 0.4222975130629044, 'loss_con': 1.2913526282991254, 'lambda_con': 0.0, 'rho_terminal_abs_mean': 7075.287082949719, 'rho_terminal_abs_max': 33184.5961836924, 'loss_old': 0.16178846888412368, 'loss_new': 0.2605090465672818, 'lambda_new_current': 1.0}
> Epoch 28: took 2.4s (avg 2.5s) | Best so far: epoch 28	train_loss: 0.4306	val_loss: 0.4234	test_loss: 0.4223	val_rmse_norm: 0.2666
train: {'epoch': 29, 'time_epoch': 1.42511, 'eta': 249.15675, 'eta_hours': 0.06921, 'loss': 0.4293895, 'lr': 0.00097553, 'params': 332673, 'time_iter': 0.019, 'mae': 1456.77271, 'r2': 0.93625, 'mse': 4755127.0, 'rmse': 2180.62549, 'wmape': 0.10793, 'spearmanr': 0.96593, 'mae_norm': 0.18034, 'r2_norm': 0.93625, 'mse_norm': 0.07287, 'rmse_norm': 0.26995, 'wmape_norm': 0.21279, 'spearmanr_norm': 0.96593, 'mae_real': 1456.77271, 'r2_real': 0.93625, 'mse_real': 4755127.0, 'rmse_real': 2180.62549, 'wmape_real': 0.10793, 'spearmanr_real': 0.96593, 'loss_sup': 0.42938950177233554, 'loss_data': 0.42938950177233554, 'loss_con': 1.3025468004137777, 'lambda_con': 0.0, 'rho_terminal_abs_mean': 7096.348881917845, 'rho_terminal_abs_max': 34661.04653434405, 'loss_old': 0.16505518852398998, 'loss_new': 0.26433431423974924, 'lambda_new_current': 1.0}
val: {'epoch': 29, 'time_epoch': 0.27236, 'loss': 0.42071154, 'lr': 0, 'params': 332673, 'time_iter': 0.01089, 'mae': 1420.14294, 'r2': 0.93834, 'mse': 4620380.5, 'rmse': 2149.50708, 'wmape': 0.10511, 'spearmanr': 0.96648, 'mae_norm': 0.17581, 'r2_norm': 0.93834, 'mse_norm': 0.07081, 'rmse_norm': 0.2661, 'wmape_norm': 0.2072, 'spearmanr_norm': 0.96648, 'mae_real': 1420.14294, 'r2_real': 0.93834, 'mse_real': 4620380.5, 'rmse_real': 2149.50708, 'wmape_real': 0.10511, 'spearmanr_real': 0.96648, 'loss_sup': 0.42071153711156367, 'loss_data': 0.42071153711156367, 'loss_con': 1.3684711585122067, 'lambda_con': 0.0, 'rho_terminal_abs_mean': 7257.245106214773, 'rho_terminal_abs_max': 35470.15983435063, 'loss_old': 0.16047969606298862, 'loss_new': 0.26023184104857505, 'lambda_new_current': 1.0}
test: {'epoch': 29, 'time_epoch': 0.26969, 'loss': 0.41902961, 'lr': 0, 'params': 332673, 'time_iter': 0.01079, 'mae': 1421.15747, 'r2': 0.93859, 'mse': 4594634.5, 'rmse': 2143.50977, 'wmape': 0.10525, 'spearmanr': 0.96705, 'mae_norm': 0.17593, 'r2_norm': 0.93859, 'mse_norm': 0.07042, 'rmse_norm': 0.26536, 'wmape_norm': 0.20729, 'spearmanr_norm': 0.96705, 'mae_real': 1421.15747, 'r2_real': 0.93859, 'mse_real': 4594634.5, 'rmse_real': 2143.50977, 'wmape_real': 0.10525, 'spearmanr_real': 0.96705, 'loss_sup': 0.41902961086569346, 'loss_data': 0.41902961086569346, 'loss_con': 1.3521567581213316, 'lambda_con': 0.0, 'rho_terminal_abs_mean': 7200.057995478523, 'rho_terminal_abs_max': 34890.46604255705, 'loss_old': 0.16097010339877393, 'loss_new': 0.2580595056718957, 'lambda_new_current': 1.0}
> Epoch 29: took 2.4s (avg 2.5s) | Best so far: epoch 29	train_loss: 0.4294	val_loss: 0.4207	test_loss: 0.4190	val_rmse_norm: 0.2661
train: {'epoch': 30, 'time_epoch': 1.4236, 'eta': 247.46199, 'eta_hours': 0.06874, 'loss': 0.43035166, 'lr': 0.00097291, 'params': 332673, 'time_iter': 0.01898, 'mae': 1457.10742, 'r2': 0.93614, 'mse': 4763143.0, 'rmse': 2182.46265, 'wmape': 0.10795, 'spearmanr': 0.96592, 'mae_norm': 0.18038, 'r2_norm': 0.93614, 'mse_norm': 0.073, 'rmse_norm': 0.27018, 'wmape_norm': 0.21284, 'spearmanr_norm': 0.96592, 'mae_real': 1457.10742, 'r2_real': 0.93614, 'mse_real': 4763143.0, 'rmse_real': 2182.46265, 'wmape_real': 0.10795, 'spearmanr_real': 0.96592, 'loss_sup': 0.4303516589789997, 'loss_data': 0.4303516589789997, 'loss_con': 1.3050699406178103, 'lambda_con': 0.0, 'rho_terminal_abs_mean': 7099.779952735132, 'rho_terminal_abs_max': 34738.8158264999, 'loss_old': 0.16489998797382405, 'loss_new': 0.26545167020919586, 'lambda_new_current': 1.0}
val: {'epoch': 30, 'time_epoch': 0.26977, 'loss': 0.42610791, 'lr': 0, 'params': 332673, 'time_iter': 0.01079, 'mae': 1435.54163, 'r2': 0.93876, 'mse': 4588793.0, 'rmse': 2142.14673, 'wmape': 0.10625, 'spearmanr': 0.96703, 'mae_norm': 0.17771, 'r2_norm': 0.93876, 'mse_norm': 0.07033, 'rmse_norm': 0.26519, 'wmape_norm': 0.20945, 'spearmanr_norm': 0.96703, 'mae_real': 1435.54163, 'r2_real': 0.93876, 'mse_real': 4588793.0, 'rmse_real': 2142.14673, 'wmape_real': 0.10625, 'spearmanr_real': 0.96703, 'loss_sup': 0.42610790841040735, 'loss_data': 0.42610790841040735, 'loss_con': 1.21015258827111, 'lambda_con': 0.0, 'rho_terminal_abs_mean': 6842.786724667136, 'rho_terminal_abs_max': 33313.929166999784, 'loss_old': 0.16203502091154717, 'loss_new': 0.264072885710626, 'lambda_new_current': 1.0}
test: {'epoch': 30, 'time_epoch': 0.2689, 'loss': 0.42370375, 'lr': 0, 'params': 332673, 'time_iter': 0.01076, 'mae': 1434.77405, 'r2': 0.93905, 'mse': 4560579.5, 'rmse': 2135.55127, 'wmape': 0.10625, 'spearmanr': 0.96762, 'mae_norm': 0.17762, 'r2_norm': 0.93905, 'mse_norm': 0.06989, 'rmse_norm': 0.26437, 'wmape_norm': 0.20928, 'spearmanr_norm': 0.96762, 'mae_real': 1434.77405, 'r2_real': 0.93905, 'mse_real': 4560579.5, 'rmse_real': 2135.55127, 'wmape_real': 0.10625, 'spearmanr_real': 0.96762, 'loss_sup': 0.42370375283284617, 'loss_data': 0.42370375283284617, 'loss_con': 1.1957562865102631, 'lambda_con': 0.0, 'rho_terminal_abs_mean': 6784.842938922453, 'rho_terminal_abs_max': 32773.11535451889, 'loss_old': 0.16236596777126272, 'loss_new': 0.2613377838725087, 'lambda_new_current': 1.0}
> Epoch 30: took 2.4s (avg 2.5s) | Best so far: epoch 30	train_loss: 0.4304	val_loss: 0.4261	test_loss: 0.4237	val_rmse_norm: 0.2652
train: {'epoch': 31, 'time_epoch': 1.42176, 'eta': 245.77451, 'eta_hours': 0.06827, 'loss': 0.42839228, 'lr': 0.00097016, 'params': 332673, 'time_iter': 0.01896, 'mae': 1453.27271, 'r2': 0.93668, 'mse': 4722532.5, 'rmse': 2173.13892, 'wmape': 0.10767, 'spearmanr': 0.96614, 'mae_norm': 0.17991, 'r2_norm': 0.93668, 'mse_norm': 0.07238, 'rmse_norm': 0.26903, 'wmape_norm': 0.21228, 'spearmanr_norm': 0.96614, 'mae_real': 1453.27271, 'r2_real': 0.93668, 'mse_real': 4722532.5, 'rmse_real': 2173.13892, 'wmape_real': 0.10767, 'spearmanr_real': 0.96614, 'loss_sup': 0.4283922819468366, 'loss_data': 0.4283922819468366, 'loss_con': 1.29289790335258, 'lambda_con': 0.0, 'rho_terminal_abs_mean': 7069.42848466973, 'rho_terminal_abs_max': 34292.92715517268, 'loss_old': 0.1646542660211176, 'loss_new': 0.2637380167191205, 'lambda_new_current': 1.0}
val: {'epoch': 31, 'time_epoch': 0.26911, 'loss': 0.42122306, 'lr': 0, 'params': 332673, 'time_iter': 0.01076, 'mae': 1414.01465, 'r2': 0.93929, 'mse': 4549323.0, 'rmse': 2132.91431, 'wmape': 0.10466, 'spearmanr': 0.96709, 'mae_norm': 0.17505, 'r2_norm': 0.93929, 'mse_norm': 0.06972, 'rmse_norm': 0.26405, 'wmape_norm': 0.20631, 'spearmanr_norm': 0.96709, 'mae_real': 1414.01465, 'r2_real': 0.93929, 'mse_real': 4549323.0, 'rmse_real': 2132.91431, 'wmape_real': 0.10466, 'spearmanr_real': 0.96709, 'loss_sup': 0.4212230589289284, 'loss_data': 0.4212230589289284, 'loss_con': 1.2809377529758996, 'lambda_con': 0.0, 'rho_terminal_abs_mean': 7023.2717258486, 'rho_terminal_abs_max': 34267.76387281473, 'loss_old': 0.1592708446674408, 'loss_new': 0.26195221068776453, 'lambda_new_current': 1.0}
test: {'epoch': 31, 'time_epoch': 0.2695, 'loss': 0.41918267, 'lr': 0, 'params': 332673, 'time_iter': 0.01078, 'mae': 1415.18945, 'r2': 0.93957, 'mse': 4521797.5, 'rmse': 2126.4519, 'wmape': 0.1048, 'spearmanr': 0.96763, 'mae_norm': 0.1752, 'r2_norm': 0.93957, 'mse_norm': 0.0693, 'rmse_norm': 0.26325, 'wmape_norm': 0.20642, 'spearmanr_norm': 0.96763, 'mae_real': 1415.18945, 'r2_real': 0.93957, 'mse_real': 4521797.5, 'rmse_real': 2126.4519, 'wmape_real': 0.1048, 'spearmanr_real': 0.96763, 'loss_sup': 0.4191826741767891, 'loss_data': 0.4191826741767891, 'loss_con': 1.2667156122026688, 'lambda_con': 0.0, 'rho_terminal_abs_mean': 6971.090998538068, 'rho_terminal_abs_max': 33697.88747243041, 'loss_old': 0.15986771953150575, 'loss_new': 0.25931495583242486, 'lambda_new_current': 1.0}
> Epoch 31: took 2.4s (avg 2.5s) | Best so far: epoch 31	train_loss: 0.4284	val_loss: 0.4212	test_loss: 0.4192	val_rmse_norm: 0.2641
train: {'epoch': 32, 'time_epoch': 1.42451, 'eta': 244.1171, 'eta_hours': 0.06781, 'loss': 0.4281507, 'lr': 0.00096728, 'params': 332673, 'time_iter': 0.01899, 'mae': 1452.66846, 'r2': 0.93674, 'mse': 4718645.5, 'rmse': 2172.24438, 'wmape': 0.10762, 'spearmanr': 0.9662, 'mae_norm': 0.17984, 'r2_norm': 0.93674, 'mse_norm': 0.07232, 'rmse_norm': 0.26892, 'wmape_norm': 0.21219, 'spearmanr_norm': 0.9662, 'mae_real': 1452.66846, 'r2_real': 0.93674, 'mse_real': 4718645.5, 'rmse_real': 2172.24438, 'wmape_real': 0.10762, 'spearmanr_real': 0.9662, 'loss_sup': 0.4281507017861868, 'loss_data': 0.4281507017861868, 'loss_con': 1.3076157200216993, 'lambda_con': 0.0, 'rho_terminal_abs_mean': 7109.932837848754, 'rho_terminal_abs_max': 34362.990904227234, 'loss_old': 0.164601173089118, 'loss_new': 0.2635495259181779, 'lambda_new_current': 1.0}
val: {'epoch': 32, 'time_epoch': 0.26956, 'loss': 0.42414532, 'lr': 0, 'params': 332673, 'time_iter': 0.01078, 'mae': 1425.91956, 'r2': 0.93824, 'mse': 4628436.0, 'rmse': 2151.38013, 'wmape': 0.10554, 'spearmanr': 0.96762, 'mae_norm': 0.17652, 'r2_norm': 0.93824, 'mse_norm': 0.07093, 'rmse_norm': 0.26633, 'wmape_norm': 0.20804, 'spearmanr_norm': 0.96762, 'mae_real': 1425.91956, 'r2_real': 0.93824, 'mse_real': 4628436.0, 'rmse_real': 2151.38013, 'wmape_real': 0.10554, 'spearmanr_real': 0.96762, 'loss_sup': 0.4241453236681915, 'loss_data': 0.4241453236681915, 'loss_con': 1.3235233076503352, 'lambda_con': 0.0, 'rho_terminal_abs_mean': 7142.592180088349, 'rho_terminal_abs_max': 34874.73552610799, 'loss_old': 0.16074815642775858, 'loss_new': 0.26339716485291786, 'lambda_new_current': 1.0}
test: {'epoch': 32, 'time_epoch': 0.26936, 'loss': 0.42240233, 'lr': 0, 'params': 332673, 'time_iter': 0.01077, 'mae': 1427.96997, 'r2': 0.9384, 'mse': 4608881.5, 'rmse': 2146.83057, 'wmape': 0.10575, 'spearmanr': 0.96811, 'mae_norm': 0.17678, 'r2_norm': 0.9384, 'mse_norm': 0.07063, 'rmse_norm': 0.26577, 'wmape_norm': 0.20829, 'spearmanr_norm': 0.96811, 'mae_real': 1427.96997, 'r2_real': 0.9384, 'mse_real': 4608881.5, 'rmse_real': 2146.83057, 'wmape_real': 0.10575, 'spearmanr_real': 0.96811, 'loss_sup': 0.4224023265549873, 'loss_data': 0.4224023265549873, 'loss_con': 1.3092571307544676, 'lambda_con': 0.0, 'rho_terminal_abs_mean': 7091.652474732102, 'rho_terminal_abs_max': 34473.67809058093, 'loss_old': 0.16143823981064342, 'loss_new': 0.2609640861481228, 'lambda_new_current': 1.0}
> Epoch 32: took 2.4s (avg 2.5s) | Best so far: epoch 31	train_loss: 0.4284	val_loss: 0.4212	test_loss: 0.4192	val_rmse_norm: 0.2641
train: {'epoch': 33, 'time_epoch': 1.42336, 'eta': 242.46777, 'eta_hours': 0.06735, 'loss': 0.42610337, 'lr': 0.00096428, 'params': 332673, 'time_iter': 0.01898, 'mae': 1447.46277, 'r2': 0.93713, 'mse': 4689148.5, 'rmse': 2165.44409, 'wmape': 0.10724, 'spearmanr': 0.96635, 'mae_norm': 0.17919, 'r2_norm': 0.93713, 'mse_norm': 0.07186, 'rmse_norm': 0.26807, 'wmape_norm': 0.21143, 'spearmanr_norm': 0.96635, 'mae_real': 1447.46277, 'r2_real': 0.93713, 'mse_real': 4689148.5, 'rmse_real': 2165.44409, 'wmape_real': 0.10724, 'spearmanr_real': 0.96635, 'loss_sup': 0.4261033690123129, 'loss_data': 0.4261033690123129, 'loss_con': 1.297425304184086, 'lambda_con': 0.0, 'rho_terminal_abs_mean': 7091.419849008692, 'rho_terminal_abs_max': 34442.68210175324, 'loss_old': 0.16412127818747127, 'loss_new': 0.2619820908207664, 'lambda_new_current': 1.0}
val: {'epoch': 33, 'time_epoch': 0.26975, 'loss': 0.42094255, 'lr': 0, 'params': 332673, 'time_iter': 0.01079, 'mae': 1422.30884, 'r2': 0.9395, 'mse': 4533927.5, 'rmse': 2129.302, 'wmape': 0.10527, 'spearmanr': 0.9675, 'mae_norm': 0.17608, 'r2_norm': 0.9395, 'mse_norm': 0.06948, 'rmse_norm': 0.2636, 'wmape_norm': 0.20752, 'spearmanr_norm': 0.9675, 'mae_real': 1422.30884, 'r2_real': 0.9395, 'mse_real': 4533927.5, 'rmse_real': 2129.302, 'wmape_real': 0.10527, 'spearmanr_real': 0.9675, 'loss_sup': 0.4209425502397557, 'loss_data': 0.4209425502397557, 'loss_con': 1.217926762661964, 'lambda_con': 0.0, 'rho_terminal_abs_mean': 6887.3508961342695, 'rho_terminal_abs_max': 33033.78567001161, 'loss_old': 0.16081549895655817, 'loss_new': 0.26012704830507416, 'lambda_new_current': 1.0}
test: {'epoch': 33, 'time_epoch': 0.27005, 'loss': 0.41927902, 'lr': 0, 'params': 332673, 'time_iter': 0.0108, 'mae': 1423.81165, 'r2': 0.93966, 'mse': 4514981.5, 'rmse': 2124.84863, 'wmape': 0.10544, 'spearmanr': 0.968, 'mae_norm': 0.17626, 'r2_norm': 0.93966, 'mse_norm': 0.06919, 'rmse_norm': 0.26305, 'wmape_norm': 0.20768, 'spearmanr_norm': 0.968, 'mae_real': 1423.81165, 'r2_real': 0.93966, 'mse_real': 4514981.5, 'rmse_real': 2124.84863, 'wmape_real': 0.10544, 'spearmanr_real': 0.968, 'loss_sup': 0.419279022390506, 'loss_data': 0.419279022390506, 'loss_con': 1.2025067265819804, 'lambda_con': 0.0, 'rho_terminal_abs_mean': 6829.334612692668, 'rho_terminal_abs_max': 32444.998556131777, 'loss_old': 0.16138859544972767, 'loss_new': 0.2578904257517661, 'lambda_new_current': 1.0}
> Epoch 33: took 2.4s (avg 2.5s) | Best so far: epoch 33	train_loss: 0.4261	val_loss: 0.4209	test_loss: 0.4193	val_rmse_norm: 0.2636
train: {'epoch': 34, 'time_epoch': 1.42215, 'eta': 240.82561, 'eta_hours': 0.0669, 'loss': 0.42730526, 'lr': 0.00096114, 'params': 332673, 'time_iter': 0.01896, 'mae': 1450.12732, 'r2': 0.93699, 'mse': 4699884.5, 'rmse': 2167.92163, 'wmape': 0.10743, 'spearmanr': 0.96627, 'mae_norm': 0.17952, 'r2_norm': 0.93699, 'mse_norm': 0.07203, 'rmse_norm': 0.26838, 'wmape_norm': 0.21182, 'spearmanr_norm': 0.96627, 'mae_real': 1450.12732, 'r2_real': 0.93699, 'mse_real': 4699884.5, 'rmse_real': 2167.92163, 'wmape_real': 0.10743, 'spearmanr_real': 0.96627, 'loss_sup': 0.42730526065903196, 'loss_data': 0.42730526065903196, 'loss_con': 1.3011916135552934, 'lambda_con': 0.0, 'rho_terminal_abs_mean': 7095.83030489626, 'rho_terminal_abs_max': 35148.05239511438, 'loss_old': 0.1643325001555215, 'loss_new': 0.2629727626867525, 'lambda_new_current': 1.0}
val: {'epoch': 34, 'time_epoch': 0.27016, 'loss': 0.42268072, 'lr': 0, 'params': 332673, 'time_iter': 0.01081, 'mae': 1411.64966, 'r2': 0.94061, 'mse': 4450288.5, 'rmse': 2109.5708, 'wmape': 0.10448, 'spearmanr': 0.96791, 'mae_norm': 0.17476, 'r2_norm': 0.94061, 'mse_norm': 0.0682, 'rmse_norm': 0.26116, 'wmape_norm': 0.20596, 'spearmanr_norm': 0.96791, 'mae_real': 1411.64966, 'r2_real': 0.94061, 'mse_real': 4450288.5, 'rmse_real': 2109.5708, 'wmape_real': 0.10448, 'spearmanr_real': 0.96791, 'loss_sup': 0.42268072280133523, 'loss_data': 0.42268072280133523, 'loss_con': 1.1746538813537268, 'lambda_con': 0.0, 'rho_terminal_abs_mean': 6779.931916292538, 'rho_terminal_abs_max': 32960.06191972735, 'loss_old': 0.15852365038978564, 'loss_new': 0.26415706943311423, 'lambda_new_current': 1.0}
test: {'epoch': 34, 'time_epoch': 0.26928, 'loss': 0.42038101, 'lr': 0, 'params': 332673, 'time_iter': 0.01077, 'mae': 1411.94446, 'r2': 0.9409, 'mse': 4421956.0, 'rmse': 2102.84473, 'wmape': 0.10456, 'spearmanr': 0.96842, 'mae_norm': 0.17479, 'r2_norm': 0.9409, 'mse_norm': 0.06777, 'rmse_norm': 0.26032, 'wmape_norm': 0.20595, 'spearmanr_norm': 0.96842, 'mae_real': 1411.94446, 'r2_real': 0.9409, 'mse_real': 4421956.0, 'rmse_real': 2102.84473, 'wmape_real': 0.10456, 'spearmanr_real': 0.96842, 'loss_sup': 0.42038101339985756, 'loss_data': 0.42038101339985756, 'loss_con': 1.1599277822543956, 'lambda_con': 0.0, 'rho_terminal_abs_mean': 6724.865822891274, 'rho_terminal_abs_max': 32399.098506656916, 'loss_old': 0.1590195752597519, 'loss_new': 0.26136143874081663, 'lambda_new_current': 1.0}
> Epoch 34: took 2.4s (avg 2.5s) | Best so far: epoch 34	train_loss: 0.4273	val_loss: 0.4227	test_loss: 0.4204	val_rmse_norm: 0.2612
train: {'epoch': 35, 'time_epoch': 1.42245, 'eta': 239.19706, 'eta_hours': 0.06644, 'loss': 0.42438319, 'lr': 0.00095789, 'params': 332673, 'time_iter': 0.01897, 'mae': 1440.32239, 'r2': 0.93758, 'mse': 4655332.5, 'rmse': 2157.62207, 'wmape': 0.10671, 'spearmanr': 0.96665, 'mae_norm': 0.17831, 'r2_norm': 0.93758, 'mse_norm': 0.07135, 'rmse_norm': 0.26711, 'wmape_norm': 0.21039, 'spearmanr_norm': 0.96665, 'mae_real': 1440.32239, 'r2_real': 0.93758, 'mse_real': 4655332.5, 'rmse_real': 2157.62207, 'wmape_real': 0.10671, 'spearmanr_real': 0.96665, 'loss_sup': 0.42438319378208833, 'loss_data': 0.42438319378208833, 'loss_con': 1.303487668904151, 'lambda_con': 0.0, 'rho_terminal_abs_mean': 7095.046164038087, 'rho_terminal_abs_max': 34595.844511131676, 'loss_old': 0.16322863453609981, 'loss_new': 0.26115455785702124, 'lambda_new_current': 1.0}
val: {'epoch': 35, 'time_epoch': 0.27009, 'loss': 0.41657573, 'lr': 0, 'params': 332673, 'time_iter': 0.0108, 'mae': 1414.57971, 'r2': 0.93902, 'mse': 4569851.5, 'rmse': 2137.72119, 'wmape': 0.1047, 'spearmanr': 0.96721, 'mae_norm': 0.17512, 'r2_norm': 0.93902, 'mse_norm': 0.07004, 'rmse_norm': 0.26464, 'wmape_norm': 0.20639, 'spearmanr_norm': 0.96721, 'mae_real': 1414.57971, 'r2_real': 0.93902, 'mse_real': 4569851.5, 'rmse_real': 2137.72119, 'wmape_real': 0.1047, 'spearmanr_real': 0.96721, 'loss_sup': 0.4165757345187871, 'loss_data': 0.4165757345187871, 'loss_con': 1.324789238033775, 'lambda_con': 0.0, 'rho_terminal_abs_mean': 7166.1383534839515, 'rho_terminal_abs_max': 34539.84290064099, 'loss_old': 0.16040217874100843, 'loss_new': 0.2561735539912291, 'lambda_new_current': 1.0}
test: {'epoch': 35, 'time_epoch': 0.26962, 'loss': 0.41442122, 'lr': 0, 'params': 332673, 'time_iter': 0.01078, 'mae': 1414.36829, 'r2': 0.93927, 'mse': 4544388.5, 'rmse': 2131.75708, 'wmape': 0.10474, 'spearmanr': 0.96781, 'mae_norm': 0.17509, 'r2_norm': 0.93927, 'mse_norm': 0.06965, 'rmse_norm': 0.2639, 'wmape_norm': 0.2063, 'spearmanr_norm': 0.96781, 'mae_real': 1414.36829, 'r2_real': 0.93927, 'mse_real': 4544388.5, 'rmse_real': 2131.75708, 'wmape_real': 0.10474, 'spearmanr_real': 0.96781, 'loss_sup': 0.4144212238872067, 'loss_data': 0.4144212238872067, 'loss_con': 1.3088977655217322, 'lambda_con': 0.0, 'rho_terminal_abs_mean': 7111.654452582272, 'rho_terminal_abs_max': 33825.917404599255, 'loss_old': 0.1607834339764819, 'loss_new': 0.25363778811301946, 'lambda_new_current': 1.0}
> Epoch 35: took 2.4s (avg 2.5s) | Best so far: epoch 34	train_loss: 0.4273	val_loss: 0.4227	test_loss: 0.4204	val_rmse_norm: 0.2612
train: {'epoch': 36, 'time_epoch': 1.42263, 'eta': 237.58044, 'eta_hours': 0.06599, 'loss': 0.42395916, 'lr': 0.0009545, 'params': 332673, 'time_iter': 0.01897, 'mae': 1442.6012, 'r2': 0.93744, 'mse': 4665831.5, 'rmse': 2160.05347, 'wmape': 0.10688, 'spearmanr': 0.96655, 'mae_norm': 0.17859, 'r2_norm': 0.93744, 'mse_norm': 0.07151, 'rmse_norm': 0.26741, 'wmape_norm': 0.21072, 'spearmanr_norm': 0.96655, 'mae_real': 1442.6012, 'r2_real': 0.93744, 'mse_real': 4665831.5, 'rmse_real': 2160.05347, 'wmape_real': 0.10688, 'spearmanr_real': 0.96655, 'loss_sup': 0.42395915586552435, 'loss_data': 0.42395915586552435, 'loss_con': 1.307085738018287, 'lambda_con': 0.0, 'rho_terminal_abs_mean': 7109.875724740084, 'rho_terminal_abs_max': 34447.65942725172, 'loss_old': 0.16372345140777106, 'loss_new': 0.26023570465639995, 'lambda_new_current': 1.0}
val: {'epoch': 36, 'time_epoch': 0.2699, 'loss': 0.42017666, 'lr': 0, 'params': 332673, 'time_iter': 0.0108, 'mae': 1423.42444, 'r2': 0.938, 'mse': 4645997.5, 'rmse': 2155.45752, 'wmape': 0.10536, 'spearmanr': 0.96663, 'mae_norm': 0.17621, 'r2_norm': 0.938, 'mse_norm': 0.0712, 'rmse_norm': 0.26684, 'wmape_norm': 0.20768, 'spearmanr_norm': 0.96663, 'mae_real': 1423.42444, 'r2_real': 0.938, 'mse_real': 4645997.5, 'rmse_real': 2155.45752, 'wmape_real': 0.10536, 'spearmanr_real': 0.96663, 'loss_sup': 0.4201766600553581, 'loss_data': 0.4201766600553581, 'loss_con': 1.4257142082152405, 'lambda_con': 0.0, 'rho_terminal_abs_mean': 7410.544069212112, 'rho_terminal_abs_max': 35848.474290943064, 'loss_old': 0.1611845143727818, 'loss_new': 0.258992148662509, 'lambda_new_current': 1.0}
test: {'epoch': 36, 'time_epoch': 0.26961, 'loss': 0.41906274, 'lr': 0, 'params': 332673, 'time_iter': 0.01078, 'mae': 1425.24438, 'r2': 0.93814, 'mse': 4628379.5, 'rmse': 2151.36694, 'wmape': 0.10555, 'spearmanr': 0.96714, 'mae_norm': 0.17644, 'r2_norm': 0.93814, 'mse_norm': 0.07093, 'rmse_norm': 0.26633, 'wmape_norm': 0.20789, 'spearmanr_norm': 0.96714, 'mae_real': 1425.24438, 'r2_real': 0.93814, 'mse_real': 4628379.5, 'rmse_real': 2151.36694, 'wmape_real': 0.10555, 'spearmanr_real': 0.96714, 'loss_sup': 0.41906273964235075, 'loss_data': 0.41906273964235075, 'loss_con': 1.411591738631443, 'lambda_con': 0.0, 'rho_terminal_abs_mean': 7357.534409553937, 'rho_terminal_abs_max': 35183.69355861492, 'loss_old': 0.16169624970805904, 'loss_new': 0.2573664887366737, 'lambda_new_current': 1.0}
> Epoch 36: took 2.4s (avg 2.5s) | Best so far: epoch 34	train_loss: 0.4273	val_loss: 0.4227	test_loss: 0.4204	val_rmse_norm: 0.2612
train: {'epoch': 37, 'time_epoch': 1.42259, 'eta': 235.97387, 'eta_hours': 0.06555, 'loss': 0.42304378, 'lr': 0.000951, 'params': 332673, 'time_iter': 0.01897, 'mae': 1438.10059, 'r2': 0.93787, 'mse': 4633824.5, 'rmse': 2152.63208, 'wmape': 0.10654, 'spearmanr': 0.96676, 'mae_norm': 0.17803, 'r2_norm': 0.93787, 'mse_norm': 0.07102, 'rmse_norm': 0.26649, 'wmape_norm': 0.21007, 'spearmanr_norm': 0.96676, 'mae_real': 1438.10059, 'r2_real': 0.93787, 'mse_real': 4633824.5, 'rmse_real': 2152.63208, 'wmape_real': 0.10654, 'spearmanr_real': 0.96676, 'loss_sup': 0.4230437782627693, 'loss_data': 0.4230437782627693, 'loss_con': 1.3060222355662114, 'lambda_con': 0.0, 'rho_terminal_abs_mean': 7107.867353896805, 'rho_terminal_abs_max': 34819.63211420436, 'loss_old': 0.16313111379212553, 'loss_new': 0.2599126658596526, 'lambda_new_current': 1.0}
val: {'epoch': 37, 'time_epoch': 0.2739, 'loss': 0.41285443, 'lr': 0, 'params': 332673, 'time_iter': 0.01096, 'mae': 1399.45081, 'r2': 0.94012, 'mse': 4487075.0, 'rmse': 2118.27173, 'wmape': 0.10358, 'spearmanr': 0.96748, 'mae_norm': 0.17325, 'r2_norm': 0.94012, 'mse_norm': 0.06877, 'rmse_norm': 0.26223, 'wmape_norm': 0.20418, 'spearmanr_norm': 0.96748, 'mae_real': 1399.45081, 'r2_real': 0.94012, 'mse_real': 4487075.0, 'rmse_real': 2118.27173, 'wmape_real': 0.10358, 'spearmanr_real': 0.96748, 'loss_sup': 0.4128544310565157, 'loss_data': 0.4128544310565157, 'loss_con': 1.3799091504445717, 'lambda_con': 0.0, 'rho_terminal_abs_mean': 7318.008498846439, 'rho_terminal_abs_max': 34752.215042105505, 'loss_old': 0.15852330214913254, 'loss_new': 0.25433112772335886, 'lambda_new_current': 1.0}
test: {'epoch': 37, 'time_epoch': 0.27282, 'loss': 0.41118877, 'lr': 0, 'params': 332673, 'time_iter': 0.01091, 'mae': 1399.89075, 'r2': 0.9404, 'mse': 4459639.5, 'rmse': 2111.78589, 'wmape': 0.10367, 'spearmanr': 0.96807, 'mae_norm': 0.1733, 'r2_norm': 0.9404, 'mse_norm': 0.06835, 'rmse_norm': 0.26143, 'wmape_norm': 0.20419, 'spearmanr_norm': 0.96807, 'mae_real': 1399.89075, 'r2_real': 0.9404, 'mse_real': 4459639.5, 'rmse_real': 2111.78589, 'wmape_real': 0.10367, 'spearmanr_real': 0.96807, 'loss_sup': 0.4111887656398413, 'loss_data': 0.4111887656398413, 'loss_con': 1.3665920057752927, 'lambda_con': 0.0, 'rho_terminal_abs_mean': 7266.890031550953, 'rho_terminal_abs_max': 34033.445402491445, 'loss_old': 0.158912405001187, 'loss_new': 0.252276361830847, 'lambda_new_current': 1.0}
> Epoch 37: took 2.4s (avg 2.5s) | Best so far: epoch 34	train_loss: 0.4273	val_loss: 0.4227	test_loss: 0.4204	val_rmse_norm: 0.2612
train: {'epoch': 38, 'time_epoch': 1.43143, 'eta': 234.4132, 'eta_hours': 0.06511, 'loss': 0.42518952, 'lr': 0.00094736, 'params': 332673, 'time_iter': 0.01909, 'mae': 1443.83789, 'r2': 0.93753, 'mse': 4659196.0, 'rmse': 2158.51709, 'wmape': 0.10697, 'spearmanr': 0.96668, 'mae_norm': 0.17874, 'r2_norm': 0.93753, 'mse_norm': 0.0714, 'rmse_norm': 0.26722, 'wmape_norm': 0.2109, 'spearmanr_norm': 0.96668, 'mae_real': 1443.83789, 'r2_real': 0.93753, 'mse_real': 4659196.0, 'rmse_real': 2158.51709, 'wmape_real': 0.10697, 'spearmanr_real': 0.96668, 'loss_sup': 0.42518952094250645, 'loss_data': 0.42518952094250645, 'loss_con': 1.301729011890572, 'lambda_con': 0.0, 'rho_terminal_abs_mean': 7095.386117496336, 'rho_terminal_abs_max': 34550.59629122798, 'loss_old': 0.1636769510444346, 'loss_new': 0.2615125692977863, 'lambda_new_current': 1.0}
val: {'epoch': 38, 'time_epoch': 0.2757, 'loss': 0.41489315, 'lr': 0, 'params': 332673, 'time_iter': 0.01103, 'mae': 1397.93921, 'r2': 0.94123, 'mse': 4403884.0, 'rmse': 2098.54321, 'wmape': 0.10347, 'spearmanr': 0.96817, 'mae_norm': 0.17306, 'r2_norm': 0.94123, 'mse_norm': 0.06749, 'rmse_norm': 0.25979, 'wmape_norm': 0.20396, 'spearmanr_norm': 0.96817, 'mae_real': 1397.93921, 'r2_real': 0.94123, 'mse_real': 4403884.0, 'rmse_real': 2098.54321, 'wmape_real': 0.10347, 'spearmanr_real': 0.96817, 'loss_sup': 0.41489315337909033, 'loss_data': 0.41489315337909033, 'loss_con': 1.2547645901265423, 'lambda_con': 0.0, 'rho_terminal_abs_mean': 6986.137921313471, 'rho_terminal_abs_max': 33452.07154348993, 'loss_old': 0.1578007031745719, 'loss_new': 0.25709244961228794, 'lambda_new_current': 1.0}
test: {'epoch': 38, 'time_epoch': 0.27208, 'loss': 0.41259303, 'lr': 0, 'params': 332673, 'time_iter': 0.01088, 'mae': 1397.39954, 'r2': 0.94156, 'mse': 4373098.5, 'rmse': 2091.19556, 'wmape': 0.10349, 'spearmanr': 0.96879, 'mae_norm': 0.17299, 'r2_norm': 0.94156, 'mse_norm': 0.06702, 'rmse_norm': 0.25888, 'wmape_norm': 0.20383, 'spearmanr_norm': 0.96879, 'mae_real': 1397.39954, 'r2_real': 0.94156, 'mse_real': 4373098.5, 'rmse_real': 2091.19556, 'wmape_real': 0.10349, 'spearmanr_real': 0.96879, 'loss_sup': 0.4125930271077891, 'loss_data': 0.4125930271077891, 'loss_con': 1.239940200741289, 'lambda_con': 0.0, 'rho_terminal_abs_mean': 6930.498835804106, 'rho_terminal_abs_max': 32946.29434515325, 'loss_old': 0.1581533422565578, 'loss_new': 0.25443968724765204, 'lambda_new_current': 1.0}
> Epoch 38: took 2.4s (avg 2.5s) | Best so far: epoch 38	train_loss: 0.4252	val_loss: 0.4149	test_loss: 0.4126	val_rmse_norm: 0.2598
train: {'epoch': 39, 'time_epoch': 1.43222, 'eta': 232.86216, 'eta_hours': 0.06468, 'loss': 0.42226628, 'lr': 0.00094361, 'params': 332673, 'time_iter': 0.0191, 'mae': 1438.03784, 'r2': 0.93792, 'mse': 4630559.0, 'rmse': 2151.87329, 'wmape': 0.10654, 'spearmanr': 0.96681, 'mae_norm': 0.17802, 'r2_norm': 0.93792, 'mse_norm': 0.07097, 'rmse_norm': 0.26639, 'wmape_norm': 0.21006, 'spearmanr_norm': 0.96681, 'mae_real': 1438.03784, 'r2_real': 0.93792, 'mse_real': 4630559.0, 'rmse_real': 2151.87329, 'wmape_real': 0.10654, 'spearmanr_real': 0.96681, 'loss_sup': 0.4222662839683879, 'loss_data': 0.4222662839683879, 'loss_con': 1.3064703980276136, 'lambda_con': 0.0, 'rho_terminal_abs_mean': 7108.811205832375, 'rho_terminal_abs_max': 34905.27043943331, 'loss_old': 0.16328483868313318, 'loss_new': 0.258981445486334, 'lambda_new_current': 1.0}
val: {'epoch': 39, 'time_epoch': 0.27257, 'loss': 0.41399742, 'lr': 0, 'params': 332673, 'time_iter': 0.0109, 'mae': 1411.48901, 'r2': 0.9397, 'mse': 4518986.0, 'rmse': 2125.79077, 'wmape': 0.10447, 'spearmanr': 0.96735, 'mae_norm': 0.17474, 'r2_norm': 0.9397, 'mse_norm': 0.06926, 'rmse_norm': 0.26317, 'wmape_norm': 0.20594, 'spearmanr_norm': 0.96735, 'mae_real': 1411.48901, 'r2_real': 0.9397, 'mse_real': 4518986.0, 'rmse_real': 2125.79077, 'wmape_real': 0.10447, 'spearmanr_real': 0.96735, 'loss_sup': 0.4139974190649002, 'loss_data': 0.4139974190649002, 'loss_con': 1.3734907764517168, 'lambda_con': 0.0, 'rho_terminal_abs_mean': 7272.195999903435, 'rho_terminal_abs_max': 35735.44765788722, 'loss_old': 0.16042122926573835, 'loss_new': 0.2535761880113644, 'lambda_new_current': 1.0}
test: {'epoch': 39, 'time_epoch': 0.27265, 'loss': 0.41201361, 'lr': 0, 'params': 332673, 'time_iter': 0.01091, 'mae': 1411.42896, 'r2': 0.93998, 'mse': 4491014.5, 'rmse': 2119.20142, 'wmape': 0.10453, 'spearmanr': 0.96789, 'mae_norm': 0.17473, 'r2_norm': 0.93998, 'mse_norm': 0.06883, 'rmse_norm': 0.26235, 'wmape_norm': 0.20588, 'spearmanr_norm': 0.96789, 'mae_real': 1411.42896, 'r2_real': 0.93998, 'mse_real': 4491014.5, 'rmse_real': 2119.20142, 'wmape_real': 0.10453, 'spearmanr_real': 0.96789, 'loss_sup': 0.4120136108414601, 'loss_data': 0.4120136108414601, 'loss_con': 1.3582715223260136, 'lambda_con': 0.0, 'rho_terminal_abs_mean': 7214.997525284245, 'rho_terminal_abs_max': 35060.45594162604, 'loss_old': 0.16079285974189866, 'loss_new': 0.2512207552668105, 'lambda_new_current': 1.0}
> Epoch 39: took 2.4s (avg 2.5s) | Best so far: epoch 38	train_loss: 0.4252	val_loss: 0.4149	test_loss: 0.4126	val_rmse_norm: 0.2598
train: {'epoch': 40, 'time_epoch': 1.4379, 'eta': 231.33897, 'eta_hours': 0.06426, 'loss': 0.4200797, 'lr': 0.00093974, 'params': 332673, 'time_iter': 0.01917, 'mae': 1430.30237, 'r2': 0.93844, 'mse': 4591346.5, 'rmse': 2142.74268, 'wmape': 0.10596, 'spearmanr': 0.96706, 'mae_norm': 0.17707, 'r2_norm': 0.93844, 'mse_norm': 0.07036, 'rmse_norm': 0.26526, 'wmape_norm': 0.20893, 'spearmanr_norm': 0.96706, 'mae_real': 1430.30237, 'r2_real': 0.93844, 'mse_real': 4591346.5, 'rmse_real': 2142.74268, 'wmape_real': 0.10596, 'spearmanr_real': 0.96706, 'loss_sup': 0.42007969628885006, 'loss_data': 0.42007969628885006, 'loss_con': 1.3035450966148554, 'lambda_con': 0.0, 'rho_terminal_abs_mean': 7097.82962026092, 'rho_terminal_abs_max': 35083.195650937596, 'loss_old': 0.1623949763685393, 'loss_new': 0.2576847187285763, 'lambda_new_current': 1.0}
val: {'epoch': 40, 'time_epoch': 0.27439, 'loss': 0.41306572, 'lr': 0, 'params': 332673, 'time_iter': 0.01098, 'mae': 1396.15833, 'r2': 0.94022, 'mse': 4479817.0, 'rmse': 2116.55786, 'wmape': 0.10334, 'spearmanr': 0.96765, 'mae_norm': 0.17284, 'r2_norm': 0.94022, 'mse_norm': 0.06866, 'rmse_norm': 0.26202, 'wmape_norm': 0.2037, 'spearmanr_norm': 0.96765, 'mae_real': 1396.15833, 'r2_real': 0.94022, 'mse_real': 4479817.0, 'rmse_real': 2116.55786, 'wmape_real': 0.10334, 'spearmanr_real': 0.96765, 'loss_sup': 0.41306571738800774, 'loss_data': 0.41306571738800774, 'loss_con': 1.4272890813353802, 'lambda_con': 0.0, 'rho_terminal_abs_mean': 7407.122842394231, 'rho_terminal_abs_max': 36213.42738743482, 'loss_old': 0.15788677677102436, 'loss_new': 0.25517893763742494, 'lambda_new_current': 1.0}
test: {'epoch': 40, 'time_epoch': 0.2742, 'loss': 0.41109135, 'lr': 0, 'params': 332673, 'time_iter': 0.01097, 'mae': 1396.81543, 'r2': 0.94048, 'mse': 4453839.5, 'rmse': 2110.41211, 'wmape': 0.10344, 'spearmanr': 0.9682, 'mae_norm': 0.17292, 'r2_norm': 0.94048, 'mse_norm': 0.06826, 'rmse_norm': 0.26126, 'wmape_norm': 0.20374, 'spearmanr_norm': 0.9682, 'mae_real': 1396.81543, 'r2_real': 0.94048, 'mse_real': 4453839.5, 'rmse_real': 2110.41211, 'wmape_real': 0.10344, 'spearmanr_real': 0.9682, 'loss_sup': 0.41109135092391086, 'loss_data': 0.41109135092391086, 'loss_con': 1.4132557673592074, 'lambda_con': 0.0, 'rho_terminal_abs_mean': 7358.33671826367, 'rho_terminal_abs_max': 35694.45701756738, 'loss_old': 0.15838385763086468, 'loss_new': 0.25270749268990317, 'lambda_new_current': 1.0}
> Epoch 40: took 2.4s (avg 2.5s) | Best so far: epoch 38	train_loss: 0.4252	val_loss: 0.4149	test_loss: 0.4126	val_rmse_norm: 0.2598
train: {'epoch': 41, 'time_epoch': 1.4338, 'eta': 229.80441, 'eta_hours': 0.06383, 'loss': 0.42015044, 'lr': 0.00093574, 'params': 332673, 'time_iter': 0.01912, 'mae': 1432.01929, 'r2': 0.93836, 'mse': 4597296.0, 'rmse': 2144.13062, 'wmape': 0.10609, 'spearmanr': 0.96707, 'mae_norm': 0.17728, 'r2_norm': 0.93836, 'mse_norm': 0.07046, 'rmse_norm': 0.26544, 'wmape_norm': 0.20918, 'spearmanr_norm': 0.96707, 'mae_real': 1432.01929, 'r2_real': 0.93836, 'mse_real': 4597296.0, 'rmse_real': 2144.13062, 'wmape_real': 0.10609, 'spearmanr_real': 0.96707, 'loss_sup': 0.4201504381223141, 'loss_data': 0.4201504381223141, 'loss_con': 1.31129438454699, 'lambda_con': 0.0, 'rho_terminal_abs_mean': 7117.471446796697, 'rho_terminal_abs_max': 34803.07503556939, 'loss_old': 0.1626792692035964, 'loss_new': 0.2574711677307882, 'lambda_new_current': 1.0}
val: {'epoch': 41, 'time_epoch': 0.27084, 'loss': 0.41510687, 'lr': 0, 'params': 332673, 'time_iter': 0.01083, 'mae': 1408.48633, 'r2': 0.94054, 'mse': 4455997.0, 'rmse': 2110.92334, 'wmape': 0.10425, 'spearmanr': 0.96792, 'mae_norm': 0.17437, 'r2_norm': 0.94054, 'mse_norm': 0.06829, 'rmse_norm': 0.26132, 'wmape_norm': 0.2055, 'spearmanr_norm': 0.96792, 'mae_real': 1408.48633, 'r2_real': 0.94054, 'mse_real': 4455997.0, 'rmse_real': 2110.92334, 'wmape_real': 0.10425, 'spearmanr_real': 0.96792, 'loss_sup': 0.4151068666175818, 'loss_data': 0.4151068666175818, 'loss_con': 1.303137895106876, 'lambda_con': 0.0, 'rho_terminal_abs_mean': 7132.266469767104, 'rho_terminal_abs_max': 33525.36287081644, 'loss_old': 0.1596391135699231, 'loss_new': 0.25546775364113705, 'lambda_new_current': 1.0}
test: {'epoch': 41, 'time_epoch': 0.26976, 'loss': 0.41332633, 'lr': 0, 'params': 332673, 'time_iter': 0.01079, 'mae': 1407.48718, 'r2': 0.9408, 'mse': 4429477.0, 'rmse': 2104.63232, 'wmape': 0.10423, 'spearmanr': 0.9685, 'mae_norm': 0.17424, 'r2_norm': 0.9408, 'mse_norm': 0.06788, 'rmse_norm': 0.26055, 'wmape_norm': 0.2053, 'spearmanr_norm': 0.9685, 'mae_real': 1407.48718, 'r2_real': 0.9408, 'mse_real': 4429477.0, 'rmse_real': 2104.63232, 'wmape_real': 0.10423, 'spearmanr_real': 0.9685, 'loss_sup': 0.4133263264145196, 'loss_data': 0.4133263264145196, 'loss_con': 1.2884896014844283, 'lambda_con': 0.0, 'rho_terminal_abs_mean': 7076.77878595898, 'rho_terminal_abs_max': 33395.20310491744, 'loss_old': 0.15979503991539445, 'loss_new': 0.25353128591369234, 'lambda_new_current': 1.0}
> Epoch 41: took 2.4s (avg 2.5s) | Best so far: epoch 38	train_loss: 0.4252	val_loss: 0.4149	test_loss: 0.4126	val_rmse_norm: 0.2598
train: {'epoch': 42, 'time_epoch': 1.42416, 'eta': 228.23931, 'eta_hours': 0.0634, 'loss': 0.42038876, 'lr': 0.00093163, 'params': 332673, 'time_iter': 0.01899, 'mae': 1434.7644, 'r2': 0.9383, 'mse': 4602184.5, 'rmse': 2145.27026, 'wmape': 0.1063, 'spearmanr': 0.96698, 'mae_norm': 0.17762, 'r2_norm': 0.9383, 'mse_norm': 0.07053, 'rmse_norm': 0.26558, 'wmape_norm': 0.20958, 'spearmanr_norm': 0.96698, 'mae_real': 1434.7644, 'r2_real': 0.9383, 'mse_real': 4602184.5, 'rmse_real': 2145.27026, 'wmape_real': 0.1063, 'spearmanr_real': 0.96698, 'loss_sup': 0.42038876050411755, 'loss_data': 0.42038876050411755, 'loss_con': 1.3065089456652272, 'lambda_con': 0.0, 'rho_terminal_abs_mean': 7107.572246121084, 'rho_terminal_abs_max': 34709.85777719278, 'loss_old': 0.1631241461740068, 'loss_new': 0.257264614726614, 'lambda_new_current': 1.0}
val: {'epoch': 42, 'time_epoch': 0.27046, 'loss': 0.41014015, 'lr': 0, 'params': 332673, 'time_iter': 0.01082, 'mae': 1388.55811, 'r2': 0.9414, 'mse': 4391443.0, 'rmse': 2095.5769, 'wmape': 0.10277, 'spearmanr': 0.9682, 'mae_norm': 0.1719, 'r2_norm': 0.9414, 'mse_norm': 0.0673, 'rmse_norm': 0.25942, 'wmape_norm': 0.20259, 'spearmanr_norm': 0.9682, 'mae_real': 1388.55811, 'r2_real': 0.9414, 'mse_real': 4391443.0, 'rmse_real': 2095.5769, 'wmape_real': 0.10277, 'spearmanr_real': 0.9682, 'loss_sup': 0.41014015171769136, 'loss_data': 0.41014015171769136, 'loss_con': 1.3494489345574936, 'lambda_con': 0.0, 'rho_terminal_abs_mean': 7215.186981677152, 'rho_terminal_abs_max': 34713.15555229238, 'loss_old': 0.15718022604296797, 'loss_new': 0.2529599256780926, 'lambda_new_current': 1.0}
test: {'epoch': 42, 'time_epoch': 0.26931, 'loss': 0.40756449, 'lr': 0, 'params': 332673, 'time_iter': 0.01077, 'mae': 1388.85632, 'r2': 0.94164, 'mse': 4366493.5, 'rmse': 2089.61572, 'wmape': 0.10285, 'spearmanr': 0.96874, 'mae_norm': 0.17194, 'r2_norm': 0.94164, 'mse_norm': 0.06692, 'rmse_norm': 0.25869, 'wmape_norm': 0.20258, 'spearmanr_norm': 0.96874, 'mae_real': 1388.85632, 'r2_real': 0.94164, 'mse_real': 4366493.5, 'rmse_real': 2089.61572, 'wmape_real': 0.10285, 'spearmanr_real': 0.96874, 'loss_sup': 0.40756449326378624, 'loss_data': 0.40756449326378624, 'loss_con': 1.3362730887093284, 'lambda_con': 0.0, 'rho_terminal_abs_mean': 7165.682583134197, 'rho_terminal_abs_max': 35112.57177347559, 'loss_old': 0.1577446180481273, 'loss_new': 0.24981987461806596, 'lambda_new_current': 1.0}
> Epoch 42: took 2.4s (avg 2.5s) | Best so far: epoch 42	train_loss: 0.4204	val_loss: 0.4101	test_loss: 0.4076	val_rmse_norm: 0.2594
train: {'epoch': 43, 'time_epoch': 1.42169, 'eta': 226.67187, 'eta_hours': 0.06296, 'loss': 0.41817398, 'lr': 0.0009274, 'params': 332673, 'time_iter': 0.01896, 'mae': 1425.4845, 'r2': 0.9388, 'mse': 4565002.5, 'rmse': 2136.58667, 'wmape': 0.10561, 'spearmanr': 0.96726, 'mae_norm': 0.17647, 'r2_norm': 0.9388, 'mse_norm': 0.06996, 'rmse_norm': 0.2645, 'wmape_norm': 0.20822, 'spearmanr_norm': 0.96726, 'mae_real': 1425.4845, 'r2_real': 0.9388, 'mse_real': 4565002.5, 'rmse_real': 2136.58667, 'wmape_real': 0.10561, 'spearmanr_real': 0.96726, 'loss_sup': 0.4181739809119032, 'loss_data': 0.4181739809119032, 'loss_con': 1.3094548985651768, 'lambda_con': 0.0, 'rho_terminal_abs_mean': 7117.885293751414, 'rho_terminal_abs_max': 34281.4463605948, 'loss_old': 0.1619557692987374, 'loss_new': 0.2562182112140636, 'lambda_new_current': 1.0}
val: {'epoch': 43, 'time_epoch': 0.27101, 'loss': 0.41271101, 'lr': 0, 'params': 332673, 'time_iter': 0.01084, 'mae': 1393.43115, 'r2': 0.94171, 'mse': 4368417.0, 'rmse': 2090.07593, 'wmape': 0.10314, 'spearmanr': 0.9684, 'mae_norm': 0.1725, 'r2_norm': 0.94171, 'mse_norm': 0.06695, 'rmse_norm': 0.25874, 'wmape_norm': 0.2033, 'spearmanr_norm': 0.9684, 'mae_real': 1393.43115, 'r2_real': 0.94171, 'mse_real': 4368417.0, 'rmse_real': 2090.07593, 'wmape_real': 0.10314, 'spearmanr_real': 0.9684, 'loss_sup': 0.4127110092638446, 'loss_data': 0.4127110092638446, 'loss_con': 1.2353233201177845, 'lambda_con': 0.0, 'rho_terminal_abs_mean': 6930.329156814588, 'rho_terminal_abs_max': 33108.800908874655, 'loss_old': 0.1574816719491868, 'loss_new': 0.2552293373142834, 'lambda_new_current': 1.0}
test: {'epoch': 43, 'time_epoch': 0.27021, 'loss': 0.41055992, 'lr': 0, 'params': 332673, 'time_iter': 0.01081, 'mae': 1395.13538, 'r2': 0.94183, 'mse': 4352581.0, 'rmse': 2086.28394, 'wmape': 0.10332, 'spearmanr': 0.96892, 'mae_norm': 0.17271, 'r2_norm': 0.94183, 'mse_norm': 0.06671, 'rmse_norm': 0.25827, 'wmape_norm': 0.2035, 'spearmanr_norm': 0.96892, 'mae_real': 1395.13538, 'r2_real': 0.94183, 'mse_real': 4352581.0, 'rmse_real': 2086.28394, 'wmape_real': 0.10332, 'spearmanr_real': 0.96892, 'loss_sup': 0.4105599196397044, 'loss_data': 0.4105599196397044, 'loss_con': 1.2220164289921682, 'lambda_con': 0.0, 'rho_terminal_abs_mean': 6875.348939623259, 'rho_terminal_abs_max': 33109.198271943525, 'loss_old': 0.15819988070593968, 'loss_new': 0.2523600359565258, 'lambda_new_current': 1.0}
> Epoch 43: took 2.4s (avg 2.5s) | Best so far: epoch 43	train_loss: 0.4182	val_loss: 0.4127	test_loss: 0.4106	val_rmse_norm: 0.2587
train: {'epoch': 44, 'time_epoch': 1.42657, 'eta': 225.12772, 'eta_hours': 0.06254, 'loss': 0.41731569, 'lr': 0.00092305, 'params': 332673, 'time_iter': 0.01902, 'mae': 1424.25281, 'r2': 0.939, 'mse': 4549835.0, 'rmse': 2133.03418, 'wmape': 0.10552, 'spearmanr': 0.96736, 'mae_norm': 0.17632, 'r2_norm': 0.939, 'mse_norm': 0.06973, 'rmse_norm': 0.26406, 'wmape_norm': 0.20804, 'spearmanr_norm': 0.96736, 'mae_real': 1424.25281, 'r2_real': 0.939, 'mse_real': 4549835.0, 'rmse_real': 2133.03418, 'wmape_real': 0.10552, 'spearmanr_real': 0.96736, 'loss_sup': 0.4173156930754274, 'loss_data': 0.4173156930754274, 'loss_con': 1.314507296070261, 'lambda_con': 0.0, 'rho_terminal_abs_mean': 7131.679446059414, 'rho_terminal_abs_max': 34930.99546224745, 'loss_old': 0.16192246725445333, 'loss_new': 0.2553932260172504, 'lambda_new_current': 1.0}
val: {'epoch': 44, 'time_epoch': 0.27041, 'loss': 0.40770303, 'lr': 0, 'params': 332673, 'time_iter': 0.01082, 'mae': 1382.59595, 'r2': 0.94146, 'mse': 4387113.5, 'rmse': 2094.5437, 'wmape': 0.10233, 'spearmanr': 0.96827, 'mae_norm': 0.17116, 'r2_norm': 0.94146, 'mse_norm': 0.06723, 'rmse_norm': 0.2593, 'wmape_norm': 0.20172, 'spearmanr_norm': 0.96827, 'mae_real': 1382.59595, 'r2_real': 0.94146, 'mse_real': 4387113.5, 'rmse_real': 2094.5437, 'wmape_real': 0.10233, 'spearmanr_real': 0.96827, 'loss_sup': 0.40770302562619803, 'loss_data': 0.40770302562619803, 'loss_con': 1.3154878067477824, 'lambda_con': 0.0, 'rho_terminal_abs_mean': 7167.509289588144, 'rho_terminal_abs_max': 33658.74860492824, 'loss_old': 0.15665509087378565, 'loss_new': 0.25104793415281956, 'lambda_new_current': 1.0}
test: {'epoch': 44, 'time_epoch': 0.27012, 'loss': 0.40522905, 'lr': 0, 'params': 332673, 'time_iter': 0.0108, 'mae': 1381.38403, 'r2': 0.94181, 'mse': 4354113.5, 'rmse': 2086.65137, 'wmape': 0.1023, 'spearmanr': 0.96891, 'mae_norm': 0.17101, 'r2_norm': 0.94181, 'mse_norm': 0.06673, 'rmse_norm': 0.25832, 'wmape_norm': 0.20149, 'spearmanr_norm': 0.96891, 'mae_real': 1381.38403, 'r2_real': 0.94181, 'mse_real': 4354113.5, 'rmse_real': 2086.65137, 'wmape_real': 0.1023, 'spearmanr_real': 0.96891, 'loss_sup': 0.4052290496099856, 'loss_data': 0.4052290496099856, 'loss_con': 1.3009297665911919, 'lambda_con': 0.0, 'rho_terminal_abs_mean': 7111.697317408907, 'rho_terminal_abs_max': 33683.58156820681, 'loss_old': 0.15692716034185425, 'loss_new': 0.24830189165282848, 'lambda_new_current': 1.0}
> Epoch 44: took 2.4s (avg 2.5s) | Best so far: epoch 43	train_loss: 0.4182	val_loss: 0.4127	test_loss: 0.4106	val_rmse_norm: 0.2587
train: {'epoch': 45, 'time_epoch': 1.42036, 'eta': 223.56789, 'eta_hours': 0.0621, 'loss': 0.41724514, 'lr': 0.00091858, 'params': 332673, 'time_iter': 0.01894, 'mae': 1423.50049, 'r2': 0.939, 'mse': 4549391.0, 'rmse': 2132.93018, 'wmape': 0.10546, 'spearmanr': 0.96736, 'mae_norm': 0.17622, 'r2_norm': 0.939, 'mse_norm': 0.06972, 'rmse_norm': 0.26405, 'wmape_norm': 0.20793, 'spearmanr_norm': 0.96736, 'mae_real': 1423.50049, 'r2_real': 0.939, 'mse_real': 4549391.0, 'rmse_real': 2132.93018, 'wmape_real': 0.10546, 'spearmanr_real': 0.96736, 'loss_sup': 0.417245135814239, 'loss_data': 0.417245135814239, 'loss_con': 1.3110511546548607, 'lambda_con': 0.0, 'rho_terminal_abs_mean': 7111.5209567772845, 'rho_terminal_abs_max': 34718.212595017394, 'loss_old': 0.16180186851521544, 'loss_new': 0.25544326729492756, 'lambda_new_current': 1.0}
val: {'epoch': 45, 'time_epoch': 0.26955, 'loss': 0.41122892, 'lr': 0, 'params': 332673, 'time_iter': 0.01078, 'mae': 1394.72229, 'r2': 0.94039, 'mse': 4466697.5, 'rmse': 2113.4563, 'wmape': 0.10323, 'spearmanr': 0.96784, 'mae_norm': 0.17266, 'r2_norm': 0.94039, 'mse_norm': 0.06845, 'rmse_norm': 0.26164, 'wmape_norm': 0.20349, 'spearmanr_norm': 0.96784, 'mae_real': 1394.72229, 'r2_real': 0.94039, 'mse_real': 4466697.5, 'rmse_real': 2113.4563, 'wmape_real': 0.10323, 'spearmanr_real': 0.96784, 'loss_sup': 0.41122891587538996, 'loss_data': 0.41122891587538996, 'loss_con': 1.3514987470976596, 'lambda_con': 0.0, 'rho_terminal_abs_mean': 7242.621927930784, 'rho_terminal_abs_max': 35317.731939565674, 'loss_old': 0.15803832591746228, 'loss_new': 0.25319058995898835, 'lambda_new_current': 1.0}
test: {'epoch': 45, 'time_epoch': 0.26999, 'loss': 0.40951432, 'lr': 0, 'params': 332673, 'time_iter': 0.0108, 'mae': 1395.1582, 'r2': 0.94055, 'mse': 4448271.5, 'rmse': 2109.09253, 'wmape': 0.10332, 'spearmanr': 0.96833, 'mae_norm': 0.17272, 'r2_norm': 0.94055, 'mse_norm': 0.06817, 'rmse_norm': 0.2611, 'wmape_norm': 0.2035, 'spearmanr_norm': 0.96833, 'mae_real': 1395.1582, 'r2_real': 0.94055, 'mse_real': 4448271.5, 'rmse_real': 2109.09253, 'wmape_real': 0.10332, 'spearmanr_real': 0.96833, 'loss_sup': 0.409514324404431, 'loss_data': 0.409514324404431, 'loss_con': 1.3379185173511554, 'lambda_con': 0.0, 'rho_terminal_abs_mean': 7189.922725827856, 'rho_terminal_abs_max': 35148.220988800844, 'loss_old': 0.1584393025518414, 'loss_new': 0.25107502185558284, 'lambda_new_current': 1.0}
> Epoch 45: took 2.4s (avg 2.5s) | Best so far: epoch 43	train_loss: 0.4182	val_loss: 0.4127	test_loss: 0.4106	val_rmse_norm: 0.2587
train: {'epoch': 46, 'time_epoch': 1.4247, 'eta': 222.02812, 'eta_hours': 0.06167, 'loss': 0.41574907, 'lr': 0.000914, 'params': 332673, 'time_iter': 0.019, 'mae': 1419.92297, 'r2': 0.93938, 'mse': 4521767.5, 'rmse': 2126.44482, 'wmape': 0.1052, 'spearmanr': 0.96755, 'mae_norm': 0.17578, 'r2_norm': 0.93938, 'mse_norm': 0.0693, 'rmse_norm': 0.26325, 'wmape_norm': 0.20741, 'spearmanr_norm': 0.96755, 'mae_real': 1419.92297, 'r2_real': 0.93938, 'mse_real': 4521767.5, 'rmse_real': 2126.44482, 'wmape_real': 0.1052, 'spearmanr_real': 0.96755, 'loss_sup': 0.4157490748529368, 'loss_data': 0.4157490748529368, 'loss_con': 1.3076230290233215, 'lambda_con': 0.0, 'rho_terminal_abs_mean': 7111.177238694021, 'rho_terminal_abs_max': 35285.569660672554, 'loss_old': 0.16150111919191074, 'loss_new': 0.2542479564538869, 'lambda_new_current': 1.0}
val: {'epoch': 46, 'time_epoch': 0.26955, 'loss': 0.41038961, 'lr': 0, 'params': 332673, 'time_iter': 0.01078, 'mae': 1388.00793, 'r2': 0.94056, 'mse': 4453920.0, 'rmse': 2110.43115, 'wmape': 0.10273, 'spearmanr': 0.96799, 'mae_norm': 0.17183, 'r2_norm': 0.94056, 'mse_norm': 0.06826, 'rmse_norm': 0.26126, 'wmape_norm': 0.20251, 'spearmanr_norm': 0.96799, 'mae_real': 1388.00793, 'r2_real': 0.94056, 'mse_real': 4453920.0, 'rmse_real': 2110.43115, 'wmape_real': 0.10273, 'spearmanr_real': 0.96799, 'loss_sup': 0.41038960937179786, 'loss_data': 0.41038960937179786, 'loss_con': 1.4078504190226562, 'lambda_con': 0.0, 'rho_terminal_abs_mean': 7395.59606320914, 'rho_terminal_abs_max': 35293.82843504957, 'loss_old': 0.1570256286722099, 'loss_new': 0.25336398010330197, 'lambda_new_current': 1.0}
test: {'epoch': 46, 'time_epoch': 0.26967, 'loss': 0.40845727, 'lr': 0, 'params': 332673, 'time_iter': 0.01079, 'mae': 1388.55957, 'r2': 0.94075, 'mse': 4433544.5, 'rmse': 2105.59839, 'wmape': 0.10283, 'spearmanr': 0.96849, 'mae_norm': 0.1719, 'r2_norm': 0.94075, 'mse_norm': 0.06795, 'rmse_norm': 0.26067, 'wmape_norm': 0.20254, 'spearmanr_norm': 0.96849, 'mae_real': 1388.55957, 'r2_real': 0.94075, 'mse_real': 4433544.5, 'rmse_real': 2105.59839, 'wmape_real': 0.10283, 'spearmanr_real': 0.96849, 'loss_sup': 0.40845726523887055, 'loss_data': 0.40845726523887055, 'loss_con': 1.3946274090500685, 'lambda_con': 0.0, 'rho_terminal_abs_mean': 7341.870245531569, 'rho_terminal_abs_max': 35206.26213265344, 'loss_old': 0.15749267434418326, 'loss_new': 0.2509645932757052, 'lambda_new_current': 1.0}
> Epoch 46: took 2.4s (avg 2.5s) | Best so far: epoch 43	train_loss: 0.4182	val_loss: 0.4127	test_loss: 0.4106	val_rmse_norm: 0.2587
train: {'epoch': 47, 'time_epoch': 1.42339, 'eta': 220.489, 'eta_hours': 0.06125, 'loss': 0.41553516, 'lr': 0.00090931, 'params': 332673, 'time_iter': 0.01898, 'mae': 1420.22693, 'r2': 0.93939, 'mse': 4520325.0, 'rmse': 2126.10571, 'wmape': 0.10522, 'spearmanr': 0.96759, 'mae_norm': 0.17582, 'r2_norm': 0.93939, 'mse_norm': 0.06928, 'rmse_norm': 0.2632, 'wmape_norm': 0.20745, 'spearmanr_norm': 0.96759, 'mae_real': 1420.22693, 'r2_real': 0.93939, 'mse_real': 4520325.0, 'rmse_real': 2126.10571, 'wmape_real': 0.10522, 'spearmanr_real': 0.96759, 'loss_sup': 0.4155351631059658, 'loss_data': 0.4155351631059658, 'loss_con': 1.3077451663681965, 'lambda_con': 0.0, 'rho_terminal_abs_mean': 7105.903358181859, 'rho_terminal_abs_max': 34990.52980118479, 'loss_old': 0.16160455466222803, 'loss_new': 0.2539306084416378, 'lambda_new_current': 1.0}
val: {'epoch': 47, 'time_epoch': 0.26972, 'loss': 0.40776234, 'lr': 0, 'params': 332673, 'time_iter': 0.01079, 'mae': 1383.53149, 'r2': 0.94178, 'mse': 4362650.0, 'rmse': 2088.6958, 'wmape': 0.1024, 'spearmanr': 0.96851, 'mae_norm': 0.17128, 'r2_norm': 0.94178, 'mse_norm': 0.06686, 'rmse_norm': 0.25857, 'wmape_norm': 0.20186, 'spearmanr_norm': 0.96851, 'mae_real': 1383.53149, 'r2_real': 0.94178, 'mse_real': 4362650.0, 'rmse_real': 2088.6958, 'wmape_real': 0.1024, 'spearmanr_real': 0.96851, 'loss_sup': 0.4077623448258472, 'loss_data': 0.4077623448258472, 'loss_con': 1.4054027164433465, 'lambda_con': 0.0, 'rho_terminal_abs_mean': 7383.465719319249, 'rho_terminal_abs_max': 34604.30793844491, 'loss_old': 0.1568072925140636, 'loss_new': 0.250955050523799, 'lambda_new_current': 1.0}
test: {'epoch': 47, 'time_epoch': 0.27001, 'loss': 0.40608376, 'lr': 0, 'params': 332673, 'time_iter': 0.0108, 'mae': 1384.40405, 'r2': 0.94199, 'mse': 4340776.0, 'rmse': 2083.45288, 'wmape': 0.10252, 'spearmanr': 0.96904, 'mae_norm': 0.17138, 'r2_norm': 0.94199, 'mse_norm': 0.06652, 'rmse_norm': 0.25792, 'wmape_norm': 0.20193, 'spearmanr_norm': 0.96904, 'mae_real': 1384.40405, 'r2_real': 0.94199, 'mse_real': 4340776.0, 'rmse_real': 2083.45288, 'wmape_real': 0.10252, 'spearmanr_real': 0.96904, 'loss_sup': 0.4060837646991015, 'loss_data': 0.4060837646991015, 'loss_con': 1.3887565738709666, 'lambda_con': 0.0, 'rho_terminal_abs_mean': 7325.628263035927, 'rho_terminal_abs_max': 34590.85336459303, 'loss_old': 0.15727751309132437, 'loss_new': 0.24880625160977266, 'lambda_new_current': 1.0}
> Epoch 47: took 2.4s (avg 2.5s) | Best so far: epoch 47	train_loss: 0.4155	val_loss: 0.4078	test_loss: 0.4061	val_rmse_norm: 0.2586
train: {'epoch': 48, 'time_epoch': 1.4246, 'eta': 218.95833, 'eta_hours': 0.06082, 'loss': 0.41320851, 'lr': 0.00090451, 'params': 332673, 'time_iter': 0.01899, 'mae': 1415.78369, 'r2': 0.9398, 'mse': 4489813.5, 'rmse': 2118.91797, 'wmape': 0.10489, 'spearmanr': 0.96776, 'mae_norm': 0.17527, 'r2_norm': 0.9398, 'mse_norm': 0.06881, 'rmse_norm': 0.26231, 'wmape_norm': 0.20681, 'spearmanr_norm': 0.96776, 'mae_real': 1415.78369, 'r2_real': 0.9398, 'mse_real': 4489813.5, 'rmse_real': 2118.91797, 'wmape_real': 0.10489, 'spearmanr_real': 0.96776, 'loss_sup': 0.4132085124416863, 'loss_data': 0.4132085124416863, 'loss_con': 1.31109032570118, 'lambda_con': 0.0, 'rho_terminal_abs_mean': 7119.242974808361, 'rho_terminal_abs_max': 34449.69049143071, 'loss_old': 0.16133028143353145, 'loss_new': 0.2518782318000802, 'lambda_new_current': 1.0}
val: {'epoch': 48, 'time_epoch': 0.26937, 'loss': 0.41052218, 'lr': 0, 'params': 332673, 'time_iter': 0.01077, 'mae': 1401.01697, 'r2': 0.94177, 'mse': 4363837.0, 'rmse': 2088.97998, 'wmape': 0.1037, 'spearmanr': 0.96842, 'mae_norm': 0.17344, 'r2_norm': 0.94177, 'mse_norm': 0.06688, 'rmse_norm': 0.25861, 'wmape_norm': 0.20441, 'spearmanr_norm': 0.96842, 'mae_real': 1401.01697, 'r2_real': 0.94177, 'mse_real': 4363837.0, 'rmse_real': 2088.97998, 'wmape_real': 0.1037, 'spearmanr_real': 0.96842, 'loss_sup': 0.41052217725533896, 'loss_data': 0.41052217725533896, 'loss_con': 1.3351666590287854, 'lambda_con': 0.0, 'rho_terminal_abs_mean': 7199.595349738578, 'rho_terminal_abs_max': 34410.78688553709, 'loss_old': 0.15932068048194883, 'loss_new': 0.25120149497954064, 'lambda_new_current': 1.0}
test: {'epoch': 48, 'time_epoch': 0.27025, 'loss': 0.40840594, 'lr': 0, 'params': 332673, 'time_iter': 0.01081, 'mae': 1400.40173, 'r2': 0.94193, 'mse': 4345271.0, 'rmse': 2084.53125, 'wmape': 0.10371, 'spearmanr': 0.96892, 'mae_norm': 0.17336, 'r2_norm': 0.94193, 'mse_norm': 0.06659, 'rmse_norm': 0.25806, 'wmape_norm': 0.20427, 'spearmanr_norm': 0.96892, 'mae_real': 1400.40173, 'r2_real': 0.94193, 'mse_real': 4345271.0, 'rmse_real': 2084.53125, 'wmape_real': 0.10371, 'spearmanr_real': 0.96892, 'loss_sup': 0.40840594272427844, 'loss_data': 0.40840594272427844, 'loss_con': 1.3234964976300054, 'lambda_con': 0.0, 'rho_terminal_abs_mean': 7153.553036692317, 'rho_terminal_abs_max': 33985.006474537244, 'loss_old': 0.15962261119626894, 'loss_new': 0.2487833273519677, 'lambda_new_current': 1.0}
> Epoch 48: took 2.4s (avg 2.5s) | Best so far: epoch 47	train_loss: 0.4155	val_loss: 0.4078	test_loss: 0.4061	val_rmse_norm: 0.2586
train: {'epoch': 49, 'time_epoch': 1.42272, 'eta': 217.42628, 'eta_hours': 0.0604, 'loss': 0.41575302, 'lr': 0.00089959, 'params': 332673, 'time_iter': 0.01897, 'mae': 1422.0918, 'r2': 0.93928, 'mse': 4528681.5, 'rmse': 2128.06982, 'wmape': 0.10536, 'spearmanr': 0.96765, 'mae_norm': 0.17605, 'r2_norm': 0.93928, 'mse_norm': 0.0694, 'rmse_norm': 0.26345, 'wmape_norm': 0.20773, 'spearmanr_norm': 0.96765, 'mae_real': 1422.0918, 'r2_real': 0.93928, 'mse_real': 4528681.5, 'rmse_real': 2128.06982, 'wmape_real': 0.10536, 'spearmanr_real': 0.96765, 'loss_sup': 0.4157530249510871, 'loss_data': 0.4157530249510871, 'loss_con': 1.3119169476289485, 'lambda_con': 0.0, 'rho_terminal_abs_mean': 7132.039450597061, 'rho_terminal_abs_max': 34657.86363199482, 'loss_old': 0.16188475619131773, 'loss_new': 0.2538682693595559, 'lambda_new_current': 1.0}
val: {'epoch': 49, 'time_epoch': 0.26997, 'loss': 0.40849994, 'lr': 0, 'params': 332673, 'time_iter': 0.0108, 'mae': 1392.80945, 'r2': 0.94102, 'mse': 4419917.0, 'rmse': 2102.35986, 'wmape': 0.10309, 'spearmanr': 0.96841, 'mae_norm': 0.17242, 'r2_norm': 0.94102, 'mse_norm': 0.06774, 'rmse_norm': 0.26026, 'wmape_norm': 0.20321, 'spearmanr_norm': 0.96841, 'mae_real': 1392.80945, 'r2_real': 0.94102, 'mse_real': 4419917.0, 'rmse_real': 2102.35986, 'wmape_real': 0.10309, 'spearmanr_real': 0.96841, 'loss_sup': 0.4084999449127928, 'loss_data': 0.4084999449127928, 'loss_con': 1.3782607186041211, 'lambda_con': 0.0, 'rho_terminal_abs_mean': 7290.240573151564, 'rho_terminal_abs_max': 34451.312406624485, 'loss_old': 0.15830276418006217, 'loss_new': 0.25019718311781236, 'lambda_new_current': 1.0}
test: {'epoch': 49, 'time_epoch': 0.26987, 'loss': 0.40625112, 'lr': 0, 'params': 332673, 'time_iter': 0.01079, 'mae': 1392.38379, 'r2': 0.94122, 'mse': 4398331.5, 'rmse': 2097.21997, 'wmape': 0.10312, 'spearmanr': 0.96893, 'mae_norm': 0.17237, 'r2_norm': 0.94122, 'mse_norm': 0.06741, 'rmse_norm': 0.25963, 'wmape_norm': 0.2031, 'spearmanr_norm': 0.96893, 'mae_real': 1392.38379, 'r2_real': 0.94122, 'mse_real': 4398331.5, 'rmse_real': 2097.21997, 'wmape_real': 0.10312, 'spearmanr_real': 0.96893, 'loss_sup': 0.4062511194206517, 'loss_data': 0.4062511194206517, 'loss_con': 1.366031182569333, 'lambda_con': 0.0, 'rho_terminal_abs_mean': 7243.000054278901, 'rho_terminal_abs_max': 34618.53804747658, 'loss_old': 0.15866833266086497, 'loss_new': 0.24758278676514966, 'lambda_new_current': 1.0}
> Epoch 49: took 2.4s (avg 2.5s) | Best so far: epoch 47	train_loss: 0.4155	val_loss: 0.4078	test_loss: 0.4061	val_rmse_norm: 0.2586
train: {'epoch': 50, 'time_epoch': 1.42339, 'eta': 215.90046, 'eta_hours': 0.05997, 'loss': 0.41262943, 'lr': 0.00089457, 'params': 332673, 'time_iter': 0.01898, 'mae': 1413.95886, 'r2': 0.93981, 'mse': 4489070.0, 'rmse': 2118.74243, 'wmape': 0.10475, 'spearmanr': 0.96782, 'mae_norm': 0.17504, 'r2_norm': 0.93981, 'mse_norm': 0.0688, 'rmse_norm': 0.26229, 'wmape_norm': 0.20654, 'spearmanr_norm': 0.96782, 'mae_real': 1413.95886, 'r2_real': 0.93981, 'mse_real': 4489070.0, 'rmse_real': 2118.74243, 'wmape_real': 0.10475, 'spearmanr_real': 0.96782, 'loss_sup': 0.41262943338025504, 'loss_data': 0.41262943338025504, 'loss_con': 1.319324583127466, 'lambda_con': 0.0, 'rho_terminal_abs_mean': 7139.834507856911, 'rho_terminal_abs_max': 34923.45153003249, 'loss_old': 0.1611246397305354, 'loss_new': 0.25150479623453814, 'lambda_new_current': 1.0}
val: {'epoch': 50, 'time_epoch': 0.26925, 'loss': 0.40623508, 'lr': 0, 'params': 332673, 'time_iter': 0.01077, 'mae': 1384.08179, 'r2': 0.94216, 'mse': 4334474.5, 'rmse': 2081.94019, 'wmape': 0.10244, 'spearmanr': 0.96871, 'mae_norm': 0.17134, 'r2_norm': 0.94216, 'mse_norm': 0.06643, 'rmse_norm': 0.25774, 'wmape_norm': 0.20194, 'spearmanr_norm': 0.96871, 'mae_real': 1384.08179, 'r2_real': 0.94216, 'mse_real': 4334474.5, 'rmse_real': 2081.94019, 'wmape_real': 0.10244, 'spearmanr_real': 0.96871, 'loss_sup': 0.4062350818992165, 'loss_data': 0.4062350818992165, 'loss_con': 1.3209220621094881, 'lambda_con': 0.0, 'rho_terminal_abs_mean': 7164.516943861704, 'rho_terminal_abs_max': 34242.21872786237, 'loss_old': 0.15724609705768855, 'loss_new': 0.24898898483678608, 'lambda_new_current': 1.0}
test: {'epoch': 50, 'time_epoch': 0.2693, 'loss': 0.40388147, 'lr': 0, 'params': 332673, 'time_iter': 0.01077, 'mae': 1383.84399, 'r2': 0.94238, 'mse': 4311443.0, 'rmse': 2076.40137, 'wmape': 0.10248, 'spearmanr': 0.96924, 'mae_norm': 0.17131, 'r2_norm': 0.94238, 'mse_norm': 0.06608, 'rmse_norm': 0.25705, 'wmape_norm': 0.20185, 'spearmanr_norm': 0.96924, 'mae_real': 1383.84399, 'r2_real': 0.94238, 'mse_real': 4311443.0, 'rmse_real': 2076.40137, 'wmape_real': 0.10248, 'spearmanr_real': 0.96924, 'loss_sup': 0.4038814734715167, 'loss_data': 0.4038814734715167, 'loss_con': 1.3080344170002072, 'lambda_con': 0.0, 'rho_terminal_abs_mean': 7114.341817774921, 'rho_terminal_abs_max': 33732.068598224236, 'loss_old': 0.1576670358160346, 'loss_new': 0.24621444003899437, 'lambda_new_current': 1.0}
> Epoch 50: took 2.4s (avg 2.5s) | Best so far: epoch 50	train_loss: 0.4126	val_loss: 0.4062	test_loss: 0.4039	val_rmse_norm: 0.2577
train: {'epoch': 51, 'time_epoch': 1.42318, 'eta': 214.37798, 'eta_hours': 0.05955, 'loss': 0.41169164, 'lr': 0.00088944, 'params': 332673, 'time_iter': 0.01898, 'mae': 1412.16187, 'r2': 0.9401, 'mse': 4467680.5, 'rmse': 2113.68872, 'wmape': 0.10462, 'spearmanr': 0.96795, 'mae_norm': 0.17482, 'r2_norm': 0.9401, 'mse_norm': 0.06847, 'rmse_norm': 0.26167, 'wmape_norm': 0.20628, 'spearmanr_norm': 0.96795, 'mae_real': 1412.16187, 'r2_real': 0.9401, 'mse_real': 4467680.5, 'rmse_real': 2113.68872, 'wmape_real': 0.10462, 'spearmanr_real': 0.96795, 'loss_sup': 0.4116916360437839, 'loss_data': 0.4116916360437839, 'loss_con': 1.313812975261035, 'lambda_con': 0.0, 'rho_terminal_abs_mean': 7128.542410384239, 'rho_terminal_abs_max': 34771.63283774669, 'loss_old': 0.16101543346567143, 'loss_new': 0.2506762027785264, 'lambda_new_current': 1.0}
val: {'epoch': 51, 'time_epoch': 0.26998, 'loss': 0.40929412, 'lr': 0, 'params': 332673, 'time_iter': 0.0108, 'mae': 1392.81335, 'r2': 0.94203, 'mse': 4343861.0, 'rmse': 2084.19312, 'wmape': 0.10309, 'spearmanr': 0.96839, 'mae_norm': 0.17243, 'r2_norm': 0.94203, 'mse_norm': 0.06657, 'rmse_norm': 0.25802, 'wmape_norm': 0.20321, 'spearmanr_norm': 0.96839, 'mae_real': 1392.81335, 'r2_real': 0.94203, 'mse_real': 4343861.0, 'rmse_real': 2084.19312, 'wmape_real': 0.10309, 'spearmanr_real': 0.96839, 'loss_sup': 0.4092941185761607, 'loss_data': 0.4092941185761607, 'loss_con': 1.2316800040209712, 'lambda_con': 0.0, 'rho_terminal_abs_mean': 6916.430706377115, 'rho_terminal_abs_max': 33246.91807814607, 'loss_old': 0.15812808896921318, 'loss_new': 0.25116603258650594, 'lambda_new_current': 1.0}
test: {'epoch': 51, 'time_epoch': 0.26879, 'loss': 0.40649234, 'lr': 0, 'params': 332673, 'time_iter': 0.01075, 'mae': 1390.57324, 'r2': 0.94243, 'mse': 4307646.0, 'rmse': 2075.48682, 'wmape': 0.10298, 'spearmanr': 0.96905, 'mae_norm': 0.17215, 'r2_norm': 0.94243, 'mse_norm': 0.06602, 'rmse_norm': 0.25694, 'wmape_norm': 0.20283, 'spearmanr_norm': 0.96905, 'mae_real': 1390.57324, 'r2_real': 0.94243, 'mse_real': 4307646.0, 'rmse_real': 2075.48682, 'wmape_real': 0.10298, 'spearmanr_real': 0.96905, 'loss_sup': 0.40649234030730697, 'loss_data': 0.40649234030730697, 'loss_con': 1.2207841525770562, 'lambda_con': 0.0, 'rho_terminal_abs_mean': 6865.908085966516, 'rho_terminal_abs_max': 32731.27451163497, 'loss_old': 0.15828842637469864, 'loss_new': 0.24820391571728045, 'lambda_new_current': 1.0}
> Epoch 51: took 2.4s (avg 2.5s) | Best so far: epoch 50	train_loss: 0.4126	val_loss: 0.4062	test_loss: 0.4039	val_rmse_norm: 0.2577
train: {'epoch': 52, 'time_epoch': 1.42549, 'eta': 212.86565, 'eta_hours': 0.05913, 'loss': 0.41250672, 'lr': 0.0008842, 'params': 332673, 'time_iter': 0.01901, 'mae': 1413.54932, 'r2': 0.94006, 'mse': 4470377.5, 'rmse': 2114.32666, 'wmape': 0.10472, 'spearmanr': 0.96795, 'mae_norm': 0.17499, 'r2_norm': 0.94006, 'mse_norm': 0.06851, 'rmse_norm': 0.26175, 'wmape_norm': 0.20648, 'spearmanr_norm': 0.96795, 'mae_real': 1413.54932, 'r2_real': 0.94006, 'mse_real': 4470377.5, 'rmse_real': 2114.32666, 'wmape_real': 0.10472, 'spearmanr_real': 0.96795, 'loss_sup': 0.41250672340283284, 'loss_data': 0.41250672340283284, 'loss_con': 1.310257195055451, 'lambda_con': 0.0, 'rho_terminal_abs_mean': 7113.747425333911, 'rho_terminal_abs_max': 34868.534538747044, 'loss_old': 0.16108076345516067, 'loss_new': 0.25142596213388746, 'lambda_new_current': 1.0}
val: {'epoch': 52, 'time_epoch': 0.26975, 'loss': 0.4050557, 'lr': 0, 'params': 332673, 'time_iter': 0.01079, 'mae': 1376.84937, 'r2': 0.94279, 'mse': 4287478.0, 'rmse': 2070.62256, 'wmape': 0.10191, 'spearmanr': 0.96899, 'mae_norm': 0.17045, 'r2_norm': 0.94279, 'mse_norm': 0.06571, 'rmse_norm': 0.25634, 'wmape_norm': 0.20088, 'spearmanr_norm': 0.96899, 'mae_real': 1376.84937, 'r2_real': 0.94279, 'mse_real': 4287478.0, 'rmse_real': 2070.62256, 'wmape_real': 0.10191, 'spearmanr_real': 0.96899, 'loss_sup': 0.4050557012708055, 'loss_data': 0.4050557012708055, 'loss_con': 1.3002756678482914, 'lambda_con': 0.0, 'rho_terminal_abs_mean': 7104.213541240052, 'rho_terminal_abs_max': 33812.88567117451, 'loss_old': 0.15621513963218353, 'loss_new': 0.24884055865438415, 'lambda_new_current': 1.0}
test: {'epoch': 52, 'time_epoch': 0.26983, 'loss': 0.40240133, 'lr': 0, 'params': 332673, 'time_iter': 0.01079, 'mae': 1375.8761, 'r2': 0.94309, 'mse': 4258362.5, 'rmse': 2063.58008, 'wmape': 0.10189, 'spearmanr': 0.96956, 'mae_norm': 0.17033, 'r2_norm': 0.94309, 'mse_norm': 0.06526, 'rmse_norm': 0.25546, 'wmape_norm': 0.20069, 'spearmanr_norm': 0.96956, 'mae_real': 1375.8761, 'r2_real': 0.94309, 'mse_real': 4258362.5, 'rmse_real': 2063.58008, 'wmape_real': 0.10189, 'spearmanr_real': 0.96956, 'loss_sup': 0.4024013322714381, 'loss_data': 0.4024013322714381, 'loss_con': 1.2866362172943513, 'lambda_con': 0.0, 'rho_terminal_abs_mean': 7053.694185440904, 'rho_terminal_abs_max': 33835.60425360391, 'loss_old': 0.15657089439468547, 'loss_new': 0.24583043727591694, 'lambda_new_current': 1.0}
> Epoch 52: took 2.4s (avg 2.5s) | Best so far: epoch 52	train_loss: 0.4125	val_loss: 0.4051	test_loss: 0.4024	val_rmse_norm: 0.2563
train: {'epoch': 53, 'time_epoch': 1.4244, 'eta': 211.35358, 'eta_hours': 0.05871, 'loss': 0.41111021, 'lr': 0.00087886, 'params': 332673, 'time_iter': 0.01899, 'mae': 1409.93469, 'r2': 0.9403, 'mse': 4452931.5, 'rmse': 2110.19702, 'wmape': 0.10446, 'spearmanr': 0.96807, 'mae_norm': 0.17454, 'r2_norm': 0.9403, 'mse_norm': 0.06824, 'rmse_norm': 0.26123, 'wmape_norm': 0.20595, 'spearmanr_norm': 0.96807, 'mae_real': 1409.93469, 'r2_real': 0.9403, 'mse_real': 4452931.5, 'rmse_real': 2110.19702, 'wmape_real': 0.10446, 'spearmanr_real': 0.96807, 'loss_sup': 0.41111020743015214, 'loss_data': 0.41111020743015214, 'loss_con': 1.3068611983554133, 'lambda_con': 0.0, 'rho_terminal_abs_mean': 7113.839642502047, 'rho_terminal_abs_max': 34585.57041908988, 'loss_old': 0.16074099542261946, 'loss_new': 0.2503692120068257, 'lambda_new_current': 1.0}
val: {'epoch': 53, 'time_epoch': 0.26981, 'loss': 0.40706832, 'lr': 0, 'params': 332673, 'time_iter': 0.01079, 'mae': 1378.9696, 'r2': 0.9427, 'mse': 4294272.0, 'rmse': 2072.26245, 'wmape': 0.10206, 'spearmanr': 0.96891, 'mae_norm': 0.17071, 'r2_norm': 0.9427, 'mse_norm': 0.06581, 'rmse_norm': 0.25654, 'wmape_norm': 0.20119, 'spearmanr_norm': 0.96891, 'mae_real': 1378.9696, 'r2_real': 0.9427, 'mse_real': 4294272.0, 'rmse_real': 2072.26245, 'wmape_real': 0.10206, 'spearmanr_real': 0.96891, 'loss_sup': 0.4070683153979364, 'loss_data': 0.4070683153979364, 'loss_con': 1.2429622326599448, 'lambda_con': 0.0, 'rho_terminal_abs_mean': 6954.214316269924, 'rho_terminal_abs_max': 32965.448678941706, 'loss_old': 0.15614830793090512, 'loss_new': 0.250920008662723, 'lambda_new_current': 1.0}
test: {'epoch': 53, 'time_epoch': 0.26987, 'loss': 0.40459594, 'lr': 0, 'params': 332673, 'time_iter': 0.01079, 'mae': 1378.7561, 'r2': 0.94287, 'mse': 4275110.0, 'rmse': 2067.63403, 'wmape': 0.10211, 'spearmanr': 0.96944, 'mae_norm': 0.17069, 'r2_norm': 0.94287, 'mse_norm': 0.06552, 'rmse_norm': 0.25597, 'wmape_norm': 0.20111, 'spearmanr_norm': 0.96944, 'mae_real': 1378.7561, 'r2_real': 0.94287, 'mse_real': 4275110.0, 'rmse_real': 2067.63403, 'wmape_real': 0.10211, 'spearmanr_real': 0.96944, 'loss_sup': 0.4045959369580661, 'loss_data': 0.4045959369580661, 'loss_con': 1.2315071120928347, 'lambda_con': 0.0, 'rho_terminal_abs_mean': 6906.646935425456, 'rho_terminal_abs_max': 32722.162811659753, 'loss_old': 0.15659828847341026, 'loss_new': 0.24799764848216146, 'lambda_new_current': 1.0}
> Epoch 53: took 2.4s (avg 2.5s) | Best so far: epoch 52	train_loss: 0.4125	val_loss: 0.4051	test_loss: 0.4024	val_rmse_norm: 0.2563
train: {'epoch': 54, 'time_epoch': 1.4226, 'eta': 209.83997, 'eta_hours': 0.05829, 'loss': 0.41159785, 'lr': 0.00087341, 'params': 332673, 'time_iter': 0.01897, 'mae': 1410.62439, 'r2': 0.9402, 'mse': 4460539.5, 'rmse': 2111.99902, 'wmape': 0.10451, 'spearmanr': 0.96803, 'mae_norm': 0.17463, 'r2_norm': 0.9402, 'mse_norm': 0.06836, 'rmse_norm': 0.26146, 'wmape_norm': 0.20605, 'spearmanr_norm': 0.96803, 'mae_real': 1410.62439, 'r2_real': 0.9402, 'mse_real': 4460539.5, 'rmse_real': 2111.99902, 'wmape_real': 0.10451, 'spearmanr_real': 0.96803, 'loss_sup': 0.4115978548296266, 'loss_data': 0.4115978548296266, 'loss_con': 1.313701259442628, 'lambda_con': 0.0, 'rho_terminal_abs_mean': 7131.781085172256, 'rho_terminal_abs_max': 34804.977707986975, 'loss_old': 0.16076293179556597, 'loss_new': 0.25083492402777213, 'lambda_new_current': 1.0}
val: {'epoch': 54, 'time_epoch': 0.27001, 'loss': 0.40633937, 'lr': 0, 'params': 332673, 'time_iter': 0.0108, 'mae': 1381.19922, 'r2': 0.94273, 'mse': 4291560.0, 'rmse': 2071.60815, 'wmape': 0.10223, 'spearmanr': 0.96895, 'mae_norm': 0.17099, 'r2_norm': 0.94273, 'mse_norm': 0.06577, 'rmse_norm': 0.25646, 'wmape_norm': 0.20152, 'spearmanr_norm': 0.96895, 'mae_real': 1381.19922, 'r2_real': 0.94273, 'mse_real': 4291560.0, 'rmse_real': 2071.60815, 'wmape_real': 0.10223, 'spearmanr_real': 0.96895, 'loss_sup': 0.406339374088761, 'loss_data': 0.406339374088761, 'loss_con': 1.31822562792473, 'lambda_con': 0.0, 'rho_terminal_abs_mean': 7147.027012345833, 'rho_terminal_abs_max': 34388.31021455695, 'loss_old': 0.1567068980964026, 'loss_new': 0.24963247598849, 'lambda_new_current': 1.0}
test: {'epoch': 54, 'time_epoch': 0.2701, 'loss': 0.40399777, 'lr': 0, 'params': 332673, 'time_iter': 0.0108, 'mae': 1381.81616, 'r2': 0.94293, 'mse': 4270159.0, 'rmse': 2066.43628, 'wmape': 0.10233, 'spearmanr': 0.96946, 'mae_norm': 0.17106, 'r2_norm': 0.94293, 'mse_norm': 0.06544, 'rmse_norm': 0.25582, 'wmape_norm': 0.20156, 'spearmanr_norm': 0.96946, 'mae_real': 1381.81616, 'r2_real': 0.94293, 'mse_real': 4270159.0, 'rmse_real': 2066.43628, 'wmape_real': 0.10233, 'spearmanr_real': 0.96946, 'loss_sup': 0.40399777448667984, 'loss_data': 0.40399777448667984, 'loss_con': 1.3030090780487262, 'lambda_con': 0.0, 'rho_terminal_abs_mean': 7088.9357194423865, 'rho_terminal_abs_max': 33903.56022377219, 'loss_old': 0.15727877375600188, 'loss_new': 0.24671900073579145, 'lambda_new_current': 1.0}
> Epoch 54: took 2.4s (avg 2.4s) | Best so far: epoch 52	train_loss: 0.4125	val_loss: 0.4051	test_loss: 0.4024	val_rmse_norm: 0.2563
train: {'epoch': 55, 'time_epoch': 1.42277, 'eta': 208.33005, 'eta_hours': 0.05787, 'loss': 0.40917904, 'lr': 0.00086786, 'params': 332673, 'time_iter': 0.01897, 'mae': 1406.43579, 'r2': 0.94053, 'mse': 4435998.0, 'rmse': 2106.18091, 'wmape': 0.1042, 'spearmanr': 0.96821, 'mae_norm': 0.17411, 'r2_norm': 0.94053, 'mse_norm': 0.06798, 'rmse_norm': 0.26074, 'wmape_norm': 0.20544, 'spearmanr_norm': 0.96821, 'mae_real': 1406.43579, 'r2_real': 0.94053, 'mse_real': 4435998.0, 'rmse_real': 2106.18091, 'wmape_real': 0.1042, 'spearmanr_real': 0.96821, 'loss_sup': 0.40917904119607096, 'loss_data': 0.40917904119607096, 'loss_con': 1.3173971204088568, 'lambda_con': 0.0, 'rho_terminal_abs_mean': 7134.123791269569, 'rho_terminal_abs_max': 35077.53892684535, 'loss_old': 0.16054757884575485, 'loss_new': 0.24863146214919518, 'lambda_new_current': 1.0}
val: {'epoch': 55, 'time_epoch': 0.26989, 'loss': 0.40117534, 'lr': 0, 'params': 332673, 'time_iter': 0.0108, 'mae': 1367.74976, 'r2': 0.94311, 'mse': 4263225.5, 'rmse': 2064.75806, 'wmape': 0.10123, 'spearmanr': 0.96939, 'mae_norm': 0.16932, 'r2_norm': 0.94311, 'mse_norm': 0.06534, 'rmse_norm': 0.25561, 'wmape_norm': 0.19956, 'spearmanr_norm': 0.96939, 'mae_real': 1367.74976, 'r2_real': 0.94311, 'mse_real': 4263225.5, 'rmse_real': 2064.75806, 'wmape_real': 0.10123, 'spearmanr_real': 0.96939, 'loss_sup': 0.4011753389149129, 'loss_data': 0.4011753389149129, 'loss_con': 1.3447931729956932, 'lambda_con': 0.0, 'rho_terminal_abs_mean': 7246.112838262173, 'rho_terminal_abs_max': 34116.40912598717, 'loss_old': 0.15544958706310477, 'loss_new': 0.24572575303945118, 'lambda_new_current': 1.0}
test: {'epoch': 55, 'time_epoch': 0.27, 'loss': 0.39981659, 'lr': 0, 'params': 332673, 'time_iter': 0.0108, 'mae': 1368.48022, 'r2': 0.94328, 'mse': 4243981.0, 'rmse': 2060.09253, 'wmape': 0.10134, 'spearmanr': 0.96987, 'mae_norm': 0.16941, 'r2_norm': 0.94328, 'mse_norm': 0.06504, 'rmse_norm': 0.25503, 'wmape_norm': 0.19961, 'spearmanr_norm': 0.96987, 'mae_real': 1368.48022, 'r2_real': 0.94328, 'mse_real': 4243981.0, 'rmse_real': 2060.09253, 'wmape_real': 0.10134, 'spearmanr_real': 0.96987, 'loss_sup': 0.3998165906730294, 'loss_data': 0.3998165906730294, 'loss_con': 1.3317321235373136, 'lambda_con': 0.0, 'rho_terminal_abs_mean': 7195.353485977273, 'rho_terminal_abs_max': 33962.605044989185, 'loss_old': 0.155824377950418, 'loss_new': 0.24399221272311022, 'lambda_new_current': 1.0}
> Epoch 55: took 2.4s (avg 2.4s) | Best so far: epoch 55	train_loss: 0.4092	val_loss: 0.4012	test_loss: 0.3998	val_rmse_norm: 0.2556
train: {'epoch': 56, 'time_epoch': 1.42049, 'eta': 206.81747, 'eta_hours': 0.05745, 'loss': 0.40863282, 'lr': 0.00086221, 'params': 332673, 'time_iter': 0.01894, 'mae': 1405.22144, 'r2': 0.94076, 'mse': 4418397.0, 'rmse': 2101.99829, 'wmape': 0.10411, 'spearmanr': 0.96833, 'mae_norm': 0.17396, 'r2_norm': 0.94076, 'mse_norm': 0.06771, 'rmse_norm': 0.26022, 'wmape_norm': 0.20526, 'spearmanr_norm': 0.96833, 'mae_real': 1405.22144, 'r2_real': 0.94076, 'mse_real': 4418397.0, 'rmse_real': 2101.99829, 'wmape_real': 0.10411, 'spearmanr_real': 0.96833, 'loss_sup': 0.408632821513961, 'loss_data': 0.408632821513961, 'loss_con': 1.3109930429630636, 'lambda_con': 0.0, 'rho_terminal_abs_mean': 7123.4505473865565, 'rho_terminal_abs_max': 34886.95367614862, 'loss_old': 0.16045090131015072, 'loss_new': 0.24818192000308445, 'lambda_new_current': 1.0}
val: {'epoch': 56, 'time_epoch': 0.2706, 'loss': 0.40385371, 'lr': 0, 'params': 332673, 'time_iter': 0.01082, 'mae': 1377.77698, 'r2': 0.94247, 'mse': 4311256.0, 'rmse': 2076.35645, 'wmape': 0.10198, 'spearmanr': 0.96902, 'mae_norm': 0.17056, 'r2_norm': 0.94247, 'mse_norm': 0.06607, 'rmse_norm': 0.25705, 'wmape_norm': 0.20102, 'spearmanr_norm': 0.96902, 'mae_real': 1377.77698, 'r2_real': 0.94247, 'mse_real': 4311256.0, 'rmse_real': 2076.35645, 'wmape_real': 0.10198, 'spearmanr_real': 0.96902, 'loss_sup': 0.40385371304067375, 'loss_data': 0.40385371304067375, 'loss_con': 1.354295429408285, 'lambda_con': 0.0, 'rho_terminal_abs_mean': 7237.5374765739325, 'rho_terminal_abs_max': 34840.502207450205, 'loss_old': 0.15664689130083914, 'loss_new': 0.24720682353680373, 'lambda_new_current': 1.0}
test: {'epoch': 56, 'time_epoch': 0.26987, 'loss': 0.4023265, 'lr': 0, 'params': 332673, 'time_iter': 0.01079, 'mae': 1379.22559, 'r2': 0.94251, 'mse': 4301994.0, 'rmse': 2074.12476, 'wmape': 0.10214, 'spearmanr': 0.96944, 'mae_norm': 0.17074, 'r2_norm': 0.94251, 'mse_norm': 0.06593, 'rmse_norm': 0.25677, 'wmape_norm': 0.20118, 'spearmanr_norm': 0.96944, 'mae_real': 1379.22559, 'r2_real': 0.94251, 'mse_real': 4301994.0, 'rmse_real': 2074.12476, 'wmape_real': 0.10214, 'spearmanr_real': 0.96944, 'loss_sup': 0.40232649972597906, 'loss_data': 0.40232649972597906, 'loss_con': 1.3407480967072019, 'lambda_con': 0.0, 'rho_terminal_abs_mean': 7186.746238026479, 'rho_terminal_abs_max': 34779.64863372386, 'loss_old': 0.15718777739315223, 'loss_new': 0.2451387265071225, 'lambda_new_current': 1.0}
> Epoch 56: took 2.4s (avg 2.4s) | Best so far: epoch 55	train_loss: 0.4092	val_loss: 0.4012	test_loss: 0.3998	val_rmse_norm: 0.2556
train: {'epoch': 57, 'time_epoch': 1.42137, 'eta': 205.31021, 'eta_hours': 0.05703, 'loss': 0.40884263, 'lr': 0.00085646, 'params': 332673, 'time_iter': 0.01895, 'mae': 1405.58704, 'r2': 0.94077, 'mse': 4417699.5, 'rmse': 2101.83252, 'wmape': 0.10413, 'spearmanr': 0.96828, 'mae_norm': 0.17401, 'r2_norm': 0.94077, 'mse_norm': 0.0677, 'rmse_norm': 0.2602, 'wmape_norm': 0.20532, 'spearmanr_norm': 0.96828, 'mae_real': 1405.58704, 'r2_real': 0.94077, 'mse_real': 4417699.5, 'rmse_real': 2101.83252, 'wmape_real': 0.10413, 'spearmanr_real': 0.96828, 'loss_sup': 0.40884263137793414, 'loss_data': 0.40884263137793414, 'loss_con': 1.3188532990070616, 'lambda_con': 0.0, 'rho_terminal_abs_mean': 7140.299701599559, 'rho_terminal_abs_max': 34808.103045399876, 'loss_old': 0.16047140884681238, 'loss_new': 0.2483712215326073, 'lambda_new_current': 1.0}
val: {'epoch': 57, 'time_epoch': 0.27082, 'loss': 0.40534503, 'lr': 0, 'params': 332673, 'time_iter': 0.01083, 'mae': 1380.11621, 'r2': 0.94123, 'mse': 4403761.0, 'rmse': 2098.51392, 'wmape': 0.10215, 'spearmanr': 0.96936, 'mae_norm': 0.17085, 'r2_norm': 0.94123, 'mse_norm': 0.06749, 'rmse_norm': 0.25979, 'wmape_norm': 0.20136, 'spearmanr_norm': 0.96936, 'mae_real': 1380.11621, 'r2_real': 0.94123, 'mse_real': 4403761.0, 'rmse_real': 2098.51392, 'wmape_real': 0.10215, 'spearmanr_real': 0.96936, 'loss_sup': 0.4053450286127846, 'loss_data': 0.4053450286127846, 'loss_con': 1.3604774895044747, 'lambda_con': 0.0, 'rho_terminal_abs_mean': 7293.251694132246, 'rho_terminal_abs_max': 34093.84799973091, 'loss_old': 0.15673500250088715, 'loss_new': 0.24861002670886978, 'lambda_new_current': 1.0}
test: {'epoch': 57, 'time_epoch': 0.27007, 'loss': 0.4028629, 'lr': 0, 'params': 332673, 'time_iter': 0.0108, 'mae': 1380.58789, 'r2': 0.94141, 'mse': 4383690.0, 'rmse': 2093.72632, 'wmape': 0.10224, 'spearmanr': 0.96986, 'mae_norm': 0.17091, 'r2_norm': 0.94141, 'mse_norm': 0.06718, 'rmse_norm': 0.2592, 'wmape_norm': 0.20138, 'spearmanr_norm': 0.96986, 'mae_real': 1380.58789, 'r2_real': 0.94141, 'mse_real': 4383690.0, 'rmse_real': 2093.72632, 'wmape_real': 0.10224, 'spearmanr_real': 0.96986, 'loss_sup': 0.4028628989567413, 'loss_data': 0.4028628989567413, 'loss_con': 1.3482435949982523, 'lambda_con': 0.0, 'rho_terminal_abs_mean': 7243.950828675329, 'rho_terminal_abs_max': 34013.16659762691, 'loss_old': 0.15731240733109442, 'loss_new': 0.24555048745652705, 'lambda_new_current': 1.0}
> Epoch 57: took 2.4s (avg 2.4s) | Best so far: epoch 55	train_loss: 0.4092	val_loss: 0.4012	test_loss: 0.3998	val_rmse_norm: 0.2556
train: {'epoch': 58, 'time_epoch': 1.42715, 'eta': 203.81968, 'eta_hours': 0.05662, 'loss': 0.40857537, 'lr': 0.00085062, 'params': 332673, 'time_iter': 0.01903, 'mae': 1404.05225, 'r2': 0.94077, 'mse': 4417745.0, 'rmse': 2101.84326, 'wmape': 0.10402, 'spearmanr': 0.96843, 'mae_norm': 0.17382, 'r2_norm': 0.94077, 'mse_norm': 0.0677, 'rmse_norm': 0.2602, 'wmape_norm': 0.20509, 'spearmanr_norm': 0.96843, 'mae_real': 1404.05225, 'r2_real': 0.94077, 'mse_real': 4417745.0, 'rmse_real': 2101.84326, 'wmape_real': 0.10402, 'spearmanr_real': 0.96843, 'loss_sup': 0.4085753682217912, 'loss_data': 0.4085753682217912, 'loss_con': 1.318533267657957, 'lambda_con': 0.0, 'rho_terminal_abs_mean': 7145.049783147824, 'rho_terminal_abs_max': 34774.2152245543, 'loss_old': 0.16025658973886994, 'loss_new': 0.24831877828439933, 'lambda_new_current': 1.0}
val: {'epoch': 58, 'time_epoch': 0.2702, 'loss': 0.40389139, 'lr': 0, 'params': 332673, 'time_iter': 0.01081, 'mae': 1377.38623, 'r2': 0.94241, 'mse': 4315659.5, 'rmse': 2077.4165, 'wmape': 0.10195, 'spearmanr': 0.96885, 'mae_norm': 0.17052, 'r2_norm': 0.94241, 'mse_norm': 0.06614, 'rmse_norm': 0.25718, 'wmape_norm': 0.20096, 'spearmanr_norm': 0.96885, 'mae_real': 1377.38623, 'r2_real': 0.94241, 'mse_real': 4315659.5, 'rmse_real': 2077.4165, 'wmape_real': 0.10195, 'spearmanr_real': 0.96885, 'loss_sup': 0.4038913890414501, 'loss_data': 0.4038913890414501, 'loss_con': 1.3333486619280637, 'lambda_con': 0.0, 'rho_terminal_abs_mean': 7246.919107627901, 'rho_terminal_abs_max': 33757.003177008315, 'loss_old': 0.1565681502195375, 'loss_new': 0.24732324002359402, 'lambda_new_current': 1.0}
test: {'epoch': 58, 'time_epoch': 0.27025, 'loss': 0.40240972, 'lr': 0, 'params': 332673, 'time_iter': 0.01081, 'mae': 1378.47949, 'r2': 0.9426, 'mse': 4294702.0, 'rmse': 2072.36621, 'wmape': 0.10209, 'spearmanr': 0.96934, 'mae_norm': 0.17065, 'r2_norm': 0.9426, 'mse_norm': 0.06582, 'rmse_norm': 0.25655, 'wmape_norm': 0.20107, 'spearmanr_norm': 0.96934, 'mae_real': 1378.47949, 'r2_real': 0.9426, 'mse_real': 4294702.0, 'rmse_real': 2072.36621, 'wmape_real': 0.10209, 'spearmanr_real': 0.96934, 'loss_sup': 0.40240971750302723, 'loss_data': 0.40240971750302723, 'loss_con': 1.319758215121876, 'lambda_con': 0.0, 'rho_terminal_abs_mean': 7195.364810252502, 'rho_terminal_abs_max': 33469.609530061556, 'loss_old': 0.15703624369100808, 'loss_new': 0.245373476196841, 'lambda_new_current': 1.0}
> Epoch 58: took 2.4s (avg 2.4s) | Best so far: epoch 55	train_loss: 0.4092	val_loss: 0.4012	test_loss: 0.3998	val_rmse_norm: 0.2556
train: {'epoch': 59, 'time_epoch': 1.42214, 'eta': 202.31958, 'eta_hours': 0.0562, 'loss': 0.40649531, 'lr': 0.00084468, 'params': 332673, 'time_iter': 0.01896, 'mae': 1399.7323, 'r2': 0.94121, 'mse': 4384743.5, 'rmse': 2093.97803, 'wmape': 0.1037, 'spearmanr': 0.96854, 'mae_norm': 0.17328, 'r2_norm': 0.94121, 'mse_norm': 0.0672, 'rmse_norm': 0.25923, 'wmape_norm': 0.20446, 'spearmanr_norm': 0.96854, 'mae_real': 1399.7323, 'r2_real': 0.94121, 'mse_real': 4384743.5, 'rmse_real': 2093.97803, 'wmape_real': 0.1037, 'spearmanr_real': 0.96854, 'loss_sup': 0.4064953091283026, 'loss_data': 0.4064953091283026, 'loss_con': 1.3128074506567344, 'lambda_con': 0.0, 'rho_terminal_abs_mean': 7129.247491157498, 'rho_terminal_abs_max': 35120.41768280067, 'loss_old': 0.15994759237267525, 'loss_new': 0.24654771734890601, 'lambda_new_current': 1.0}
val: {'epoch': 59, 'time_epoch': 0.27021, 'loss': 0.40480279, 'lr': 0, 'params': 332673, 'time_iter': 0.01081, 'mae': 1381.5105, 'r2': 0.94301, 'mse': 4271009.5, 'rmse': 2066.64209, 'wmape': 0.10225, 'spearmanr': 0.96936, 'mae_norm': 0.17103, 'r2_norm': 0.94301, 'mse_norm': 0.06546, 'rmse_norm': 0.25584, 'wmape_norm': 0.20156, 'spearmanr_norm': 0.96936, 'mae_real': 1381.5105, 'r2_real': 0.94301, 'mse_real': 4271009.5, 'rmse_real': 2066.64209, 'wmape_real': 0.10225, 'spearmanr_real': 0.96936, 'loss_sup': 0.40480279321507395, 'loss_data': 0.40480279321507395, 'loss_con': 1.3160140680053574, 'lambda_con': 0.0, 'rho_terminal_abs_mean': 7117.8749327549895, 'rho_terminal_abs_max': 34830.76405689976, 'loss_old': 0.15710550130905537, 'loss_new': 0.2476972907083927, 'lambda_new_current': 1.0}
test: {'epoch': 59, 'time_epoch': 0.27057, 'loss': 0.40187255, 'lr': 0, 'params': 332673, 'time_iter': 0.01082, 'mae': 1380.67627, 'r2': 0.94327, 'mse': 4244761.0, 'rmse': 2060.28174, 'wmape': 0.10225, 'spearmanr': 0.96991, 'mae_norm': 0.17092, 'r2_norm': 0.94327, 'mse_norm': 0.06505, 'rmse_norm': 0.25506, 'wmape_norm': 0.20139, 'spearmanr_norm': 0.96991, 'mae_real': 1380.67627, 'r2_real': 0.94327, 'mse_real': 4244761.0, 'rmse_real': 2060.28174, 'wmape_real': 0.10225, 'spearmanr_real': 0.96991, 'loss_sup': 0.40187254796189575, 'loss_data': 0.40187254796189575, 'loss_con': 1.301120573908458, 'lambda_con': 0.0, 'rho_terminal_abs_mean': 7062.756337281895, 'rho_terminal_abs_max': 34777.85010458952, 'loss_old': 0.15754931362345853, 'loss_new': 0.2443232355315029, 'lambda_new_current': 1.0}
> Epoch 59: took 2.4s (avg 2.4s) | Best so far: epoch 55	train_loss: 0.4092	val_loss: 0.4012	test_loss: 0.3998	val_rmse_norm: 0.2556
train: {'epoch': 60, 'time_epoch': 1.42816, 'eta': 200.83573, 'eta_hours': 0.05579, 'loss': 0.40632182, 'lr': 0.00083864, 'params': 332673, 'time_iter': 0.01904, 'mae': 1400.03906, 'r2': 0.9412, 'mse': 4385575.5, 'rmse': 2094.17651, 'wmape': 0.10372, 'spearmanr': 0.96857, 'mae_norm': 0.17332, 'r2_norm': 0.9412, 'mse_norm': 0.06721, 'rmse_norm': 0.25925, 'wmape_norm': 0.20451, 'spearmanr_norm': 0.96857, 'mae_real': 1400.03906, 'r2_real': 0.9412, 'mse_real': 4385575.5, 'rmse_real': 2094.17651, 'wmape_real': 0.10372, 'spearmanr_real': 0.96857, 'loss_sup': 0.40632182211619045, 'loss_data': 0.40632182211619045, 'loss_con': 1.312295267869162, 'lambda_con': 0.0, 'rho_terminal_abs_mean': 7126.355455822788, 'rho_terminal_abs_max': 34661.857013736466, 'loss_old': 0.16004064542401059, 'loss_new': 0.24628117629621724, 'lambda_new_current': 1.0}
val: {'epoch': 60, 'time_epoch': 0.27049, 'loss': 0.40100518, 'lr': 0, 'params': 332673, 'time_iter': 0.01082, 'mae': 1367.26013, 'r2': 0.94332, 'mse': 4247204.0, 'rmse': 2060.87451, 'wmape': 0.1012, 'spearmanr': 0.96928, 'mae_norm': 0.16926, 'r2_norm': 0.94332, 'mse_norm': 0.06509, 'rmse_norm': 0.25513, 'wmape_norm': 0.19948, 'spearmanr_norm': 0.96928, 'mae_real': 1367.26013, 'r2_real': 0.94332, 'mse_real': 4247204.0, 'rmse_real': 2060.87451, 'wmape_real': 0.1012, 'spearmanr_real': 0.96928, 'loss_sup': 0.40100517872577, 'loss_data': 0.40100517872577, 'loss_con': 1.3156231798829041, 'lambda_con': 0.0, 'rho_terminal_abs_mean': 7175.096688873351, 'rho_terminal_abs_max': 33630.78522674369, 'loss_old': 0.15539981086160212, 'loss_new': 0.24560536607924052, 'lambda_new_current': 1.0}
test: {'epoch': 60, 'time_epoch': 0.26929, 'loss': 0.39943005, 'lr': 0, 'params': 332673, 'time_iter': 0.01077, 'mae': 1368.04333, 'r2': 0.9435, 'mse': 4227229.5, 'rmse': 2056.02271, 'wmape': 0.10131, 'spearmanr': 0.96978, 'mae_norm': 0.16936, 'r2_norm': 0.9435, 'mse_norm': 0.06478, 'rmse_norm': 0.25453, 'wmape_norm': 0.19955, 'spearmanr_norm': 0.96978, 'mae_real': 1368.04333, 'r2_real': 0.9435, 'mse_real': 4227229.5, 'rmse_real': 2056.02271, 'wmape_real': 0.10131, 'spearmanr_real': 0.96978, 'loss_sup': 0.3994300488348982, 'loss_data': 0.3994300488348982, 'loss_con': 1.3029510983838886, 'lambda_con': 0.0, 'rho_terminal_abs_mean': 7123.745255834405, 'rho_terminal_abs_max': 33599.78849489999, 'loss_old': 0.15583173711843523, 'loss_new': 0.24359831351248454, 'lambda_new_current': 1.0}
> Epoch 60: took 2.4s (avg 2.4s) | Best so far: epoch 60	train_loss: 0.4063	val_loss: 0.4010	test_loss: 0.3994	val_rmse_norm: 0.2551
train: {'epoch': 61, 'time_epoch': 1.42177, 'eta': 199.33948, 'eta_hours': 0.05537, 'loss': 0.40573026, 'lr': 0.00083251, 'params': 332673, 'time_iter': 0.01896, 'mae': 1398.16443, 'r2': 0.94127, 'mse': 4380448.5, 'rmse': 2092.95215, 'wmape': 0.10358, 'spearmanr': 0.96861, 'mae_norm': 0.17309, 'r2_norm': 0.94127, 'mse_norm': 0.06713, 'rmse_norm': 0.2591, 'wmape_norm': 0.20423, 'spearmanr_norm': 0.96861, 'mae_real': 1398.16443, 'r2_real': 0.94127, 'mse_real': 4380448.5, 'rmse_real': 2092.95215, 'wmape_real': 0.10358, 'spearmanr_real': 0.96861, 'loss_sup': 0.4057302570301866, 'loss_data': 0.4057302570301866, 'loss_con': 1.316512830298554, 'lambda_con': 0.0, 'rho_terminal_abs_mean': 7137.614473651429, 'rho_terminal_abs_max': 34667.310799502724, 'loss_old': 0.1598362891320583, 'loss_new': 0.2458939665064165, 'lambda_new_current': 1.0}
val: {'epoch': 61, 'time_epoch': 0.27007, 'loss': 0.39886865, 'lr': 0, 'params': 332673, 'time_iter': 0.0108, 'mae': 1361.42639, 'r2': 0.94349, 'mse': 4234426.0, 'rmse': 2057.77222, 'wmape': 0.10077, 'spearmanr': 0.96961, 'mae_norm': 0.16854, 'r2_norm': 0.94349, 'mse_norm': 0.06489, 'rmse_norm': 0.25474, 'wmape_norm': 0.19863, 'spearmanr_norm': 0.96961, 'mae_real': 1361.42639, 'r2_real': 0.94349, 'mse_real': 4234426.0, 'rmse_real': 2057.77222, 'wmape_real': 0.10077, 'spearmanr_real': 0.96961, 'loss_sup': 0.398868648470831, 'loss_data': 0.398868648470831, 'loss_con': 1.3934808633341351, 'lambda_con': 0.0, 'rho_terminal_abs_mean': 7347.756177130214, 'rho_terminal_abs_max': 36002.5858023353, 'loss_old': 0.1548298198024452, 'loss_new': 0.24403883165699108, 'lambda_new_current': 1.0}
test: {'epoch': 61, 'time_epoch': 0.26979, 'loss': 0.39748778, 'lr': 0, 'params': 332673, 'time_iter': 0.01079, 'mae': 1362.4292, 'r2': 0.94366, 'mse': 4215515.0, 'rmse': 2053.17188, 'wmape': 0.1009, 'spearmanr': 0.97005, 'mae_norm': 0.16866, 'r2_norm': 0.94366, 'mse_norm': 0.06461, 'rmse_norm': 0.25418, 'wmape_norm': 0.19873, 'spearmanr_norm': 0.97005, 'mae_real': 1362.4292, 'r2_real': 0.94366, 'mse_real': 4215515.0, 'rmse_real': 2053.17188, 'wmape_real': 0.1009, 'spearmanr_real': 0.97005, 'loss_sup': 0.3974877774286389, 'loss_data': 0.3974877774286389, 'loss_con': 1.3781863639185636, 'lambda_con': 0.0, 'rho_terminal_abs_mean': 7295.366437252503, 'rho_terminal_abs_max': 36183.44960495308, 'loss_old': 0.1552606978740414, 'loss_new': 0.24222708014938427, 'lambda_new_current': 1.0}
> Epoch 61: took 2.4s (avg 2.4s) | Best so far: epoch 61	train_loss: 0.4057	val_loss: 0.3989	test_loss: 0.3975	val_rmse_norm: 0.2547
train: {'epoch': 62, 'time_epoch': 1.4201, 'eta': 197.84195, 'eta_hours': 0.05496, 'loss': 0.40479383, 'lr': 0.00082629, 'params': 332673, 'time_iter': 0.01893, 'mae': 1394.99158, 'r2': 0.94154, 'mse': 4360311.5, 'rmse': 2088.13599, 'wmape': 0.10335, 'spearmanr': 0.96871, 'mae_norm': 0.17269, 'r2_norm': 0.94154, 'mse_norm': 0.06682, 'rmse_norm': 0.2585, 'wmape_norm': 0.20377, 'spearmanr_norm': 0.96871, 'mae_real': 1394.99158, 'r2_real': 0.94154, 'mse_real': 4360311.5, 'rmse_real': 2088.13599, 'wmape_real': 0.10335, 'spearmanr_real': 0.96871, 'loss_sup': 0.40479383033237026, 'loss_data': 0.40479383033237026, 'loss_con': 1.3173859740832947, 'lambda_con': 0.0, 'rho_terminal_abs_mean': 7133.900961045894, 'rho_terminal_abs_max': 35251.03769782136, 'loss_old': 0.1594756237606311, 'loss_new': 0.24531820498042425, 'lambda_new_current': 1.0}
val: {'epoch': 62, 'time_epoch': 0.26998, 'loss': 0.40204816, 'lr': 0, 'params': 332673, 'time_iter': 0.0108, 'mae': 1371.13684, 'r2': 0.94385, 'mse': 4208048.5, 'rmse': 2051.35278, 'wmape': 0.10149, 'spearmanr': 0.96947, 'mae_norm': 0.16974, 'r2_norm': 0.94385, 'mse_norm': 0.06449, 'rmse_norm': 0.25395, 'wmape_norm': 0.20005, 'spearmanr_norm': 0.96947, 'mae_real': 1371.13684, 'r2_real': 0.94385, 'mse_real': 4208048.5, 'rmse_real': 2051.35278, 'wmape_real': 0.10149, 'spearmanr_real': 0.96947, 'loss_sup': 0.40204815575617886, 'loss_data': 0.40204815575617886, 'loss_con': 1.2737688524764013, 'lambda_con': 0.0, 'rho_terminal_abs_mean': 7010.446005918297, 'rho_terminal_abs_max': 33950.58674283725, 'loss_old': 0.15586153733204672, 'loss_new': 0.24618661782915638, 'lambda_new_current': 1.0}
test: {'epoch': 62, 'time_epoch': 0.26987, 'loss': 0.40004969, 'lr': 0, 'params': 332673, 'time_iter': 0.01079, 'mae': 1370.03967, 'r2': 0.944, 'mse': 4190199.5, 'rmse': 2046.99768, 'wmape': 0.10146, 'spearmanr': 0.96992, 'mae_norm': 0.16961, 'r2_norm': 0.944, 'mse_norm': 0.06422, 'rmse_norm': 0.25341, 'wmape_norm': 0.19984, 'spearmanr_norm': 0.96992, 'mae_real': 1370.03967, 'r2_real': 0.944, 'mse_real': 4190199.5, 'rmse_real': 2046.99768, 'wmape_real': 0.10146, 'spearmanr_real': 0.96992, 'loss_sup': 0.4000496863125283, 'loss_data': 0.4000496863125283, 'loss_con': 1.2600165754160673, 'lambda_con': 0.0, 'rho_terminal_abs_mean': 6963.873256101027, 'rho_terminal_abs_max': 34198.650393820884, 'loss_old': 0.15605104439410633, 'loss_new': 0.24399864489809298, 'lambda_new_current': 1.0}
> Epoch 62: took 2.4s (avg 2.4s) | Best so far: epoch 62	train_loss: 0.4048	val_loss: 0.4020	test_loss: 0.4000	val_rmse_norm: 0.2540
train: {'epoch': 63, 'time_epoch': 1.42838, 'eta': 196.36444, 'eta_hours': 0.05455, 'loss': 0.40515075, 'lr': 0.00081998, 'params': 332673, 'time_iter': 0.01905, 'mae': 1396.72925, 'r2': 0.94144, 'mse': 4367851.0, 'rmse': 2089.94043, 'wmape': 0.10348, 'spearmanr': 0.96867, 'mae_norm': 0.17291, 'r2_norm': 0.94144, 'mse_norm': 0.06694, 'rmse_norm': 0.25873, 'wmape_norm': 0.20402, 'spearmanr_norm': 0.96867, 'mae_real': 1396.72925, 'r2_real': 0.94144, 'mse_real': 4367851.0, 'rmse_real': 2089.94043, 'wmape_real': 0.10348, 'spearmanr_real': 0.96867, 'loss_sup': 0.40515075392287336, 'loss_data': 0.40515075392287336, 'loss_con': 1.3144295352872075, 'lambda_con': 0.0, 'rho_terminal_abs_mean': 7129.145207152284, 'rho_terminal_abs_max': 34815.06519108117, 'loss_old': 0.15970720468466582, 'loss_new': 0.2454435494377067, 'lambda_new_current': 1.0}
val: {'epoch': 63, 'time_epoch': 0.26994, 'loss': 0.40032634, 'lr': 0, 'params': 332673, 'time_iter': 0.0108, 'mae': 1371.23657, 'r2': 0.94276, 'mse': 4289640.5, 'rmse': 2071.14478, 'wmape': 0.10149, 'spearmanr': 0.96969, 'mae_norm': 0.16975, 'r2_norm': 0.94276, 'mse_norm': 0.06574, 'rmse_norm': 0.2564, 'wmape_norm': 0.20006, 'spearmanr_norm': 0.96969, 'mae_real': 1371.23657, 'r2_real': 0.94276, 'mse_real': 4289640.5, 'rmse_real': 2071.14478, 'wmape_real': 0.10149, 'spearmanr_real': 0.96969, 'loss_sup': 0.4003263370817771, 'loss_data': 0.4003263370817771, 'loss_con': 1.284255096452266, 'lambda_con': 0.0, 'rho_terminal_abs_mean': 7105.430366292083, 'rho_terminal_abs_max': 32758.578730575144, 'loss_old': 0.15626074486396865, 'loss_new': 0.24406559340339254, 'lambda_new_current': 1.0}
test: {'epoch': 63, 'time_epoch': 0.26908, 'loss': 0.39847683, 'lr': 0, 'params': 332673, 'time_iter': 0.01076, 'mae': 1372.24292, 'r2': 0.94294, 'mse': 4269828.0, 'rmse': 2066.3562, 'wmape': 0.10162, 'spearmanr': 0.97013, 'mae_norm': 0.16988, 'r2_norm': 0.94294, 'mse_norm': 0.06544, 'rmse_norm': 0.25581, 'wmape_norm': 0.20016, 'spearmanr_norm': 0.97013, 'mae_real': 1372.24292, 'r2_real': 0.94294, 'mse_real': 4269828.0, 'rmse_real': 2066.3562, 'wmape_real': 0.10162, 'spearmanr_real': 0.97013, 'loss_sup': 0.3984768256613351, 'loss_data': 0.3984768256613351, 'loss_con': 1.272592431024599, 'lambda_con': 0.0, 'rho_terminal_abs_mean': 7057.928990338057, 'rho_terminal_abs_max': 32589.752332625718, 'loss_old': 0.1567954765836392, 'loss_new': 0.24168134550448528, 'lambda_new_current': 1.0}
> Epoch 63: took 2.4s (avg 2.4s) | Best so far: epoch 62	train_loss: 0.4048	val_loss: 0.4020	test_loss: 0.4000	val_rmse_norm: 0.2540
train: {'epoch': 64, 'time_epoch': 1.42547, 'eta': 194.8824, 'eta_hours': 0.05413, 'loss': 0.40425606, 'lr': 0.00081359, 'params': 332673, 'time_iter': 0.01901, 'mae': 1394.82227, 'r2': 0.94163, 'mse': 4353319.5, 'rmse': 2086.46094, 'wmape': 0.10334, 'spearmanr': 0.96882, 'mae_norm': 0.17267, 'r2_norm': 0.94163, 'mse_norm': 0.06672, 'rmse_norm': 0.2583, 'wmape_norm': 0.20374, 'spearmanr_norm': 0.96882, 'mae_real': 1394.82227, 'r2_real': 0.94163, 'mse_real': 4353319.5, 'rmse_real': 2086.46094, 'wmape_real': 0.10334, 'spearmanr_real': 0.96882, 'loss_sup': 0.40425606391006236, 'loss_data': 0.40425606391006236, 'loss_con': 1.310699013592207, 'lambda_con': 0.0, 'rho_terminal_abs_mean': 7121.582358705532, 'rho_terminal_abs_max': 34613.59783272613, 'loss_old': 0.15956451342649344, 'loss_new': 0.2446915502850678, 'lambda_new_current': 1.0}
val: {'epoch': 64, 'time_epoch': 0.27053, 'loss': 0.40438439, 'lr': 0, 'params': 332673, 'time_iter': 0.01082, 'mae': 1374.83179, 'r2': 0.94213, 'mse': 4336917.0, 'rmse': 2082.52661, 'wmape': 0.10176, 'spearmanr': 0.9693, 'mae_norm': 0.1702, 'r2_norm': 0.94213, 'mse_norm': 0.06647, 'rmse_norm': 0.25781, 'wmape_norm': 0.20059, 'spearmanr_norm': 0.9693, 'mae_real': 1374.83179, 'r2_real': 0.94213, 'mse_real': 4336917.0, 'rmse_real': 2082.52661, 'wmape_real': 0.10176, 'spearmanr_real': 0.9693, 'loss_sup': 0.40438438704476437, 'loss_data': 0.40438438704476437, 'loss_con': 1.432679138235644, 'lambda_con': 0.0, 'rho_terminal_abs_mean': 7501.0963272906065, 'rho_terminal_abs_max': 34733.200809069654, 'loss_old': 0.156002533950236, 'loss_new': 0.2483818501156563, 'lambda_new_current': 1.0}
test: {'epoch': 64, 'time_epoch': 0.27073, 'loss': 0.40352072, 'lr': 0, 'params': 332673, 'time_iter': 0.01083, 'mae': 1376.46692, 'r2': 0.9422, 'mse': 4325092.0, 'rmse': 2079.68555, 'wmape': 0.10194, 'spearmanr': 0.96973, 'mae_norm': 0.1704, 'r2_norm': 0.9422, 'mse_norm': 0.06628, 'rmse_norm': 0.25746, 'wmape_norm': 0.20078, 'spearmanr_norm': 0.96973, 'mae_real': 1376.46692, 'r2_real': 0.9422, 'mse_real': 4325092.0, 'rmse_real': 2079.68555, 'wmape_real': 0.10194, 'spearmanr_real': 0.96973, 'loss_sup': 0.40352072052052557, 'loss_data': 0.40352072052052557, 'loss_con': 1.4202914548926464, 'lambda_con': 0.0, 'rho_terminal_abs_mean': 7453.982213805538, 'rho_terminal_abs_max': 35146.031882939846, 'loss_old': 0.1564281593258254, 'loss_new': 0.24709256059847914, 'lambda_new_current': 1.0}
> Epoch 64: took 2.4s (avg 2.4s) | Best so far: epoch 62	train_loss: 0.4048	val_loss: 0.4020	test_loss: 0.4000	val_rmse_norm: 0.2540
train: {'epoch': 65, 'time_epoch': 1.42405, 'eta': 193.39918, 'eta_hours': 0.05372, 'loss': 0.40350123, 'lr': 0.00080711, 'params': 332673, 'time_iter': 0.01899, 'mae': 1394.29126, 'r2': 0.94158, 'mse': 4357641.5, 'rmse': 2087.49658, 'wmape': 0.1033, 'spearmanr': 0.96881, 'mae_norm': 0.17261, 'r2_norm': 0.94158, 'mse_norm': 0.06678, 'rmse_norm': 0.25842, 'wmape_norm': 0.20367, 'spearmanr_norm': 0.96881, 'mae_real': 1394.29126, 'r2_real': 0.94158, 'mse_real': 4357641.5, 'rmse_real': 2087.49658, 'wmape_real': 0.1033, 'spearmanr_real': 0.96881, 'loss_sup': 0.40350123136216254, 'loss_data': 0.40350123136216254, 'loss_con': 1.322525849941528, 'lambda_con': 0.0, 'rho_terminal_abs_mean': 7151.105025530719, 'rho_terminal_abs_max': 34666.531104005764, 'loss_old': 0.15964342825412114, 'loss_new': 0.24385780390175477, 'lambda_new_current': 1.0}
val: {'epoch': 65, 'time_epoch': 0.27028, 'loss': 0.39861875, 'lr': 0, 'params': 332673, 'time_iter': 0.01081, 'mae': 1362.71875, 'r2': 0.94385, 'mse': 4208082.5, 'rmse': 2051.36108, 'wmape': 0.10086, 'spearmanr': 0.96953, 'mae_norm': 0.1687, 'r2_norm': 0.94385, 'mse_norm': 0.06449, 'rmse_norm': 0.25395, 'wmape_norm': 0.19882, 'spearmanr_norm': 0.96953, 'mae_real': 1362.71875, 'r2_real': 0.94385, 'mse_real': 4208082.5, 'rmse_real': 2051.36108, 'wmape_real': 0.10086, 'spearmanr_real': 0.96953, 'loss_sup': 0.39861875050444123, 'loss_data': 0.39861875050444123, 'loss_con': 1.3343337684705923, 'lambda_con': 0.0, 'rho_terminal_abs_mean': 7199.222922848222, 'rho_terminal_abs_max': 33900.27754676692, 'loss_old': 0.15511807033813343, 'loss_new': 0.24350068135825595, 'lambda_new_current': 1.0}
test: {'epoch': 65, 'time_epoch': 0.26938, 'loss': 0.39730691, 'lr': 0, 'params': 332673, 'time_iter': 0.01078, 'mae': 1364.68726, 'r2': 0.94383, 'mse': 4203172.5, 'rmse': 2050.16406, 'wmape': 0.10106, 'spearmanr': 0.96992, 'mae_norm': 0.16894, 'r2_norm': 0.94383, 'mse_norm': 0.06442, 'rmse_norm': 0.2538, 'wmape_norm': 0.19906, 'spearmanr_norm': 0.96992, 'mae_real': 1364.68726, 'r2_real': 0.94383, 'mse_real': 4203172.5, 'rmse_real': 2050.16406, 'wmape_real': 0.10106, 'spearmanr_real': 0.96992, 'loss_sup': 0.39730690937515073, 'loss_data': 0.39730690937515073, 'loss_con': 1.3235097599459573, 'lambda_con': 0.0, 'rho_terminal_abs_mean': 7155.5841805212085, 'rho_terminal_abs_max': 33986.46646509999, 'loss_old': 0.15570473584672362, 'loss_new': 0.24160217590988156, 'lambda_new_current': 1.0}
> Epoch 65: took 2.4s (avg 2.4s) | Best so far: epoch 62	train_loss: 0.4048	val_loss: 0.4020	test_loss: 0.4000	val_rmse_norm: 0.2540
train: {'epoch': 66, 'time_epoch': 1.4226, 'eta': 191.91487, 'eta_hours': 0.05331, 'loss': 0.40233394, 'lr': 0.00080054, 'params': 332673, 'time_iter': 0.01897, 'mae': 1390.60645, 'r2': 0.94193, 'mse': 4331446.0, 'rmse': 2081.21265, 'wmape': 0.10302, 'spearmanr': 0.96898, 'mae_norm': 0.17215, 'r2_norm': 0.94193, 'mse_norm': 0.06638, 'rmse_norm': 0.25765, 'wmape_norm': 0.20313, 'spearmanr_norm': 0.96898, 'mae_real': 1390.60645, 'r2_real': 0.94193, 'mse_real': 4331446.0, 'rmse_real': 2081.21265, 'wmape_real': 0.10302, 'spearmanr_real': 0.96898, 'loss_sup': 0.4023339421888042, 'loss_data': 0.4023339421888042, 'loss_con': 1.3169406028823956, 'lambda_con': 0.0, 'rho_terminal_abs_mean': 7128.404323061223, 'rho_terminal_abs_max': 34763.1288137769, 'loss_old': 0.15923689340960284, 'loss_new': 0.2430970463954206, 'lambda_new_current': 1.0}
val: {'epoch': 66, 'time_epoch': 0.2701, 'loss': 0.39866185, 'lr': 0, 'params': 332673, 'time_iter': 0.0108, 'mae': 1365.09668, 'r2': 0.94423, 'mse': 4178976.5, 'rmse': 2044.25452, 'wmape': 0.10104, 'spearmanr': 0.96979, 'mae_norm': 0.16899, 'r2_norm': 0.94423, 'mse_norm': 0.06405, 'rmse_norm': 0.25307, 'wmape_norm': 0.19917, 'spearmanr_norm': 0.96979, 'mae_real': 1365.09668, 'r2_real': 0.94423, 'mse_real': 4178976.5, 'rmse_real': 2044.25452, 'wmape_real': 0.10104, 'spearmanr_real': 0.96979, 'loss_sup': 0.3986618466450762, 'loss_data': 0.3986618466450762, 'loss_con': 1.2848618386275736, 'lambda_con': 0.0, 'rho_terminal_abs_mean': 7088.418311108494, 'rho_terminal_abs_max': 33291.185941091746, 'loss_old': 0.15553275400952685, 'loss_new': 0.2431290944313954, 'lambda_new_current': 1.0}
test: {'epoch': 66, 'time_epoch': 0.27007, 'loss': 0.39712557, 'lr': 0, 'params': 332673, 'time_iter': 0.0108, 'mae': 1365.28711, 'r2': 0.9444, 'mse': 4160521.25, 'rmse': 2039.7356, 'wmape': 0.10111, 'spearmanr': 0.97027, 'mae_norm': 0.16902, 'r2_norm': 0.9444, 'mse_norm': 0.06376, 'rmse_norm': 0.25251, 'wmape_norm': 0.19914, 'spearmanr_norm': 0.97027, 'mae_real': 1365.28711, 'r2_real': 0.9444, 'mse_real': 4160521.25, 'rmse_real': 2039.7356, 'wmape_real': 0.10111, 'spearmanr_real': 0.97027, 'loss_sup': 0.3971255662944322, 'loss_data': 0.3971255662944322, 'loss_con': 1.2724524605957912, 'lambda_con': 0.0, 'rho_terminal_abs_mean': 7041.93788365904, 'rho_terminal_abs_max': 33251.94072214336, 'loss_old': 0.15585255878862794, 'loss_new': 0.24127300870130197, 'lambda_new_current': 1.0}
> Epoch 66: took 2.4s (avg 2.4s) | Best so far: epoch 66	train_loss: 0.4023	val_loss: 0.3987	test_loss: 0.3971	val_rmse_norm: 0.2531
train: {'epoch': 67, 'time_epoch': 1.42166, 'eta': 190.43053, 'eta_hours': 0.0529, 'loss': 0.40222701, 'lr': 0.00079389, 'params': 332673, 'time_iter': 0.01896, 'mae': 1388.92419, 'r2': 0.94204, 'mse': 4323157.0, 'rmse': 2079.22021, 'wmape': 0.1029, 'spearmanr': 0.96905, 'mae_norm': 0.17194, 'r2_norm': 0.94204, 'mse_norm': 0.06625, 'rmse_norm': 0.2574, 'wmape_norm': 0.20288, 'spearmanr_norm': 0.96905, 'mae_real': 1388.92419, 'r2_real': 0.94204, 'mse_real': 4323157.0, 'rmse_real': 2079.22021, 'wmape_real': 0.1029, 'spearmanr_real': 0.96905, 'loss_sup': 0.40222700531088, 'loss_data': 0.40222700531088, 'loss_con': 1.3167076009218581, 'lambda_con': 0.0, 'rho_terminal_abs_mean': 7137.958520225136, 'rho_terminal_abs_max': 34725.86503997491, 'loss_old': 0.15896853450315693, 'loss_new': 0.24325847100395787, 'lambda_new_current': 1.0}
val: {'epoch': 67, 'time_epoch': 0.27004, 'loss': 0.39859736, 'lr': 0, 'params': 332673, 'time_iter': 0.0108, 'mae': 1364.00159, 'r2': 0.94407, 'mse': 4190985.0, 'rmse': 2047.18958, 'wmape': 0.10096, 'spearmanr': 0.96961, 'mae_norm': 0.16886, 'r2_norm': 0.94407, 'mse_norm': 0.06423, 'rmse_norm': 0.25343, 'wmape_norm': 0.19901, 'spearmanr_norm': 0.96961, 'mae_real': 1364.00159, 'r2_real': 0.94407, 'mse_real': 4190985.0, 'rmse_real': 2047.18958, 'wmape_real': 0.10096, 'spearmanr_real': 0.96961, 'loss_sup': 0.3985973605276643, 'loss_data': 0.3985973605276643, 'loss_con': 1.3007539855668138, 'lambda_con': 0.0, 'rho_terminal_abs_mean': 7069.724497212752, 'rho_terminal_abs_max': 34671.083626247426, 'loss_old': 0.1553528911850417, 'loss_new': 0.24324446755270385, 'lambda_new_current': 1.0}
test: {'epoch': 67, 'time_epoch': 0.27022, 'loss': 0.39646263, 'lr': 0, 'params': 332673, 'time_iter': 0.01081, 'mae': 1364.09485, 'r2': 0.94422, 'mse': 4173434.0, 'rmse': 2042.89844, 'wmape': 0.10102, 'spearmanr': 0.97012, 'mae_norm': 0.16887, 'r2_norm': 0.94422, 'mse_norm': 0.06396, 'rmse_norm': 0.2529, 'wmape_norm': 0.19897, 'spearmanr_norm': 0.97012, 'mae_real': 1364.09485, 'r2_real': 0.94422, 'mse_real': 4173434.0, 'rmse_real': 2042.89844, 'wmape_real': 0.10102, 'spearmanr_real': 0.97012, 'loss_sup': 0.3964626308816099, 'loss_data': 0.3964626308816099, 'loss_con': 1.2880291788125702, 'lambda_con': 0.0, 'rho_terminal_abs_mean': 7021.355348967788, 'rho_terminal_abs_max': 34519.70773773599, 'loss_old': 0.15578622766047537, 'loss_new': 0.24067640322537495, 'lambda_new_current': 1.0}
> Epoch 67: took 2.4s (avg 2.4s) | Best so far: epoch 66	train_loss: 0.4023	val_loss: 0.3987	test_loss: 0.3971	val_rmse_norm: 0.2531
train: {'epoch': 68, 'time_epoch': 1.42336, 'eta': 188.95125, 'eta_hours': 0.05249, 'loss': 0.40253469, 'lr': 0.00078716, 'params': 332673, 'time_iter': 0.01898, 'mae': 1391.71741, 'r2': 0.94193, 'mse': 4331120.0, 'rmse': 2081.13428, 'wmape': 0.10311, 'spearmanr': 0.96893, 'mae_norm': 0.17229, 'r2_norm': 0.94193, 'mse_norm': 0.06638, 'rmse_norm': 0.25764, 'wmape_norm': 0.20329, 'spearmanr_norm': 0.96893, 'mae_real': 1391.71741, 'r2_real': 0.94193, 'mse_real': 4331120.0, 'rmse_real': 2081.13428, 'wmape_real': 0.10311, 'spearmanr_real': 0.96893, 'loss_sup': 0.40253468693733857, 'loss_data': 0.40253468693733857, 'loss_con': 1.3182997394428595, 'lambda_con': 0.0, 'rho_terminal_abs_mean': 7141.350200763949, 'rho_terminal_abs_max': 34935.428501237875, 'loss_old': 0.15939302099432828, 'loss_new': 0.2431416641559804, 'lambda_new_current': 1.0}
val: {'epoch': 68, 'time_epoch': 0.27051, 'loss': 0.40131978, 'lr': 0, 'params': 332673, 'time_iter': 0.01082, 'mae': 1373.04114, 'r2': 0.94352, 'mse': 4232461.0, 'rmse': 2057.29468, 'wmape': 0.10163, 'spearmanr': 0.96944, 'mae_norm': 0.16998, 'r2_norm': 0.94352, 'mse_norm': 0.06486, 'rmse_norm': 0.25469, 'wmape_norm': 0.20033, 'spearmanr_norm': 0.96944, 'mae_real': 1373.04114, 'r2_real': 0.94352, 'mse_real': 4232461.0, 'rmse_real': 2057.29468, 'wmape_real': 0.10163, 'spearmanr_real': 0.96944, 'loss_sup': 0.4013197826511298, 'loss_data': 0.4013197826511298, 'loss_con': 1.3336559452608112, 'lambda_con': 0.0, 'rho_terminal_abs_mean': 7150.79863726865, 'rho_terminal_abs_max': 34632.756658022714, 'loss_old': 0.15636497144564, 'loss_new': 0.24495481060801827, 'lambda_new_current': 1.0}
test: {'epoch': 68, 'time_epoch': 0.27039, 'loss': 0.39949748, 'lr': 0, 'params': 332673, 'time_iter': 0.01082, 'mae': 1373.56287, 'r2': 0.94357, 'mse': 4222063.5, 'rmse': 2054.76611, 'wmape': 0.10172, 'spearmanr': 0.96988, 'mae_norm': 0.17004, 'r2_norm': 0.94357, 'mse_norm': 0.06471, 'rmse_norm': 0.25437, 'wmape_norm': 0.20035, 'spearmanr_norm': 0.96988, 'mae_real': 1373.56287, 'r2_real': 0.94357, 'mse_real': 4222063.5, 'rmse_real': 2054.76611, 'wmape_real': 0.10172, 'spearmanr_real': 0.96988, 'loss_sup': 0.3994974767090933, 'loss_data': 0.3994974767090933, 'loss_con': 1.3239417757577598, 'lambda_con': 0.0, 'rho_terminal_abs_mean': 7107.2630388799835, 'rho_terminal_abs_max': 34575.929487998525, 'loss_old': 0.1568051896286396, 'loss_new': 0.24269228946190816, 'lambda_new_current': 1.0}
> Epoch 68: took 2.4s (avg 2.4s) | Best so far: epoch 66	train_loss: 0.4023	val_loss: 0.3987	test_loss: 0.3971	val_rmse_norm: 0.2531
train: {'epoch': 69, 'time_epoch': 1.42065, 'eta': 187.46853, 'eta_hours': 0.05207, 'loss': 0.40079675, 'lr': 0.00078036, 'params': 332673, 'time_iter': 0.01894, 'mae': 1385.99866, 'r2': 0.9423, 'mse': 4303891.5, 'rmse': 2074.58228, 'wmape': 0.10268, 'spearmanr': 0.96913, 'mae_norm': 0.17158, 'r2_norm': 0.9423, 'mse_norm': 0.06596, 'rmse_norm': 0.25683, 'wmape_norm': 0.20245, 'spearmanr_norm': 0.96913, 'mae_real': 1385.99866, 'r2_real': 0.9423, 'mse_real': 4303891.5, 'rmse_real': 2074.58228, 'wmape_real': 0.10268, 'spearmanr_real': 0.96913, 'loss_sup': 0.40079674700061163, 'loss_data': 0.40079674700061163, 'loss_con': 1.3170201692051922, 'lambda_con': 0.0, 'rho_terminal_abs_mean': 7139.441222786331, 'rho_terminal_abs_max': 34680.47726149331, 'loss_old': 0.15875806584556926, 'loss_new': 0.24203867917238062, 'lambda_new_current': 1.0}
val: {'epoch': 69, 'time_epoch': 0.27019, 'loss': 0.40002936, 'lr': 0, 'params': 332673, 'time_iter': 0.01081, 'mae': 1365.97144, 'r2': 0.94296, 'mse': 4274759.5, 'rmse': 2067.54907, 'wmape': 0.1011, 'spearmanr': 0.969, 'mae_norm': 0.1691, 'r2_norm': 0.94296, 'mse_norm': 0.06551, 'rmse_norm': 0.25596, 'wmape_norm': 0.1993, 'spearmanr_norm': 0.969, 'mae_real': 1365.97144, 'r2_real': 0.94296, 'mse_real': 4274759.5, 'rmse_real': 2067.54907, 'wmape_real': 0.1011, 'spearmanr_real': 0.969, 'loss_sup': 0.4000293613596991, 'loss_data': 0.4000293613596991, 'loss_con': 1.3626910704637685, 'lambda_con': 0.0, 'rho_terminal_abs_mean': 7265.883303569922, 'rho_terminal_abs_max': 34055.87526446583, 'loss_old': 0.15538728056937326, 'loss_new': 0.2446420807981249, 'lambda_new_current': 1.0}
test: {'epoch': 69, 'time_epoch': 0.27005, 'loss': 0.39908366, 'lr': 0, 'params': 332673, 'time_iter': 0.0108, 'mae': 1367.04236, 'r2': 0.94306, 'mse': 4260324.5, 'rmse': 2064.05542, 'wmape': 0.10124, 'spearmanr': 0.96944, 'mae_norm': 0.16923, 'r2_norm': 0.94306, 'mse_norm': 0.06529, 'rmse_norm': 0.25552, 'wmape_norm': 0.1994, 'spearmanr_norm': 0.96944, 'mae_real': 1367.04236, 'r2_real': 0.94306, 'mse_real': 4260324.5, 'rmse_real': 2064.05542, 'wmape_real': 0.10124, 'spearmanr_real': 0.96944, 'loss_sup': 0.39908365728339246, 'loss_data': 0.39908365728339246, 'loss_con': 1.349019322913459, 'lambda_con': 0.0, 'rho_terminal_abs_mean': 7212.880934749989, 'rho_terminal_abs_max': 34493.714872676406, 'loss_old': 0.15573013662862897, 'loss_new': 0.24335352184720557, 'lambda_new_current': 1.0}
> Epoch 69: took 2.4s (avg 2.4s) | Best so far: epoch 66	train_loss: 0.4023	val_loss: 0.3987	test_loss: 0.3971	val_rmse_norm: 0.2531
train: {'epoch': 70, 'time_epoch': 1.42336, 'eta': 185.99248, 'eta_hours': 0.05166, 'loss': 0.40168897, 'lr': 0.00077347, 'params': 332673, 'time_iter': 0.01898, 'mae': 1389.74255, 'r2': 0.9421, 'mse': 4318238.0, 'rmse': 2078.03711, 'wmape': 0.10296, 'spearmanr': 0.96908, 'mae_norm': 0.17205, 'r2_norm': 0.9421, 'mse_norm': 0.06618, 'rmse_norm': 0.25725, 'wmape_norm': 0.203, 'spearmanr_norm': 0.96908, 'mae_real': 1389.74255, 'r2_real': 0.9421, 'mse_real': 4318238.0, 'rmse_real': 2078.03711, 'wmape_real': 0.10296, 'spearmanr_real': 0.96908, 'loss_sup': 0.4016889694019791, 'loss_data': 0.4016889694019791, 'loss_con': 1.3157325157356012, 'lambda_con': 0.0, 'rho_terminal_abs_mean': 7132.035009622822, 'rho_terminal_abs_max': 35077.947118927645, 'loss_old': 0.15922595539744147, 'loss_new': 0.24246301380539198, 'lambda_new_current': 1.0}
val: {'epoch': 70, 'time_epoch': 0.27113, 'loss': 0.39542278, 'lr': 0, 'params': 332673, 'time_iter': 0.01085, 'mae': 1355.95776, 'r2': 0.94476, 'mse': 4139270.75, 'rmse': 2034.51978, 'wmape': 0.10036, 'spearmanr': 0.97012, 'mae_norm': 0.16786, 'r2_norm': 0.94476, 'mse_norm': 0.06344, 'rmse_norm': 0.25187, 'wmape_norm': 0.19784, 'spearmanr_norm': 0.97012, 'mae_real': 1355.95776, 'r2_real': 0.94476, 'mse_real': 4139270.75, 'rmse_real': 2034.51978, 'wmape_real': 0.10036, 'spearmanr_real': 0.97012, 'loss_sup': 0.39542278271794407, 'loss_data': 0.39542278271794407, 'loss_con': 1.3018631096573128, 'lambda_con': 0.0, 'rho_terminal_abs_mean': 7100.092357633086, 'rho_terminal_abs_max': 34226.950920150375, 'loss_old': 0.15461751039217422, 'loss_new': 0.24080527233419285, 'lambda_new_current': 1.0}
test: {'epoch': 70, 'time_epoch': 0.27033, 'loss': 0.39446861, 'lr': 0, 'params': 332673, 'time_iter': 0.01081, 'mae': 1356.69995, 'r2': 0.94483, 'mse': 4128363.0, 'rmse': 2031.8374, 'wmape': 0.10047, 'spearmanr': 0.97053, 'mae_norm': 0.16795, 'r2_norm': 0.94483, 'mse_norm': 0.06327, 'rmse_norm': 0.25153, 'wmape_norm': 0.19789, 'spearmanr_norm': 0.97053, 'mae_real': 1356.69995, 'r2_real': 0.94483, 'mse_real': 4128363.0, 'rmse_real': 2031.8374, 'wmape_real': 0.10047, 'spearmanr_real': 0.97053, 'loss_sup': 0.39446860878923184, 'loss_data': 0.39446860878923184, 'loss_con': 1.2879115749699046, 'lambda_con': 0.0, 'rho_terminal_abs_mean': 7055.323677191116, 'rho_terminal_abs_max': 33788.30504149905, 'loss_old': 0.15490703433144054, 'loss_new': 0.23956157028673833, 'lambda_new_current': 1.0}
> Epoch 70: took 2.4s (avg 2.4s) | Best so far: epoch 70	train_loss: 0.4017	val_loss: 0.3954	test_loss: 0.3945	val_rmse_norm: 0.2519
train: {'epoch': 71, 'time_epoch': 1.42142, 'eta': 184.51444, 'eta_hours': 0.05125, 'loss': 0.40018869, 'lr': 0.00076652, 'params': 332673, 'time_iter': 0.01895, 'mae': 1385.93823, 'r2': 0.9423, 'mse': 4303546.0, 'rmse': 2074.49902, 'wmape': 0.10268, 'spearmanr': 0.96915, 'mae_norm': 0.17157, 'r2_norm': 0.9423, 'mse_norm': 0.06595, 'rmse_norm': 0.25682, 'wmape_norm': 0.20245, 'spearmanr_norm': 0.96915, 'mae_real': 1385.93823, 'r2_real': 0.9423, 'mse_real': 4303546.0, 'rmse_real': 2074.49902, 'wmape_real': 0.10268, 'spearmanr_real': 0.96915, 'loss_sup': 0.4001886875309431, 'loss_data': 0.4001886875309431, 'loss_con': 1.3247656344296561, 'lambda_con': 0.0, 'rho_terminal_abs_mean': 7152.04112619579, 'rho_terminal_abs_max': 35397.51201341195, 'loss_old': 0.15888351850685822, 'loss_new': 0.24130516843118055, 'lambda_new_current': 1.0}
val: {'epoch': 71, 'time_epoch': 0.2703, 'loss': 0.39569099, 'lr': 0, 'params': 332673, 'time_iter': 0.01081, 'mae': 1354.39758, 'r2': 0.94434, 'mse': 4171240.5, 'rmse': 2042.36145, 'wmape': 0.10025, 'spearmanr': 0.97012, 'mae_norm': 0.16767, 'r2_norm': 0.94434, 'mse_norm': 0.06393, 'rmse_norm': 0.25284, 'wmape_norm': 0.19761, 'spearmanr_norm': 0.97012, 'mae_real': 1354.39758, 'r2_real': 0.94434, 'mse_real': 4171240.5, 'rmse_real': 2042.36145, 'wmape_real': 0.10025, 'spearmanr_real': 0.97012, 'loss_sup': 0.3956909865782685, 'loss_data': 0.3956909865782685, 'loss_con': 1.3320604277535393, 'lambda_con': 0.0, 'rho_terminal_abs_mean': 7198.664708009984, 'rho_terminal_abs_max': 34469.22513028412, 'loss_old': 0.15427869568186142, 'loss_new': 0.2414122896998419, 'lambda_new_current': 1.0}
test: {'epoch': 71, 'time_epoch': 0.26988, 'loss': 0.39434695, 'lr': 0, 'params': 332673, 'time_iter': 0.0108, 'mae': 1355.18372, 'r2': 0.9444, 'mse': 4160313.5, 'rmse': 2039.68469, 'wmape': 0.10036, 'spearmanr': 0.97055, 'mae_norm': 0.16777, 'r2_norm': 0.9444, 'mse_norm': 0.06376, 'rmse_norm': 0.25251, 'wmape_norm': 0.19767, 'spearmanr_norm': 0.97055, 'mae_real': 1355.18372, 'r2_real': 0.9444, 'mse_real': 4160313.5, 'rmse_real': 2039.68469, 'wmape_real': 0.10036, 'spearmanr_real': 0.97055, 'loss_sup': 0.3943469520073243, 'loss_data': 0.3943469520073243, 'loss_con': 1.3176041157226528, 'lambda_con': 0.0, 'rho_terminal_abs_mean': 7145.42856414355, 'rho_terminal_abs_max': 33784.86397638285, 'loss_old': 0.15466273227676813, 'loss_new': 0.23968422032228728, 'lambda_new_current': 1.0}
> Epoch 71: took 2.4s (avg 2.4s) | Best so far: epoch 70	train_loss: 0.4017	val_loss: 0.3954	test_loss: 0.3945	val_rmse_norm: 0.2519
train: {'epoch': 72, 'time_epoch': 1.42109, 'eta': 183.03737, 'eta_hours': 0.05084, 'loss': 0.40078142, 'lr': 0.00075948, 'params': 332673, 'time_iter': 0.01895, 'mae': 1387.28601, 'r2': 0.94229, 'mse': 4304674.5, 'rmse': 2074.771, 'wmape': 0.10278, 'spearmanr': 0.96914, 'mae_norm': 0.17174, 'r2_norm': 0.94229, 'mse_norm': 0.06597, 'rmse_norm': 0.25685, 'wmape_norm': 0.20264, 'spearmanr_norm': 0.96914, 'mae_real': 1387.28601, 'r2_real': 0.94229, 'mse_real': 4304674.5, 'rmse_real': 2074.771, 'wmape_real': 0.10278, 'spearmanr_real': 0.96914, 'loss_sup': 0.40078141691511143, 'loss_data': 0.40078141691511143, 'loss_con': 1.3114314795853128, 'lambda_con': 0.0, 'rho_terminal_abs_mean': 7120.690556722192, 'rho_terminal_abs_max': 35366.28422750197, 'loss_old': 0.1589914312591215, 'loss_new': 0.2417899878428082, 'lambda_new_current': 1.0}
val: {'epoch': 72, 'time_epoch': 0.27088, 'loss': 0.39997036, 'lr': 0, 'params': 332673, 'time_iter': 0.01084, 'mae': 1364.99329, 'r2': 0.94412, 'mse': 4187258.25, 'rmse': 2046.27917, 'wmape': 0.10103, 'spearmanr': 0.96963, 'mae_norm': 0.16898, 'r2_norm': 0.94412, 'mse_norm': 0.06417, 'rmse_norm': 0.25332, 'wmape_norm': 0.19915, 'spearmanr_norm': 0.96963, 'mae_real': 1364.99329, 'r2_real': 0.94412, 'mse_real': 4187258.25, 'rmse_real': 2046.27917, 'wmape_real': 0.10103, 'spearmanr_real': 0.96963, 'loss_sup': 0.3999703575811995, 'loss_data': 0.3999703575811995, 'loss_con': 1.3117228398173657, 'lambda_con': 0.0, 'rho_terminal_abs_mean': 7091.511235246701, 'rho_terminal_abs_max': 34602.51108802774, 'loss_old': 0.1552250777409408, 'loss_new': 0.244745278054333, 'lambda_new_current': 1.0}
test: {'epoch': 72, 'time_epoch': 0.27018, 'loss': 0.39835622, 'lr': 0, 'params': 332673, 'time_iter': 0.01081, 'mae': 1364.95789, 'r2': 0.94433, 'mse': 4165687.25, 'rmse': 2041.00159, 'wmape': 0.10108, 'spearmanr': 0.97014, 'mae_norm': 0.16898, 'r2_norm': 0.94433, 'mse_norm': 0.06384, 'rmse_norm': 0.25267, 'wmape_norm': 0.1991, 'spearmanr_norm': 0.97014, 'mae_real': 1364.95789, 'r2_real': 0.94433, 'mse_real': 4165687.25, 'rmse_real': 2041.00159, 'wmape_real': 0.10108, 'spearmanr_real': 0.97014, 'loss_sup': 0.398356215351083, 'loss_data': 0.398356215351083, 'loss_con': 1.299549781005762, 'lambda_con': 0.0, 'rho_terminal_abs_mean': 7043.769897607552, 'rho_terminal_abs_max': 34430.675352486935, 'loss_old': 0.15551994239316644, 'loss_new': 0.24283627414873735, 'lambda_new_current': 1.0}
> Epoch 72: took 2.4s (avg 2.4s) | Best so far: epoch 70	train_loss: 0.4017	val_loss: 0.3954	test_loss: 0.3945	val_rmse_norm: 0.2519
train: {'epoch': 73, 'time_epoch': 1.41731, 'eta': 181.55538, 'eta_hours': 0.05043, 'loss': 0.39947519, 'lr': 0.00075238, 'params': 332673, 'time_iter': 0.0189, 'mae': 1382.69556, 'r2': 0.94256, 'mse': 4284275.0, 'rmse': 2069.84912, 'wmape': 0.10244, 'spearmanr': 0.96931, 'mae_norm': 0.17117, 'r2_norm': 0.94256, 'mse_norm': 0.06566, 'rmse_norm': 0.25624, 'wmape_norm': 0.20197, 'spearmanr_norm': 0.96931, 'mae_real': 1382.69556, 'r2_real': 0.94256, 'mse_real': 4284275.0, 'rmse_real': 2069.84912, 'wmape_real': 0.10244, 'spearmanr_real': 0.96931, 'loss_sup': 0.39947519446978114, 'loss_data': 0.39947519446978114, 'loss_con': 1.3199017105118267, 'lambda_con': 0.0, 'rho_terminal_abs_mean': 7140.002783449351, 'rho_terminal_abs_max': 35319.9313949303, 'loss_old': 0.15846209784879445, 'loss_new': 0.2410130974159268, 'lambda_new_current': 1.0}
val: {'epoch': 73, 'time_epoch': 0.27034, 'loss': 0.39593105, 'lr': 0, 'params': 332673, 'time_iter': 0.01081, 'mae': 1354.18091, 'r2': 0.94437, 'mse': 4168710.75, 'rmse': 2041.74207, 'wmape': 0.10023, 'spearmanr': 0.96984, 'mae_norm': 0.16764, 'r2_norm': 0.94437, 'mse_norm': 0.06389, 'rmse_norm': 0.25276, 'wmape_norm': 0.19758, 'spearmanr_norm': 0.96984, 'mae_real': 1354.18091, 'r2_real': 0.94437, 'mse_real': 4168710.75, 'rmse_real': 2041.74207, 'wmape_real': 0.10023, 'spearmanr_real': 0.96984, 'loss_sup': 0.3959310549105604, 'loss_data': 0.3959310549105604, 'loss_con': 1.3385506532236044, 'lambda_con': 0.0, 'rho_terminal_abs_mean': 7201.230277944762, 'rho_terminal_abs_max': 35057.34843844373, 'loss_old': 0.15418788110061996, 'loss_new': 0.24174317321065958, 'lambda_new_current': 1.0}
test: {'epoch': 73, 'time_epoch': 0.27006, 'loss': 0.39488467, 'lr': 0, 'params': 332673, 'time_iter': 0.0108, 'mae': 1355.64844, 'r2': 0.94441, 'mse': 4159673.75, 'rmse': 2039.52783, 'wmape': 0.10039, 'spearmanr': 0.97023, 'mae_norm': 0.16782, 'r2_norm': 0.94441, 'mse_norm': 0.06375, 'rmse_norm': 0.25249, 'wmape_norm': 0.19774, 'spearmanr_norm': 0.97023, 'mae_real': 1355.64844, 'r2_real': 0.94441, 'mse_real': 4159673.75, 'rmse_real': 2039.52783, 'wmape_real': 0.10039, 'spearmanr_real': 0.97023, 'loss_sup': 0.39488466500185826, 'loss_data': 0.39488466500185826, 'loss_con': 1.3247837651848746, 'lambda_con': 0.0, 'rho_terminal_abs_mean': 7155.2249110670355, 'rho_terminal_abs_max': 34357.24464028596, 'loss_old': 0.15462698405388522, 'loss_new': 0.24025768035892334, 'lambda_new_current': 1.0}
> Epoch 73: took 2.4s (avg 2.4s) | Best so far: epoch 70	train_loss: 0.4017	val_loss: 0.3954	test_loss: 0.3945	val_rmse_norm: 0.2519
train: {'epoch': 74, 'time_epoch': 1.41988, 'eta': 180.07941, 'eta_hours': 0.05002, 'loss': 0.40003527, 'lr': 0.00074521, 'params': 332673, 'time_iter': 0.01893, 'mae': 1385.92615, 'r2': 0.94252, 'mse': 4287542.0, 'rmse': 2070.63818, 'wmape': 0.10268, 'spearmanr': 0.96925, 'mae_norm': 0.17157, 'r2_norm': 0.94252, 'mse_norm': 0.06571, 'rmse_norm': 0.25634, 'wmape_norm': 0.20244, 'spearmanr_norm': 0.96925, 'mae_real': 1385.92615, 'r2_real': 0.94252, 'mse_real': 4287542.0, 'rmse_real': 2070.63818, 'wmape_real': 0.10268, 'spearmanr_real': 0.96925, 'loss_sup': 0.4000352706726516, 'loss_data': 0.4000352706726516, 'loss_con': 1.3217229523167568, 'lambda_con': 0.0, 'rho_terminal_abs_mean': 7147.077799022233, 'rho_terminal_abs_max': 35160.57757263319, 'loss_old': 0.1589146267577206, 'loss_new': 0.2411206433198851, 'lambda_new_current': 1.0}
val: {'epoch': 74, 'time_epoch': 0.27023, 'loss': 0.39602927, 'lr': 0, 'params': 332673, 'time_iter': 0.01081, 'mae': 1358.2384, 'r2': 0.94465, 'mse': 4147748.0, 'rmse': 2036.60205, 'wmape': 0.10053, 'spearmanr': 0.97009, 'mae_norm': 0.16814, 'r2_norm': 0.94465, 'mse_norm': 0.06357, 'rmse_norm': 0.25212, 'wmape_norm': 0.19817, 'spearmanr_norm': 0.97009, 'mae_real': 1358.2384, 'r2_real': 0.94465, 'mse_real': 4147748.0, 'rmse_real': 2036.60205, 'wmape_real': 0.10053, 'spearmanr_real': 0.97009, 'loss_sup': 0.396029273021581, 'loss_data': 0.396029273021581, 'loss_con': 1.293362381128061, 'lambda_con': 0.0, 'rho_terminal_abs_mean': 7076.143601264856, 'rho_terminal_abs_max': 34270.85797162765, 'loss_old': 0.15489138466889865, 'loss_new': 0.24113788834781572, 'lambda_new_current': 1.0}
test: {'epoch': 74, 'time_epoch': 0.26953, 'loss': 0.39476596, 'lr': 0, 'params': 332673, 'time_iter': 0.01078, 'mae': 1359.7417, 'r2': 0.94457, 'mse': 4147525.0, 'rmse': 2036.54736, 'wmape': 0.1007, 'spearmanr': 0.97046, 'mae_norm': 0.16833, 'r2_norm': 0.94457, 'mse_norm': 0.06356, 'rmse_norm': 0.25212, 'wmape_norm': 0.19834, 'spearmanr_norm': 0.97046, 'mae_real': 1359.7417, 'r2_real': 0.94457, 'mse_real': 4147525.0, 'rmse_real': 2036.54736, 'wmape_real': 0.1007, 'spearmanr_real': 0.97046, 'loss_sup': 0.3947659578453023, 'loss_data': 0.3947659578453023, 'loss_con': 1.2821282798498455, 'lambda_con': 0.0, 'rho_terminal_abs_mean': 7033.643894004706, 'rho_terminal_abs_max': 33918.644494378845, 'loss_old': 0.15538582699311979, 'loss_new': 0.23938013144977544, 'lambda_new_current': 1.0}
> Epoch 74: took 2.4s (avg 2.4s) | Best so far: epoch 70	train_loss: 0.4017	val_loss: 0.3954	test_loss: 0.3945	val_rmse_norm: 0.2519
train: {'epoch': 75, 'time_epoch': 1.42441, 'eta': 178.61231, 'eta_hours': 0.04961, 'loss': 0.39895106, 'lr': 0.00073797, 'params': 332673, 'time_iter': 0.01899, 'mae': 1383.0498, 'r2': 0.94254, 'mse': 4285564.0, 'rmse': 2070.1604, 'wmape': 0.10246, 'spearmanr': 0.96932, 'mae_norm': 0.17122, 'r2_norm': 0.94254, 'mse_norm': 0.06568, 'rmse_norm': 0.25628, 'wmape_norm': 0.20202, 'spearmanr_norm': 0.96932, 'mae_real': 1383.0498, 'r2_real': 0.94254, 'mse_real': 4285564.0, 'rmse_real': 2070.1604, 'wmape_real': 0.10246, 'spearmanr_real': 0.96932, 'loss_sup': 0.398951060125115, 'loss_data': 0.398951060125115, 'loss_con': 1.321845974045397, 'lambda_con': 0.0, 'rho_terminal_abs_mean': 7147.374278068965, 'rho_terminal_abs_max': 35733.25009992938, 'loss_old': 0.15864186611735398, 'loss_new': 0.2403091934137131, 'lambda_new_current': 1.0}
val: {'epoch': 75, 'time_epoch': 0.26955, 'loss': 0.39911137, 'lr': 0, 'params': 332673, 'time_iter': 0.01078, 'mae': 1358.23889, 'r2': 0.94508, 'mse': 4115588.5, 'rmse': 2028.69128, 'wmape': 0.10053, 'spearmanr': 0.97028, 'mae_norm': 0.16815, 'r2_norm': 0.94508, 'mse_norm': 0.06307, 'rmse_norm': 0.25114, 'wmape_norm': 0.19817, 'spearmanr_norm': 0.97028, 'mae_real': 1358.23889, 'r2_real': 0.94508, 'mse_real': 4115588.5, 'rmse_real': 2028.69128, 'wmape_real': 0.10053, 'spearmanr_real': 0.97028, 'loss_sup': 0.39911137093983723, 'loss_data': 0.39911137093983723, 'loss_con': 1.2877612981489233, 'lambda_con': 0.0, 'rho_terminal_abs_mean': 7038.819037204133, 'rho_terminal_abs_max': 34677.43680271763, 'loss_old': 0.15420806567846929, 'loss_new': 0.24490330228268306, 'lambda_new_current': 1.0}
test: {'epoch': 75, 'time_epoch': 0.26988, 'loss': 0.39771782, 'lr': 0, 'params': 332673, 'time_iter': 0.0108, 'mae': 1360.06689, 'r2': 0.94507, 'mse': 4110254.5, 'rmse': 2027.37622, 'wmape': 0.10072, 'spearmanr': 0.97069, 'mae_norm': 0.16837, 'r2_norm': 0.94507, 'mse_norm': 0.06299, 'rmse_norm': 0.25098, 'wmape_norm': 0.19838, 'spearmanr_norm': 0.97069, 'mae_real': 1360.06689, 'r2_real': 0.94507, 'mse_real': 4110254.5, 'rmse_real': 2027.37622, 'wmape_real': 0.10072, 'spearmanr_real': 0.97069, 'loss_sup': 0.3977178178948848, 'loss_data': 0.3977178178948848, 'loss_con': 1.2753966055298323, 'lambda_con': 0.0, 'rho_terminal_abs_mean': 6992.525550776672, 'rho_terminal_abs_max': 34330.378103814, 'loss_old': 0.15478553959993377, 'loss_new': 0.24293228126857314, 'lambda_new_current': 1.0}
> Epoch 75: took 2.4s (avg 2.4s) | Best so far: epoch 75	train_loss: 0.3990	val_loss: 0.3991	test_loss: 0.3977	val_rmse_norm: 0.2511
train: {'epoch': 76, 'time_epoch': 1.42834, 'eta': 177.15259, 'eta_hours': 0.04921, 'loss': 0.39879385, 'lr': 0.00073067, 'params': 332673, 'time_iter': 0.01904, 'mae': 1383.60474, 'r2': 0.94274, 'mse': 4271130.0, 'rmse': 2066.67114, 'wmape': 0.10251, 'spearmanr': 0.96936, 'mae_norm': 0.17129, 'r2_norm': 0.94274, 'mse_norm': 0.06546, 'rmse_norm': 0.25585, 'wmape_norm': 0.2021, 'spearmanr_norm': 0.96936, 'mae_real': 1383.60474, 'r2_real': 0.94274, 'mse_real': 4271130.0, 'rmse_real': 2066.67114, 'wmape_real': 0.10251, 'spearmanr_real': 0.96936, 'loss_sup': 0.3987938461904776, 'loss_data': 0.3987938461904776, 'loss_con': 1.318864334906203, 'lambda_con': 0.0, 'rho_terminal_abs_mean': 7135.667369331109, 'rho_terminal_abs_max': 35329.6111225732, 'loss_old': 0.15876981102004806, 'loss_new': 0.2400240337803187, 'lambda_new_current': 1.0}
val: {'epoch': 76, 'time_epoch': 0.26937, 'loss': 0.39655527, 'lr': 0, 'params': 332673, 'time_iter': 0.01077, 'mae': 1359.01794, 'r2': 0.94429, 'mse': 4174791.25, 'rmse': 2043.23059, 'wmape': 0.10059, 'spearmanr': 0.96976, 'mae_norm': 0.16824, 'r2_norm': 0.94429, 'mse_norm': 0.06398, 'rmse_norm': 0.25294, 'wmape_norm': 0.19828, 'spearmanr_norm': 0.96976, 'mae_real': 1359.01794, 'r2_real': 0.94429, 'mse_real': 4174791.25, 'rmse_real': 2043.23059, 'wmape_real': 0.10059, 'spearmanr_real': 0.96976, 'loss_sup': 0.3965552660855824, 'loss_data': 0.3965552660855824, 'loss_con': 1.309812986202205, 'lambda_con': 0.0, 'rho_terminal_abs_mean': 7124.306895567638, 'rho_terminal_abs_max': 33920.48373278776, 'loss_old': 0.15491504501738956, 'loss_new': 0.2416402198787404, 'lambda_new_current': 1.0}
test: {'epoch': 76, 'time_epoch': 0.27017, 'loss': 0.39505372, 'lr': 0, 'params': 332673, 'time_iter': 0.01081, 'mae': 1360.79358, 'r2': 0.94438, 'mse': 4161641.75, 'rmse': 2040.01025, 'wmape': 0.10078, 'spearmanr': 0.9702, 'mae_norm': 0.16846, 'r2_norm': 0.94438, 'mse_norm': 0.06378, 'rmse_norm': 0.25255, 'wmape_norm': 0.19849, 'spearmanr_norm': 0.9702, 'mae_real': 1360.79358, 'r2_real': 0.94438, 'mse_real': 4161641.75, 'rmse_real': 2040.01025, 'wmape_real': 0.10078, 'spearmanr_real': 0.9702, 'loss_sup': 0.39505371605531037, 'loss_data': 0.39505371605531037, 'loss_con': 1.297628971494745, 'lambda_con': 0.0, 'rho_terminal_abs_mean': 7078.800062049961, 'rho_terminal_abs_max': 33897.983303341636, 'loss_old': 0.1555090265860254, 'loss_new': 0.2395446894681625, 'lambda_new_current': 1.0}
> Epoch 76: took 2.4s (avg 2.4s) | Best so far: epoch 75	train_loss: 0.3990	val_loss: 0.3991	test_loss: 0.3977	val_rmse_norm: 0.2511
train: {'epoch': 77, 'time_epoch': 1.42417, 'eta': 175.68715, 'eta_hours': 0.0488, 'loss': 0.39800586, 'lr': 0.0007233, 'params': 332673, 'time_iter': 0.01899, 'mae': 1380.09412, 'r2': 0.94282, 'mse': 4264936.0, 'rmse': 2065.17212, 'wmape': 0.10225, 'spearmanr': 0.96941, 'mae_norm': 0.17085, 'r2_norm': 0.94282, 'mse_norm': 0.06536, 'rmse_norm': 0.25566, 'wmape_norm': 0.20159, 'spearmanr_norm': 0.96941, 'mae_real': 1380.09412, 'r2_real': 0.94282, 'mse_real': 4264936.0, 'rmse_real': 2065.17212, 'wmape_real': 0.10225, 'spearmanr_real': 0.96941, 'loss_sup': 0.398005863339873, 'loss_data': 0.398005863339873, 'loss_con': 1.3157087499958326, 'lambda_con': 0.0, 'rho_terminal_abs_mean': 7127.7931880997285, 'rho_terminal_abs_max': 35176.20102566274, 'loss_old': 0.15832014096627756, 'loss_new': 0.2396857221771943, 'lambda_new_current': 1.0}
val: {'epoch': 77, 'time_epoch': 0.27011, 'loss': 0.39340813, 'lr': 0, 'params': 332673, 'time_iter': 0.0108, 'mae': 1347.78101, 'r2': 0.94482, 'mse': 4134906.5, 'rmse': 2033.4469, 'wmape': 0.09976, 'spearmanr': 0.97022, 'mae_norm': 0.16685, 'r2_norm': 0.94482, 'mse_norm': 0.06337, 'rmse_norm': 0.25173, 'wmape_norm': 0.19664, 'spearmanr_norm': 0.97022, 'mae_real': 1347.78101, 'r2_real': 0.94482, 'mse_real': 4134906.5, 'rmse_real': 2033.4469, 'wmape_real': 0.09976, 'spearmanr_real': 0.97022, 'loss_sup': 0.39340813154407156, 'loss_data': 0.39340813154407156, 'loss_con': 1.358444389438454, 'lambda_con': 0.0, 'rho_terminal_abs_mean': 7269.874077626458, 'rho_terminal_abs_max': 34978.021327849565, 'loss_old': 0.15360251905734898, 'loss_new': 0.23980561486519072, 'lambda_new_current': 1.0}
test: {'epoch': 77, 'time_epoch': 0.27074, 'loss': 0.39188123, 'lr': 0, 'params': 332673, 'time_iter': 0.01083, 'mae': 1348.69824, 'r2': 0.9448, 'mse': 4130227.25, 'rmse': 2032.29602, 'wmape': 0.09988, 'spearmanr': 0.97061, 'mae_norm': 0.16696, 'r2_norm': 0.9448, 'mse_norm': 0.0633, 'rmse_norm': 0.25159, 'wmape_norm': 0.19672, 'spearmanr_norm': 0.97061, 'mae_real': 1348.69824, 'r2_real': 0.9448, 'mse_real': 4130227.25, 'rmse_real': 2032.29602, 'wmape_real': 0.09988, 'spearmanr_real': 0.97061, 'loss_sup': 0.3918812273310262, 'loss_data': 0.3918812273310262, 'loss_con': 1.34465281005703, 'lambda_con': 0.0, 'rho_terminal_abs_mean': 7223.081758498674, 'rho_terminal_abs_max': 34632.957083928915, 'loss_old': 0.15405128794247136, 'loss_new': 0.2378299393883054, 'lambda_new_current': 1.0}
> Epoch 77: took 2.4s (avg 2.4s) | Best so far: epoch 75	train_loss: 0.3990	val_loss: 0.3991	test_loss: 0.3977	val_rmse_norm: 0.2511
train: {'epoch': 78, 'time_epoch': 1.4269, 'eta': 174.22694, 'eta_hours': 0.0484, 'loss': 0.39831053, 'lr': 0.00071588, 'params': 332673, 'time_iter': 0.01903, 'mae': 1381.47913, 'r2': 0.9427, 'mse': 4274123.5, 'rmse': 2067.39526, 'wmape': 0.10235, 'spearmanr': 0.96933, 'mae_norm': 0.17102, 'r2_norm': 0.9427, 'mse_norm': 0.0655, 'rmse_norm': 0.25594, 'wmape_norm': 0.20179, 'spearmanr_norm': 0.96933, 'mae_real': 1381.47913, 'r2_real': 0.9427, 'mse_real': 4274123.5, 'rmse_real': 2067.39526, 'wmape_real': 0.10235, 'spearmanr_real': 0.96933, 'loss_sup': 0.39831053487875084, 'loss_data': 0.39831053487875084, 'loss_con': 1.318993050360888, 'lambda_con': 0.0, 'rho_terminal_abs_mean': 7149.715928214591, 'rho_terminal_abs_max': 34995.203077092876, 'loss_old': 0.15850098928400702, 'loss_new': 0.23980954618781447, 'lambda_new_current': 1.0}
val: {'epoch': 78, 'time_epoch': 0.27028, 'loss': 0.39532218, 'lr': 0, 'params': 332673, 'time_iter': 0.01081, 'mae': 1360.53625, 'r2': 0.94458, 'mse': 4152669.75, 'rmse': 2037.81006, 'wmape': 0.1007, 'spearmanr': 0.9701, 'mae_norm': 0.16843, 'r2_norm': 0.94458, 'mse_norm': 0.06364, 'rmse_norm': 0.25227, 'wmape_norm': 0.1985, 'spearmanr_norm': 0.9701, 'mae_real': 1360.53625, 'r2_real': 0.94458, 'mse_real': 4152669.75, 'rmse_real': 2037.81006, 'wmape_real': 0.1007, 'spearmanr_real': 0.9701, 'loss_sup': 0.39532218089082394, 'loss_data': 0.39532218089082394, 'loss_con': 1.299899950423544, 'lambda_con': 0.0, 'rho_terminal_abs_mean': 7139.072162963453, 'rho_terminal_abs_max': 33881.60795075759, 'loss_old': 0.15545924064882005, 'loss_new': 0.23986294084758644, 'lambda_new_current': 1.0}
test: {'epoch': 78, 'time_epoch': 0.26972, 'loss': 0.39510832, 'lr': 0, 'params': 332673, 'time_iter': 0.01079, 'mae': 1363.30713, 'r2': 0.94443, 'mse': 4158207.0, 'rmse': 2039.16821, 'wmape': 0.10096, 'spearmanr': 0.97044, 'mae_norm': 0.16877, 'r2_norm': 0.94443, 'mse_norm': 0.06373, 'rmse_norm': 0.25244, 'wmape_norm': 0.19886, 'spearmanr_norm': 0.97044, 'mae_real': 1363.30713, 'r2_real': 0.94443, 'mse_real': 4158207.0, 'rmse_real': 2039.16821, 'wmape_real': 0.10096, 'spearmanr_real': 0.97044, 'loss_sup': 0.3951083217601373, 'loss_data': 0.3951083217601373, 'loss_con': 1.285957061322739, 'lambda_con': 0.0, 'rho_terminal_abs_mean': 7091.65157687738, 'rho_terminal_abs_max': 33716.869843980494, 'loss_old': 0.15594579868946384, 'loss_new': 0.23916252247557493, 'lambda_new_current': 1.0}
> Epoch 78: took 2.4s (avg 2.4s) | Best so far: epoch 75	train_loss: 0.3990	val_loss: 0.3991	test_loss: 0.3977	val_rmse_norm: 0.2511
train: {'epoch': 79, 'time_epoch': 1.42734, 'eta': 172.76822, 'eta_hours': 0.04799, 'loss': 0.39715859, 'lr': 0.00070839, 'params': 332673, 'time_iter': 0.01903, 'mae': 1378.2262, 'r2': 0.94296, 'mse': 4254771.5, 'rmse': 2062.70972, 'wmape': 0.10211, 'spearmanr': 0.96948, 'mae_norm': 0.17062, 'r2_norm': 0.94296, 'mse_norm': 0.06521, 'rmse_norm': 0.25536, 'wmape_norm': 0.20132, 'spearmanr_norm': 0.96948, 'mae_real': 1378.2262, 'r2_real': 0.94296, 'mse_real': 4254771.5, 'rmse_real': 2062.70972, 'wmape_real': 0.10211, 'spearmanr_real': 0.96948, 'loss_sup': 0.3971585933009079, 'loss_data': 0.3971585933009079, 'loss_con': 1.3191266101422872, 'lambda_con': 0.0, 'rho_terminal_abs_mean': 7141.920471095512, 'rho_terminal_abs_max': 35106.0166920707, 'loss_old': 0.15817660953470006, 'loss_new': 0.23898198376780885, 'lambda_new_current': 1.0}
val: {'epoch': 79, 'time_epoch': 0.27045, 'loss': 0.39845808, 'lr': 0, 'params': 332673, 'time_iter': 0.01082, 'mae': 1355.34607, 'r2': 0.94362, 'mse': 4225310.0, 'rmse': 2055.55591, 'wmape': 0.10032, 'spearmanr': 0.96999, 'mae_norm': 0.16779, 'r2_norm': 0.94362, 'mse_norm': 0.06476, 'rmse_norm': 0.25447, 'wmape_norm': 0.19775, 'spearmanr_norm': 0.96999, 'mae_real': 1355.34607, 'r2_real': 0.94362, 'mse_real': 4225310.0, 'rmse_real': 2055.55591, 'wmape_real': 0.10032, 'spearmanr_real': 0.96999, 'loss_sup': 0.398458078159264, 'loss_data': 0.398458078159264, 'loss_con': 1.434332043316724, 'lambda_con': 0.0, 'rho_terminal_abs_mean': 7466.966127485483, 'rho_terminal_abs_max': 36219.598301373575, 'loss_old': 0.1538356110572214, 'loss_new': 0.24462246651580175, 'lambda_new_current': 1.0}
test: {'epoch': 79, 'time_epoch': 0.27089, 'loss': 0.39741868, 'lr': 0, 'params': 332673, 'time_iter': 0.01084, 'mae': 1357.38379, 'r2': 0.94357, 'mse': 4222450.5, 'rmse': 2054.86011, 'wmape': 0.10052, 'spearmanr': 0.97038, 'mae_norm': 0.16804, 'r2_norm': 0.94357, 'mse_norm': 0.06471, 'rmse_norm': 0.25438, 'wmape_norm': 0.19799, 'spearmanr_norm': 0.97038, 'mae_real': 1357.38379, 'r2_real': 0.94357, 'mse_real': 4222450.5, 'rmse_real': 2054.86011, 'wmape_real': 0.10052, 'spearmanr_real': 0.97038, 'loss_sup': 0.39741868433080096, 'loss_data': 0.39741868433080096, 'loss_con': 1.420011535944237, 'lambda_con': 0.0, 'rho_terminal_abs_mean': 7418.258982556372, 'rho_terminal_abs_max': 35895.75431247842, 'loss_old': 0.15437434835262445, 'loss_new': 0.24304433716712645, 'lambda_new_current': 1.0}
> Epoch 79: took 2.4s (avg 2.4s) | Best so far: epoch 75	train_loss: 0.3990	val_loss: 0.3991	test_loss: 0.3977	val_rmse_norm: 0.2511
train: {'epoch': 80, 'time_epoch': 1.4238, 'eta': 171.30507, 'eta_hours': 0.04758, 'loss': 0.39625947, 'lr': 0.00070085, 'params': 332673, 'time_iter': 0.01898, 'mae': 1376.9895, 'r2': 0.94317, 'mse': 4238962.0, 'rmse': 2058.87402, 'wmape': 0.10202, 'spearmanr': 0.96962, 'mae_norm': 0.17047, 'r2_norm': 0.94317, 'mse_norm': 0.06496, 'rmse_norm': 0.25488, 'wmape_norm': 0.20114, 'spearmanr_norm': 0.96962, 'mae_real': 1376.9895, 'r2_real': 0.94317, 'mse_real': 4238962.0, 'rmse_real': 2058.87402, 'wmape_real': 0.10202, 'spearmanr_real': 0.96962, 'loss_sup': 0.39625947401489553, 'loss_data': 0.39625947401489553, 'loss_con': 1.3186096652990738, 'lambda_con': 0.0, 'rho_terminal_abs_mean': 7138.105984000981, 'rho_terminal_abs_max': 35164.29009426239, 'loss_old': 0.15815565346466157, 'loss_new': 0.23810382015495746, 'lambda_new_current': 1.0}
val: {'epoch': 80, 'time_epoch': 0.27057, 'loss': 0.3923584, 'lr': 0, 'params': 332673, 'time_iter': 0.01082, 'mae': 1344.60645, 'r2': 0.94561, 'mse': 4076002.75, 'rmse': 2018.91125, 'wmape': 0.09952, 'spearmanr': 0.97047, 'mae_norm': 0.16646, 'r2_norm': 0.94561, 'mse_norm': 0.06247, 'rmse_norm': 0.24993, 'wmape_norm': 0.19618, 'spearmanr_norm': 0.97047, 'mae_real': 1344.60645, 'r2_real': 0.94561, 'mse_real': 4076002.75, 'rmse_real': 2018.91125, 'wmape_real': 0.09952, 'spearmanr_real': 0.97047, 'loss_sup': 0.39235839592809474, 'loss_data': 0.39235839592809474, 'loss_con': 1.3020265764247128, 'lambda_con': 0.0, 'rho_terminal_abs_mean': 7108.045442998786, 'rho_terminal_abs_max': 34002.44051929708, 'loss_old': 0.1532692438492333, 'loss_new': 0.23908915268375766, 'lambda_new_current': 1.0}
test: {'epoch': 80, 'time_epoch': 0.26995, 'loss': 0.39182545, 'lr': 0, 'params': 332673, 'time_iter': 0.0108, 'mae': 1347.34766, 'r2': 0.9455, 'mse': 4078276.5, 'rmse': 2019.47437, 'wmape': 0.09978, 'spearmanr': 0.97083, 'mae_norm': 0.1668, 'r2_norm': 0.9455, 'mse_norm': 0.0625, 'rmse_norm': 0.25, 'wmape_norm': 0.19653, 'spearmanr_norm': 0.97083, 'mae_real': 1347.34766, 'r2_real': 0.9455, 'mse_real': 4078276.5, 'rmse_real': 2019.47437, 'wmape_real': 0.09978, 'spearmanr_real': 0.97083, 'loss_sup': 0.39182544596807695, 'loss_data': 0.39182544596807695, 'loss_con': 1.2889731334124863, 'lambda_con': 0.0, 'rho_terminal_abs_mean': 7059.059767899307, 'rho_terminal_abs_max': 33860.35881549187, 'loss_old': 0.1538225530854068, 'loss_new': 0.23800289228601257, 'lambda_new_current': 1.0}
> Epoch 80: took 2.4s (avg 2.4s) | Best so far: epoch 80	train_loss: 0.3963	val_loss: 0.3924	test_loss: 0.3918	val_rmse_norm: 0.2499
train: {'epoch': 81, 'time_epoch': 1.42343, 'eta': 169.84236, 'eta_hours': 0.04718, 'loss': 0.39561073, 'lr': 0.00069325, 'params': 332673, 'time_iter': 0.01898, 'mae': 1375.14758, 'r2': 0.94335, 'mse': 4225371.0, 'rmse': 2055.5708, 'wmape': 0.10188, 'spearmanr': 0.96968, 'mae_norm': 0.17024, 'r2_norm': 0.94335, 'mse_norm': 0.06476, 'rmse_norm': 0.25447, 'wmape_norm': 0.20087, 'spearmanr_norm': 0.96968, 'mae_real': 1375.14758, 'r2_real': 0.94335, 'mse_real': 4225371.0, 'rmse_real': 2055.5708, 'wmape_real': 0.10188, 'spearmanr_real': 0.96968, 'loss_sup': 0.3956107293010908, 'loss_data': 0.3956107293010908, 'loss_con': 1.3183151143917753, 'lambda_con': 0.0, 'rho_terminal_abs_mean': 7137.466281055123, 'rho_terminal_abs_max': 34862.29523247692, 'loss_old': 0.15796818730766451, 'loss_new': 0.2376425421940274, 'lambda_new_current': 1.0}
val: {'epoch': 81, 'time_epoch': 0.27057, 'loss': 0.3943622, 'lr': 0, 'params': 332673, 'time_iter': 0.01082, 'mae': 1356.75928, 'r2': 0.94465, 'mse': 4148020.75, 'rmse': 2036.66907, 'wmape': 0.10042, 'spearmanr': 0.96994, 'mae_norm': 0.16796, 'r2_norm': 0.94465, 'mse_norm': 0.06357, 'rmse_norm': 0.25213, 'wmape_norm': 0.19795, 'spearmanr_norm': 0.96994, 'mae_real': 1356.75928, 'r2_real': 0.94465, 'mse_real': 4148020.75, 'rmse_real': 2036.66907, 'wmape_real': 0.10042, 'spearmanr_real': 0.96994, 'loss_sup': 0.39436220442163267, 'loss_data': 0.39436220442163267, 'loss_con': 1.3014711705959774, 'lambda_con': 0.0, 'rho_terminal_abs_mean': 7107.511998760015, 'rho_terminal_abs_max': 33940.93136574868, 'loss_old': 0.15499762997397892, 'loss_new': 0.23936457206650272, 'lambda_new_current': 1.0}
test: {'epoch': 81, 'time_epoch': 0.2697, 'loss': 0.39372935, 'lr': 0, 'params': 332673, 'time_iter': 0.01079, 'mae': 1358.71643, 'r2': 0.94464, 'mse': 4142040.0, 'rmse': 2035.2002, 'wmape': 0.10062, 'spearmanr': 0.97035, 'mae_norm': 0.1682, 'r2_norm': 0.94464, 'mse_norm': 0.06348, 'rmse_norm': 0.25195, 'wmape_norm': 0.19819, 'spearmanr_norm': 0.97035, 'mae_real': 1358.71643, 'r2_real': 0.94464, 'mse_real': 4142040.0, 'rmse_real': 2035.2002, 'wmape_real': 0.10062, 'spearmanr_real': 0.97035, 'loss_sup': 0.39372934901864737, 'loss_data': 0.39372934901864737, 'loss_con': 1.288388798827069, 'lambda_con': 0.0, 'rho_terminal_abs_mean': 7058.707792221273, 'rho_terminal_abs_max': 33778.66964760134, 'loss_old': 0.15543261292275531, 'loss_new': 0.2382967360980123, 'lambda_new_current': 1.0}
> Epoch 81: took 2.4s (avg 2.4s) | Best so far: epoch 80	train_loss: 0.3963	val_loss: 0.3924	test_loss: 0.3918	val_rmse_norm: 0.2499
train: {'epoch': 82, 'time_epoch': 1.42375, 'eta': 168.38103, 'eta_hours': 0.04677, 'loss': 0.39489074, 'lr': 0.0006856, 'params': 332673, 'time_iter': 0.01898, 'mae': 1374.17554, 'r2': 0.94336, 'mse': 4224410.0, 'rmse': 2055.33691, 'wmape': 0.10181, 'spearmanr': 0.96973, 'mae_norm': 0.17012, 'r2_norm': 0.94336, 'mse_norm': 0.06474, 'rmse_norm': 0.25444, 'wmape_norm': 0.20073, 'spearmanr_norm': 0.96973, 'mae_real': 1374.17554, 'r2_real': 0.94336, 'mse_real': 4224410.0, 'rmse_real': 2055.33691, 'wmape_real': 0.10181, 'spearmanr_real': 0.96973, 'loss_sup': 0.3948907392066092, 'loss_data': 0.3948907392066092, 'loss_con': 1.3197619853085012, 'lambda_con': 0.0, 'rho_terminal_abs_mean': 7143.514723957517, 'rho_terminal_abs_max': 34865.85392222922, 'loss_old': 0.15795692540386358, 'loss_new': 0.23693381280988657, 'lambda_new_current': 1.0}
val: {'epoch': 82, 'time_epoch': 0.27025, 'loss': 0.39517605, 'lr': 0, 'params': 332673, 'time_iter': 0.01081, 'mae': 1354.50293, 'r2': 0.94532, 'mse': 4097333.5, 'rmse': 2024.18713, 'wmape': 0.10025, 'spearmanr': 0.97026, 'mae_norm': 0.16768, 'r2_norm': 0.94532, 'mse_norm': 0.06279, 'rmse_norm': 0.25059, 'wmape_norm': 0.19762, 'spearmanr_norm': 0.97026, 'mae_real': 1354.50293, 'r2_real': 0.94532, 'mse_real': 4097333.5, 'rmse_real': 2024.18713, 'wmape_real': 0.10025, 'spearmanr_real': 0.97026, 'loss_sup': 0.3951760471161401, 'loss_data': 0.3951760471161401, 'loss_con': 1.2800648777639898, 'lambda_con': 0.0, 'rho_terminal_abs_mean': 7027.3786305456615, 'rho_terminal_abs_max': 33564.18044861923, 'loss_old': 0.15441281415011696, 'loss_new': 0.24076323356287066, 'lambda_new_current': 1.0}
test: {'epoch': 82, 'time_epoch': 0.27048, 'loss': 0.39333206, 'lr': 0, 'params': 332673, 'time_iter': 0.01082, 'mae': 1354.59009, 'r2': 0.94535, 'mse': 4089111.5, 'rmse': 2022.15515, 'wmape': 0.10032, 'spearmanr': 0.97067, 'mae_norm': 0.16769, 'r2_norm': 0.94535, 'mse_norm': 0.06267, 'rmse_norm': 0.25034, 'wmape_norm': 0.19758, 'spearmanr_norm': 0.97067, 'mae_real': 1354.59009, 'r2_real': 0.94535, 'mse_real': 4089111.5, 'rmse_real': 2022.15515, 'wmape_real': 0.10032, 'spearmanr_real': 0.97067, 'loss_sup': 0.39333206110287366, 'loss_data': 0.39333206110287366, 'loss_con': 1.2675870211135245, 'lambda_con': 0.0, 'rho_terminal_abs_mean': 6977.684839620692, 'rho_terminal_abs_max': 33678.250716784736, 'loss_old': 0.15478411200938733, 'loss_new': 0.23854794909766444, 'lambda_new_current': 1.0}
> Epoch 82: took 2.4s (avg 2.4s) | Best so far: epoch 80	train_loss: 0.3963	val_loss: 0.3924	test_loss: 0.3918	val_rmse_norm: 0.2499
train: {'epoch': 83, 'time_epoch': 1.43607, 'eta': 166.93762, 'eta_hours': 0.04637, 'loss': 0.39593446, 'lr': 0.0006779, 'params': 332673, 'time_iter': 0.01915, 'mae': 1376.52649, 'r2': 0.94329, 'mse': 4230143.5, 'rmse': 2056.7312, 'wmape': 0.10198, 'spearmanr': 0.96971, 'mae_norm': 0.17041, 'r2_norm': 0.94329, 'mse_norm': 0.06483, 'rmse_norm': 0.25462, 'wmape_norm': 0.20107, 'spearmanr_norm': 0.96971, 'mae_real': 1376.52649, 'r2_real': 0.94329, 'mse_real': 4230143.5, 'rmse_real': 2056.7312, 'wmape_real': 0.10198, 'spearmanr_real': 0.96971, 'loss_sup': 0.395934460213152, 'loss_data': 0.395934460213152, 'loss_con': 1.3117399735181932, 'lambda_con': 0.0, 'rho_terminal_abs_mean': 7120.562599868742, 'rho_terminal_abs_max': 34906.90102963016, 'loss_old': 0.1581469168155782, 'loss_new': 0.237787540615668, 'lambda_new_current': 1.0}
val: {'epoch': 83, 'time_epoch': 0.27362, 'loss': 0.39451709, 'lr': 0, 'params': 332673, 'time_iter': 0.01094, 'mae': 1349.08337, 'r2': 0.94569, 'mse': 4069683.0, 'rmse': 2017.34558, 'wmape': 0.09985, 'spearmanr': 0.97065, 'mae_norm': 0.16701, 'r2_norm': 0.94569, 'mse_norm': 0.06237, 'rmse_norm': 0.24974, 'wmape_norm': 0.19683, 'spearmanr_norm': 0.97065, 'mae_real': 1349.08337, 'r2_real': 0.94569, 'mse_real': 4069683.0, 'rmse_real': 2017.34558, 'wmape_real': 0.09985, 'spearmanr_real': 0.97065, 'loss_sup': 0.3945170898250003, 'loss_data': 0.3945170898250003, 'loss_con': 1.240891146370549, 'lambda_con': 0.0, 'rho_terminal_abs_mean': 6956.9546021331225, 'rho_terminal_abs_max': 33386.33855006812, 'loss_old': 0.15359058369174558, 'loss_new': 0.24092650315101344, 'lambda_new_current': 1.0}
test: {'epoch': 83, 'time_epoch': 0.27289, 'loss': 0.39375034, 'lr': 0, 'params': 332673, 'time_iter': 0.01092, 'mae': 1351.68396, 'r2': 0.94563, 'mse': 4068492.5, 'rmse': 2017.05042, 'wmape': 0.1001, 'spearmanr': 0.97102, 'mae_norm': 0.16733, 'r2_norm': 0.94563, 'mse_norm': 0.06235, 'rmse_norm': 0.2497, 'wmape_norm': 0.19716, 'spearmanr_norm': 0.97102, 'mae_real': 1351.68396, 'r2_real': 0.94563, 'mse_real': 4068492.5, 'rmse_real': 2017.05042, 'wmape_real': 0.1001, 'spearmanr_real': 0.97102, 'loss_sup': 0.39375033934799675, 'loss_data': 0.39375033934799675, 'loss_con': 1.228505986061267, 'lambda_con': 0.0, 'rho_terminal_abs_mean': 6916.07411323278, 'rho_terminal_abs_max': 33169.87408066503, 'loss_old': 0.1541689609703512, 'loss_new': 0.23958137897180873, 'lambda_new_current': 1.0}
> Epoch 83: took 2.4s (avg 2.4s) | Best so far: epoch 83	train_loss: 0.3959	val_loss: 0.3945	test_loss: 0.3938	val_rmse_norm: 0.2497
train: {'epoch': 84, 'time_epoch': 1.42133, 'eta': 165.47443, 'eta_hours': 0.04597, 'loss': 0.39445644, 'lr': 0.00067015, 'params': 332673, 'time_iter': 0.01895, 'mae': 1372.07275, 'r2': 0.9435, 'mse': 4214351.0, 'rmse': 2052.88843, 'wmape': 0.10165, 'spearmanr': 0.96977, 'mae_norm': 0.16986, 'r2_norm': 0.9435, 'mse_norm': 0.06459, 'rmse_norm': 0.25414, 'wmape_norm': 0.20042, 'spearmanr_norm': 0.96977, 'mae_real': 1372.07275, 'r2_real': 0.9435, 'mse_real': 4214351.0, 'rmse_real': 2052.88843, 'wmape_real': 0.10165, 'spearmanr_real': 0.96977, 'loss_sup': 0.3944564410487835, 'loss_data': 0.3944564410487835, 'loss_con': 1.3187672097344378, 'lambda_con': 0.0, 'rho_terminal_abs_mean': 7145.029686753691, 'rho_terminal_abs_max': 34982.33001762995, 'loss_old': 0.1576764526825932, 'loss_new': 0.23677999094585242, 'lambda_new_current': 1.0}
val: {'epoch': 84, 'time_epoch': 0.27038, 'loss': 0.39196054, 'lr': 0, 'params': 332673, 'time_iter': 0.01082, 'mae': 1347.52979, 'r2': 0.94542, 'mse': 4090069.75, 'rmse': 2022.39209, 'wmape': 0.09974, 'spearmanr': 0.9704, 'mae_norm': 0.16682, 'r2_norm': 0.94542, 'mse_norm': 0.06268, 'rmse_norm': 0.25036, 'wmape_norm': 0.19661, 'spearmanr_norm': 0.9704, 'mae_real': 1347.52979, 'r2_real': 0.94542, 'mse_real': 4090069.75, 'rmse_real': 2022.39209, 'wmape_real': 0.09974, 'spearmanr_real': 0.9704, 'loss_sup': 0.39196053529333363, 'loss_data': 0.39196053529333363, 'loss_con': 1.3000227782305702, 'lambda_con': 0.0, 'rho_terminal_abs_mean': 7096.405106045653, 'rho_terminal_abs_max': 34451.505736902436, 'loss_old': 0.1538802995751278, 'loss_new': 0.238080235120048, 'lambda_new_current': 1.0}
test: {'epoch': 84, 'time_epoch': 0.26884, 'loss': 0.39133723, 'lr': 0, 'params': 332673, 'time_iter': 0.01075, 'mae': 1349.22302, 'r2': 0.94543, 'mse': 4083140.75, 'rmse': 2020.67834, 'wmape': 0.09992, 'spearmanr': 0.97081, 'mae_norm': 0.16703, 'r2_norm': 0.94543, 'mse_norm': 0.06258, 'rmse_norm': 0.25015, 'wmape_norm': 0.1968, 'spearmanr_norm': 0.97081, 'mae_real': 1349.22302, 'r2_real': 0.94543, 'mse_real': 4083140.75, 'rmse_real': 2020.67834, 'wmape_real': 0.09992, 'spearmanr_real': 0.97081, 'loss_sup': 0.3913372323405573, 'loss_data': 0.3913372323405573, 'loss_con': 1.2862684706355894, 'lambda_con': 0.0, 'rho_terminal_abs_mean': 7045.280566285689, 'rho_terminal_abs_max': 34240.081128744496, 'loss_old': 0.15426619063974517, 'loss_new': 0.23707104408881433, 'lambda_new_current': 1.0}
> Epoch 84: took 2.4s (avg 2.4s) | Best so far: epoch 83	train_loss: 0.3959	val_loss: 0.3945	test_loss: 0.3938	val_rmse_norm: 0.2497
train: {'epoch': 85, 'time_epoch': 1.42403, 'eta': 164.01579, 'eta_hours': 0.04556, 'loss': 0.39335887, 'lr': 0.00066235, 'params': 332673, 'time_iter': 0.01899, 'mae': 1369.88965, 'r2': 0.94377, 'mse': 4193877.25, 'rmse': 2047.89575, 'wmape': 0.10149, 'spearmanr': 0.96993, 'mae_norm': 0.16959, 'r2_norm': 0.94377, 'mse_norm': 0.06427, 'rmse_norm': 0.25352, 'wmape_norm': 0.2001, 'spearmanr_norm': 0.96993, 'mae_real': 1369.88965, 'r2_real': 0.94377, 'mse_real': 4193877.25, 'rmse_real': 2047.89575, 'wmape_real': 0.10149, 'spearmanr_real': 0.96993, 'loss_sup': 0.39335886580688056, 'loss_data': 0.39335886580688056, 'loss_con': 1.3173171190782256, 'lambda_con': 0.0, 'rho_terminal_abs_mean': 7126.504825666102, 'rho_terminal_abs_max': 35300.498143422345, 'loss_old': 0.1575312501871841, 'loss_new': 0.23582761502408914, 'lambda_new_current': 1.0}
val: {'epoch': 85, 'time_epoch': 0.27024, 'loss': 0.39151209, 'lr': 0, 'params': 332673, 'time_iter': 0.01081, 'mae': 1343.86597, 'r2': 0.94533, 'mse': 4096890.75, 'rmse': 2024.07776, 'wmape': 0.09947, 'spearmanr': 0.97058, 'mae_norm': 0.16637, 'r2_norm': 0.94533, 'mse_norm': 0.06279, 'rmse_norm': 0.25057, 'wmape_norm': 0.19607, 'spearmanr_norm': 0.97058, 'mae_real': 1343.86597, 'r2_real': 0.94533, 'mse_real': 4096890.75, 'rmse_real': 2024.07776, 'wmape_real': 0.09947, 'spearmanr_real': 0.97058, 'loss_sup': 0.39151209097671574, 'loss_data': 0.39151209097671574, 'loss_con': 1.2845706474293426, 'lambda_con': 0.0, 'rho_terminal_abs_mean': 7100.297212944461, 'rho_terminal_abs_max': 33093.95727448594, 'loss_old': 0.15332533842515908, 'loss_new': 0.23818675136285294, 'lambda_new_current': 1.0}
test: {'epoch': 85, 'time_epoch': 0.27055, 'loss': 0.3904454, 'lr': 0, 'params': 332673, 'time_iter': 0.01082, 'mae': 1346.27673, 'r2': 0.94529, 'mse': 4093831.75, 'rmse': 2023.3219, 'wmape': 0.0997, 'spearmanr': 0.97096, 'mae_norm': 0.16666, 'r2_norm': 0.94529, 'mse_norm': 0.06274, 'rmse_norm': 0.25048, 'wmape_norm': 0.19637, 'spearmanr_norm': 0.97096, 'mae_real': 1346.27673, 'r2_real': 0.94529, 'mse_real': 4093831.75, 'rmse_real': 2023.3219, 'wmape_real': 0.0997, 'spearmanr_real': 0.97096, 'loss_sup': 0.3904453980431554, 'loss_data': 0.3904453980431554, 'loss_con': 1.272850073044145, 'lambda_con': 0.0, 'rho_terminal_abs_mean': 7053.943423713572, 'rho_terminal_abs_max': 33366.40786228546, 'loss_old': 0.15393776064107045, 'loss_new': 0.23650763740065067, 'lambda_new_current': 1.0}
> Epoch 85: took 2.4s (avg 2.4s) | Best so far: epoch 83	train_loss: 0.3959	val_loss: 0.3945	test_loss: 0.3938	val_rmse_norm: 0.2497
train: {'epoch': 86, 'time_epoch': 1.42437, 'eta': 162.5584, 'eta_hours': 0.04516, 'loss': 0.39283546, 'lr': 0.00065451, 'params': 332673, 'time_iter': 0.01899, 'mae': 1369.17603, 'r2': 0.94377, 'mse': 4194094.75, 'rmse': 2047.94885, 'wmape': 0.10144, 'spearmanr': 0.96992, 'mae_norm': 0.1695, 'r2_norm': 0.94377, 'mse_norm': 0.06428, 'rmse_norm': 0.25353, 'wmape_norm': 0.2, 'spearmanr_norm': 0.96992, 'mae_real': 1369.17603, 'r2_real': 0.94377, 'mse_real': 4194094.75, 'rmse_real': 2047.94885, 'wmape_real': 0.10144, 'spearmanr_real': 0.96992, 'loss_sup': 0.3928354631899477, 'loss_data': 0.3928354631899477, 'loss_con': 1.3248365993028213, 'lambda_con': 0.0, 'rho_terminal_abs_mean': 7154.219413616867, 'rho_terminal_abs_max': 35337.43517270123, 'loss_old': 0.1575179306766587, 'loss_new': 0.23531753172240336, 'lambda_new_current': 1.0}
val: {'epoch': 86, 'time_epoch': 0.27013, 'loss': 0.39459107, 'lr': 0, 'params': 332673, 'time_iter': 0.01081, 'mae': 1358.61584, 'r2': 0.94471, 'mse': 4142932.75, 'rmse': 2035.41956, 'wmape': 0.10056, 'spearmanr': 0.97026, 'mae_norm': 0.16819, 'r2_norm': 0.94471, 'mse_norm': 0.06349, 'rmse_norm': 0.25198, 'wmape_norm': 0.19822, 'spearmanr_norm': 0.97026, 'mae_real': 1358.61584, 'r2_real': 0.94471, 'mse_real': 4142932.75, 'rmse_real': 2035.41956, 'wmape_real': 0.10056, 'spearmanr_real': 0.97026, 'loss_sup': 0.3945910724131524, 'loss_data': 0.3945910724131524, 'loss_con': 1.248217919499864, 'lambda_con': 0.0, 'rho_terminal_abs_mean': 6967.476368885646, 'rho_terminal_abs_max': 33262.04377316315, 'loss_old': 0.15527912931144494, 'loss_new': 0.23931194191088237, 'lambda_new_current': 1.0}
test: {'epoch': 86, 'time_epoch': 0.2697, 'loss': 0.39354073, 'lr': 0, 'params': 332673, 'time_iter': 0.01079, 'mae': 1359.98376, 'r2': 0.94472, 'mse': 4136475.5, 'rmse': 2033.83276, 'wmape': 0.10072, 'spearmanr': 0.97068, 'mae_norm': 0.16836, 'r2_norm': 0.94472, 'mse_norm': 0.06339, 'rmse_norm': 0.25178, 'wmape_norm': 0.19837, 'spearmanr_norm': 0.97068, 'mae_real': 1359.98376, 'r2_real': 0.94472, 'mse_real': 4136475.5, 'rmse_real': 2033.83276, 'wmape_real': 0.10072, 'spearmanr_real': 0.97068, 'loss_sup': 0.39354073438565884, 'loss_data': 0.39354073438565884, 'loss_con': 1.2350918364019479, 'lambda_con': 0.0, 'rho_terminal_abs_mean': 6915.053540840587, 'rho_terminal_abs_max': 33037.41177214002, 'loss_old': 0.15570054044463547, 'loss_new': 0.23784019752577054, 'lambda_new_current': 1.0}
> Epoch 86: took 2.4s (avg 2.4s) | Best so far: epoch 83	train_loss: 0.3959	val_loss: 0.3945	test_loss: 0.3938	val_rmse_norm: 0.2497
train: {'epoch': 87, 'time_epoch': 1.42854, 'eta': 161.10706, 'eta_hours': 0.04475, 'loss': 0.39354109, 'lr': 0.00064663, 'params': 332673, 'time_iter': 0.01905, 'mae': 1371.94836, 'r2': 0.94359, 'mse': 4207431.0, 'rmse': 2051.20239, 'wmape': 0.10164, 'spearmanr': 0.96983, 'mae_norm': 0.16984, 'r2_norm': 0.94359, 'mse_norm': 0.06448, 'rmse_norm': 0.25393, 'wmape_norm': 0.2004, 'spearmanr_norm': 0.96983, 'mae_real': 1371.94836, 'r2_real': 0.94359, 'mse_real': 4207431.0, 'rmse_real': 2051.20239, 'wmape_real': 0.10164, 'spearmanr_real': 0.96983, 'loss_sup': 0.3935410943504926, 'loss_data': 0.3935410943504926, 'loss_con': 1.3209373624148104, 'lambda_con': 0.0, 'rho_terminal_abs_mean': 7143.141413794303, 'rho_terminal_abs_max': 35182.20014925309, 'loss_old': 0.1578575667116103, 'loss_new': 0.23568352704356607, 'lambda_new_current': 1.0}
val: {'epoch': 87, 'time_epoch': 0.27035, 'loss': 0.39192264, 'lr': 0, 'params': 332673, 'time_iter': 0.01081, 'mae': 1347.56067, 'r2': 0.945, 'mse': 4121512.75, 'rmse': 2030.15088, 'wmape': 0.09974, 'spearmanr': 0.97039, 'mae_norm': 0.16682, 'r2_norm': 0.945, 'mse_norm': 0.06316, 'rmse_norm': 0.25133, 'wmape_norm': 0.19661, 'spearmanr_norm': 0.97039, 'mae_real': 1347.56067, 'r2_real': 0.945, 'mse_real': 4121512.75, 'rmse_real': 2030.15088, 'wmape_real': 0.09974, 'spearmanr_real': 0.97039, 'loss_sup': 0.3919226356675121, 'loss_data': 0.3919226356675121, 'loss_con': 1.3683801265194115, 'lambda_con': 0.0, 'rho_terminal_abs_mean': 7259.034348040253, 'rho_terminal_abs_max': 35291.26486357001, 'loss_old': 0.1538939335754005, 'loss_new': 0.23802870448081215, 'lambda_new_current': 1.0}
test: {'epoch': 87, 'time_epoch': 0.2702, 'loss': 0.39149324, 'lr': 0, 'params': 332673, 'time_iter': 0.01081, 'mae': 1350.4928, 'r2': 0.94492, 'mse': 4121073.25, 'rmse': 2030.04272, 'wmape': 0.10001, 'spearmanr': 0.97074, 'mae_norm': 0.16719, 'r2_norm': 0.94492, 'mse_norm': 0.06316, 'rmse_norm': 0.25131, 'wmape_norm': 0.19699, 'spearmanr_norm': 0.97074, 'mae_real': 1350.4928, 'r2_real': 0.94492, 'mse_real': 4121073.25, 'rmse_real': 2030.04272, 'wmape_real': 0.10001, 'spearmanr_real': 0.97074, 'loss_sup': 0.3914932420164654, 'loss_data': 0.3914932420164654, 'loss_con': 1.3531374655246624, 'lambda_con': 0.0, 'rho_terminal_abs_mean': 7206.017369710203, 'rho_terminal_abs_max': 35160.7604052672, 'loss_old': 0.15445962247856793, 'loss_new': 0.23703362073383175, 'lambda_new_current': 1.0}
> Epoch 87: took 2.4s (avg 2.4s) | Best so far: epoch 83	train_loss: 0.3959	val_loss: 0.3945	test_loss: 0.3938	val_rmse_norm: 0.2497
train: {'epoch': 88, 'time_epoch': 1.42372, 'eta': 159.65022, 'eta_hours': 0.04435, 'loss': 0.39225886, 'lr': 0.0006387, 'params': 332673, 'time_iter': 0.01898, 'mae': 1367.43567, 'r2': 0.94384, 'mse': 4188679.75, 'rmse': 2046.62646, 'wmape': 0.10131, 'spearmanr': 0.96998, 'mae_norm': 0.16928, 'r2_norm': 0.94384, 'mse_norm': 0.06419, 'rmse_norm': 0.25337, 'wmape_norm': 0.19974, 'spearmanr_norm': 0.96998, 'mae_real': 1367.43567, 'r2_real': 0.94384, 'mse_real': 4188679.75, 'rmse_real': 2046.62646, 'wmape_real': 0.10131, 'spearmanr_real': 0.96998, 'loss_sup': 0.39225885788120657, 'loss_data': 0.39225885788120657, 'loss_con': 1.3234672636515834, 'lambda_con': 0.0, 'rho_terminal_abs_mean': 7152.2748372375845, 'rho_terminal_abs_max': 35418.759642122226, 'loss_old': 0.15733946231357124, 'loss_new': 0.23491939516647473, 'lambda_new_current': 1.0}
val: {'epoch': 88, 'time_epoch': 0.26996, 'loss': 0.39266383, 'lr': 0, 'params': 332673, 'time_iter': 0.0108, 'mae': 1348.4126, 'r2': 0.94598, 'mse': 4048030.25, 'rmse': 2011.97168, 'wmape': 0.0998, 'spearmanr': 0.97077, 'mae_norm': 0.16693, 'r2_norm': 0.94598, 'mse_norm': 0.06204, 'rmse_norm': 0.24907, 'wmape_norm': 0.19673, 'spearmanr_norm': 0.97077, 'mae_real': 1348.4126, 'r2_real': 0.94598, 'mse_real': 4048030.25, 'rmse_real': 2011.97168, 'wmape_real': 0.0998, 'spearmanr_real': 0.97077, 'loss_sup': 0.3926638269462223, 'loss_data': 0.3926638269462223, 'loss_con': 1.2757195965694659, 'lambda_con': 0.0, 'rho_terminal_abs_mean': 7046.034885969669, 'rho_terminal_abs_max': 33567.10782105574, 'loss_old': 0.15388224805826295, 'loss_new': 0.23878157591301805, 'lambda_new_current': 1.0}
test: {'epoch': 88, 'time_epoch': 0.26973, 'loss': 0.39253506, 'lr': 0, 'params': 332673, 'time_iter': 0.01079, 'mae': 1350.95398, 'r2': 0.94583, 'mse': 4053549.25, 'rmse': 2013.34277, 'wmape': 0.10005, 'spearmanr': 0.97109, 'mae_norm': 0.16724, 'r2_norm': 0.94583, 'mse_norm': 0.06212, 'rmse_norm': 0.24924, 'wmape_norm': 0.19705, 'spearmanr_norm': 0.97109, 'mae_real': 1350.95398, 'r2_real': 0.94583, 'mse_real': 4053549.25, 'rmse_real': 2013.34277, 'wmape_real': 0.10005, 'spearmanr_real': 0.97109, 'loss_sup': 0.39253506096542695, 'loss_data': 0.39253506096542695, 'loss_con': 1.2641159149600234, 'lambda_con': 0.0, 'rho_terminal_abs_mean': 7002.732782108475, 'rho_terminal_abs_max': 33440.0954990463, 'loss_old': 0.15430885920197135, 'loss_new': 0.23822620057381969, 'lambda_new_current': 1.0}
> Epoch 88: took 2.4s (avg 2.4s) | Best so far: epoch 88	train_loss: 0.3923	val_loss: 0.3927	test_loss: 0.3925	val_rmse_norm: 0.2491
train: {'epoch': 89, 'time_epoch': 1.42441, 'eta': 158.19497, 'eta_hours': 0.04394, 'loss': 0.39394253, 'lr': 0.00063074, 'params': 332673, 'time_iter': 0.01899, 'mae': 1371.81531, 'r2': 0.94365, 'mse': 4202639.5, 'rmse': 2050.03394, 'wmape': 0.10163, 'spearmanr': 0.96991, 'mae_norm': 0.16983, 'r2_norm': 0.94365, 'mse_norm': 0.06441, 'rmse_norm': 0.25379, 'wmape_norm': 0.20038, 'spearmanr_norm': 0.96991, 'mae_real': 1371.81531, 'r2_real': 0.94365, 'mse_real': 4202639.5, 'rmse_real': 2050.03394, 'wmape_real': 0.10163, 'spearmanr_real': 0.96991, 'loss_sup': 0.39394252842169053, 'loss_data': 0.39394252842169053, 'loss_con': 1.3223503890316555, 'lambda_con': 0.0, 'rho_terminal_abs_mean': 7150.724568823316, 'rho_terminal_abs_max': 35108.89994023695, 'loss_old': 0.15775051738909102, 'loss_new': 0.23619201202868137, 'lambda_new_current': 1.0}
val: {'epoch': 89, 'time_epoch': 0.26975, 'loss': 0.38952687, 'lr': 0, 'params': 332673, 'time_iter': 0.01079, 'mae': 1339.2876, 'r2': 0.94554, 'mse': 4081053.75, 'rmse': 2020.16187, 'wmape': 0.09913, 'spearmanr': 0.97045, 'mae_norm': 0.1658, 'r2_norm': 0.94554, 'mse_norm': 0.06254, 'rmse_norm': 0.25009, 'wmape_norm': 0.1954, 'spearmanr_norm': 0.97045, 'mae_real': 1339.2876, 'r2_real': 0.94554, 'mse_real': 4081053.75, 'rmse_real': 2020.16187, 'wmape_real': 0.09913, 'spearmanr_real': 0.97045, 'loss_sup': 0.38952687192775, 'loss_data': 0.38952687192775, 'loss_con': 1.3639215551669661, 'lambda_con': 0.0, 'rho_terminal_abs_mean': 7287.701674389924, 'rho_terminal_abs_max': 34955.7653712636, 'loss_old': 0.15294770317250558, 'loss_new': 0.23657916637434295, 'lambda_new_current': 1.0}
test: {'epoch': 89, 'time_epoch': 0.26994, 'loss': 0.38905886, 'lr': 0, 'params': 332673, 'time_iter': 0.0108, 'mae': 1341.92883, 'r2': 0.94549, 'mse': 4079070.0, 'rmse': 2019.67078, 'wmape': 0.09938, 'spearmanr': 0.9708, 'mae_norm': 0.16613, 'r2_norm': 0.94549, 'mse_norm': 0.06251, 'rmse_norm': 0.25003, 'wmape_norm': 0.19574, 'spearmanr_norm': 0.9708, 'mae_real': 1341.92883, 'r2_real': 0.94549, 'mse_real': 4079070.0, 'rmse_real': 2019.67078, 'wmape_real': 0.09938, 'spearmanr_real': 0.9708, 'loss_sup': 0.38905885739142493, 'loss_data': 0.38905885739142493, 'loss_con': 1.3498402156537692, 'lambda_con': 0.0, 'rho_terminal_abs_mean': 7237.740513148233, 'rho_terminal_abs_max': 34821.52914522184, 'loss_old': 0.1534695129215085, 'loss_new': 0.23558933970713225, 'lambda_new_current': 1.0}
> Epoch 89: took 2.4s (avg 2.4s) | Best so far: epoch 88	train_loss: 0.3923	val_loss: 0.3927	test_loss: 0.3925	val_rmse_norm: 0.2491
train: {'epoch': 90, 'time_epoch': 1.43116, 'eta': 156.74848, 'eta_hours': 0.04354, 'loss': 0.39167423, 'lr': 0.00062274, 'params': 332673, 'time_iter': 0.01908, 'mae': 1366.64478, 'r2': 0.94402, 'mse': 4175455.5, 'rmse': 2043.39319, 'wmape': 0.10125, 'spearmanr': 0.97004, 'mae_norm': 0.16919, 'r2_norm': 0.94402, 'mse_norm': 0.06399, 'rmse_norm': 0.25296, 'wmape_norm': 0.19963, 'spearmanr_norm': 0.97004, 'mae_real': 1366.64478, 'r2_real': 0.94402, 'mse_real': 4175455.5, 'rmse_real': 2043.39319, 'wmape_real': 0.10125, 'spearmanr_real': 0.97004, 'loss_sup': 0.39167422751457287, 'loss_data': 0.39167422751457287, 'loss_con': 1.3199928236340228, 'lambda_con': 0.0, 'rho_terminal_abs_mean': 7138.176785423346, 'rho_terminal_abs_max': 35319.71768571995, 'loss_old': 0.15732667987973217, 'loss_new': 0.2343475490228931, 'lambda_new_current': 1.0}
val: {'epoch': 90, 'time_epoch': 0.26982, 'loss': 0.39067738, 'lr': 0, 'params': 332673, 'time_iter': 0.01079, 'mae': 1340.47083, 'r2': 0.94627, 'mse': 4026175.0, 'rmse': 2006.53308, 'wmape': 0.09922, 'spearmanr': 0.97085, 'mae_norm': 0.16595, 'r2_norm': 0.94627, 'mse_norm': 0.0617, 'rmse_norm': 0.2484, 'wmape_norm': 0.19558, 'spearmanr_norm': 0.97085, 'mae_real': 1340.47083, 'r2_real': 0.94627, 'mse_real': 4026175.0, 'rmse_real': 2006.53308, 'wmape_real': 0.09922, 'spearmanr_real': 0.97085, 'loss_sup': 0.39067737560593485, 'loss_data': 0.39067737560593485, 'loss_con': 1.285603605958026, 'lambda_con': 0.0, 'rho_terminal_abs_mean': 7057.239438489381, 'rho_terminal_abs_max': 34261.017068656794, 'loss_old': 0.1529025062447287, 'loss_new': 0.23777486995849045, 'lambda_new_current': 1.0}
test: {'epoch': 90, 'time_epoch': 0.27012, 'loss': 0.39026051, 'lr': 0, 'params': 332673, 'time_iter': 0.0108, 'mae': 1344.17102, 'r2': 0.94616, 'mse': 4028222.0, 'rmse': 2007.04309, 'wmape': 0.09954, 'spearmanr': 0.97115, 'mae_norm': 0.1664, 'r2_norm': 0.94616, 'mse_norm': 0.06173, 'rmse_norm': 0.24846, 'wmape_norm': 0.19606, 'spearmanr_norm': 0.97115, 'mae_real': 1344.17102, 'r2_real': 0.94616, 'mse_real': 4028222.0, 'rmse_real': 2007.04309, 'wmape_real': 0.09954, 'spearmanr_real': 0.97115, 'loss_sup': 0.39026051449330695, 'loss_data': 0.39026051449330695, 'loss_con': 1.2702666311204571, 'lambda_con': 0.0, 'rho_terminal_abs_mean': 7005.435941895359, 'rho_terminal_abs_max': 33729.68094534503, 'loss_old': 0.1536026900840697, 'loss_new': 0.23665782798862145, 'lambda_new_current': 1.0}
> Epoch 90: took 2.4s (avg 2.4s) | Best so far: epoch 90	train_loss: 0.3917	val_loss: 0.3907	test_loss: 0.3903	val_rmse_norm: 0.2484
train: {'epoch': 91, 'time_epoch': 1.42629, 'eta': 155.29661, 'eta_hours': 0.04314, 'loss': 0.39175513, 'lr': 0.00061471, 'params': 332673, 'time_iter': 0.01902, 'mae': 1367.16162, 'r2': 0.94397, 'mse': 4178712.0, 'rmse': 2044.18982, 'wmape': 0.10129, 'spearmanr': 0.97003, 'mae_norm': 0.16925, 'r2_norm': 0.94397, 'mse_norm': 0.06404, 'rmse_norm': 0.25306, 'wmape_norm': 0.1997, 'spearmanr_norm': 0.97003, 'mae_real': 1367.16162, 'r2_real': 0.94397, 'mse_real': 4178712.0, 'rmse_real': 2044.18982, 'wmape_real': 0.10129, 'spearmanr_real': 0.97003, 'loss_sup': 0.3917551310433374, 'loss_data': 0.3917551310433374, 'loss_con': 1.318623948663736, 'lambda_con': 0.0, 'rho_terminal_abs_mean': 7141.945131016905, 'rho_terminal_abs_max': 34922.89736750784, 'loss_old': 0.157399471120683, 'loss_new': 0.23435565773932923, 'lambda_new_current': 1.0}
val: {'epoch': 91, 'time_epoch': 0.27188, 'loss': 0.39489535, 'lr': 0, 'params': 332673, 'time_iter': 0.01088, 'mae': 1349.35181, 'r2': 0.94497, 'mse': 4124056.25, 'rmse': 2030.77722, 'wmape': 0.09987, 'spearmanr': 0.97061, 'mae_norm': 0.16704, 'r2_norm': 0.94497, 'mse_norm': 0.0632, 'rmse_norm': 0.2514, 'wmape_norm': 0.19687, 'spearmanr_norm': 0.97061, 'mae_real': 1349.35181, 'r2_real': 0.94497, 'mse_real': 4124056.25, 'rmse_real': 2030.77722, 'wmape_real': 0.09987, 'spearmanr_real': 0.97061, 'loss_sup': 0.3948953542662371, 'loss_data': 0.3948953542662371, 'loss_con': 1.3329643118722863, 'lambda_con': 0.0, 'rho_terminal_abs_mean': 7162.57625055479, 'rho_terminal_abs_max': 35147.38430247655, 'loss_old': 0.15355573352461932, 'loss_new': 0.24133962252791782, 'lambda_new_current': 1.0}
test: {'epoch': 91, 'time_epoch': 0.27159, 'loss': 0.39451637, 'lr': 0, 'params': 332673, 'time_iter': 0.01086, 'mae': 1353.03076, 'r2': 0.94479, 'mse': 4130762.25, 'rmse': 2032.42773, 'wmape': 0.1002, 'spearmanr': 0.97095, 'mae_norm': 0.1675, 'r2_norm': 0.94479, 'mse_norm': 0.06331, 'rmse_norm': 0.25161, 'wmape_norm': 0.19736, 'spearmanr_norm': 0.97095, 'mae_real': 1353.03076, 'r2_real': 0.94479, 'mse_real': 4130762.25, 'rmse_real': 2032.42773, 'wmape_real': 0.1002, 'spearmanr_real': 0.97095, 'loss_sup': 0.3945163651144374, 'loss_data': 0.3945163651144374, 'loss_con': 1.3199603016434216, 'lambda_con': 0.0, 'rho_terminal_abs_mean': 7115.625870289222, 'rho_terminal_abs_max': 34541.34860985692, 'loss_old': 0.15424003900762445, 'loss_new': 0.24027632431690257, 'lambda_new_current': 1.0}
> Epoch 91: took 2.4s (avg 2.4s) | Best so far: epoch 90	train_loss: 0.3917	val_loss: 0.3907	test_loss: 0.3903	val_rmse_norm: 0.2484
train: {'epoch': 92, 'time_epoch': 1.42877, 'eta': 153.84814, 'eta_hours': 0.04274, 'loss': 0.392852, 'lr': 0.00060665, 'params': 332673, 'time_iter': 0.01905, 'mae': 1368.60022, 'r2': 0.94392, 'mse': 4183010.25, 'rmse': 2045.24084, 'wmape': 0.10139, 'spearmanr': 0.96998, 'mae_norm': 0.16943, 'r2_norm': 0.94392, 'mse_norm': 0.06411, 'rmse_norm': 0.25319, 'wmape_norm': 0.19991, 'spearmanr_norm': 0.96998, 'mae_real': 1368.60022, 'r2_real': 0.94392, 'mse_real': 4183010.25, 'rmse_real': 2045.24084, 'wmape_real': 0.10139, 'spearmanr_real': 0.96998, 'loss_sup': 0.3928520011464691, 'loss_data': 0.3928520011464691, 'loss_con': 1.3184755901862275, 'lambda_con': 0.0, 'rho_terminal_abs_mean': 7138.609988460048, 'rho_terminal_abs_max': 35054.08721552939, 'loss_old': 0.15740478458054144, 'loss_new': 0.2354472147838879, 'lambda_new_current': 1.0}
val: {'epoch': 92, 'time_epoch': 0.27274, 'loss': 0.39715416, 'lr': 0, 'params': 332673, 'time_iter': 0.01091, 'mae': 1353.78296, 'r2': 0.94475, 'mse': 4139996.5, 'rmse': 2034.69812, 'wmape': 0.1002, 'spearmanr': 0.97001, 'mae_norm': 0.16759, 'r2_norm': 0.94475, 'mse_norm': 0.06345, 'rmse_norm': 0.25189, 'wmape_norm': 0.19752, 'spearmanr_norm': 0.97001, 'mae_real': 1353.78296, 'r2_real': 0.94475, 'mse_real': 4139996.5, 'rmse_real': 2034.69812, 'wmape_real': 0.1002, 'spearmanr_real': 0.97001, 'loss_sup': 0.39715415714166713, 'loss_data': 0.39715415714166713, 'loss_con': 1.3447620343536864, 'lambda_con': 0.0, 'rho_terminal_abs_mean': 7154.039910849035, 'rho_terminal_abs_max': 35656.14876123941, 'loss_old': 0.15384583009997946, 'loss_new': 0.24330832465722987, 'lambda_new_current': 1.0}
test: {'epoch': 92, 'time_epoch': 0.2721, 'loss': 0.39607519, 'lr': 0, 'params': 332673, 'time_iter': 0.01088, 'mae': 1356.09167, 'r2': 0.94462, 'mse': 4143974.0, 'rmse': 2035.67529, 'wmape': 0.10043, 'spearmanr': 0.97037, 'mae_norm': 0.16788, 'r2_norm': 0.94462, 'mse_norm': 0.06351, 'rmse_norm': 0.25201, 'wmape_norm': 0.1978, 'spearmanr_norm': 0.97037, 'mae_real': 1356.09167, 'r2_real': 0.94462, 'mse_real': 4143974.0, 'rmse_real': 2035.67529, 'wmape_real': 0.10043, 'spearmanr_real': 0.97037, 'loss_sup': 0.3960751930028665, 'loss_data': 0.3960751930028665, 'loss_con': 1.3332162282548254, 'lambda_con': 0.0, 'rho_terminal_abs_mean': 7108.927722351619, 'rho_terminal_abs_max': 35670.36705288064, 'loss_old': 0.1544426685388832, 'loss_new': 0.24163252267781452, 'lambda_new_current': 1.0}
> Epoch 92: took 2.4s (avg 2.4s) | Best so far: epoch 90	train_loss: 0.3917	val_loss: 0.3907	test_loss: 0.3903	val_rmse_norm: 0.2484
train: {'epoch': 93, 'time_epoch': 1.43008, 'eta': 152.40156, 'eta_hours': 0.04233, 'loss': 0.39169456, 'lr': 0.00059856, 'params': 332673, 'time_iter': 0.01907, 'mae': 1366.84521, 'r2': 0.94405, 'mse': 4172859.5, 'rmse': 2042.75781, 'wmape': 0.10126, 'spearmanr': 0.97009, 'mae_norm': 0.16921, 'r2_norm': 0.94405, 'mse_norm': 0.06395, 'rmse_norm': 0.25289, 'wmape_norm': 0.19966, 'spearmanr_norm': 0.97009, 'mae_real': 1366.84521, 'r2_real': 0.94405, 'mse_real': 4172859.5, 'rmse_real': 2042.75781, 'wmape_real': 0.10126, 'spearmanr_real': 0.97009, 'loss_sup': 0.3916945561963608, 'loss_data': 0.3916945561963608, 'loss_con': 1.3146693338708817, 'lambda_con': 0.0, 'rho_terminal_abs_mean': 7125.10113236327, 'rho_terminal_abs_max': 35067.92712641587, 'loss_old': 0.15735947498731415, 'loss_new': 0.23433508120642682, 'lambda_new_current': 1.0}
val: {'epoch': 93, 'time_epoch': 0.27288, 'loss': 0.38949821, 'lr': 0, 'params': 332673, 'time_iter': 0.01092, 'mae': 1342.0127, 'r2': 0.94616, 'mse': 4034756.75, 'rmse': 2008.67041, 'wmape': 0.09933, 'spearmanr': 0.97086, 'mae_norm': 0.16614, 'r2_norm': 0.94616, 'mse_norm': 0.06183, 'rmse_norm': 0.24867, 'wmape_norm': 0.1958, 'spearmanr_norm': 0.97086, 'mae_real': 1342.0127, 'r2_real': 0.94616, 'mse_real': 4034756.75, 'rmse_real': 2008.67041, 'wmape_real': 0.09933, 'spearmanr_real': 0.97086, 'loss_sup': 0.38949821164379805, 'loss_data': 0.38949821164379805, 'loss_con': 1.2714040080390987, 'lambda_con': 0.0, 'rho_terminal_abs_mean': 7030.334980505224, 'rho_terminal_abs_max': 33801.05856743344, 'loss_old': 0.15344178329065988, 'loss_new': 0.23605642774886587, 'lambda_new_current': 1.0}
test: {'epoch': 93, 'time_epoch': 0.27088, 'loss': 0.38854425, 'lr': 0, 'params': 332673, 'time_iter': 0.01084, 'mae': 1343.77673, 'r2': 0.94605, 'mse': 4036529.25, 'rmse': 2009.11157, 'wmape': 0.09952, 'spearmanr': 0.97121, 'mae_norm': 0.16635, 'r2_norm': 0.94605, 'mse_norm': 0.06186, 'rmse_norm': 0.24872, 'wmape_norm': 0.19601, 'spearmanr_norm': 0.97121, 'mae_real': 1343.77673, 'r2_real': 0.94605, 'mse_real': 4036529.25, 'rmse_real': 2009.11157, 'wmape_real': 0.09952, 'spearmanr_real': 0.97121, 'loss_sup': 0.38854424757788436, 'loss_data': 0.38854424757788436, 'loss_con': 1.2577220435530743, 'lambda_con': 0.0, 'rho_terminal_abs_mean': 6981.431421286173, 'rho_terminal_abs_max': 33658.20343603039, 'loss_old': 0.15391403226053366, 'loss_new': 0.23463021591668978, 'lambda_new_current': 1.0}
> Epoch 93: took 2.4s (avg 2.4s) | Best so far: epoch 90	train_loss: 0.3917	val_loss: 0.3907	test_loss: 0.3903	val_rmse_norm: 0.2484
train: {'epoch': 94, 'time_epoch': 1.43531, 'eta': 150.96111, 'eta_hours': 0.04193, 'loss': 0.38989915, 'lr': 0.00059044, 'params': 332673, 'time_iter': 0.01914, 'mae': 1362.2019, 'r2': 0.94429, 'mse': 4155232.75, 'rmse': 2038.43884, 'wmape': 0.10092, 'spearmanr': 0.97021, 'mae_norm': 0.16864, 'r2_norm': 0.94429, 'mse_norm': 0.06368, 'rmse_norm': 0.25235, 'wmape_norm': 0.19898, 'spearmanr_norm': 0.97021, 'mae_real': 1362.2019, 'r2_real': 0.94429, 'mse_real': 4155232.75, 'rmse_real': 2038.43884, 'wmape_real': 0.10092, 'spearmanr_real': 0.97021, 'loss_sup': 0.38989915265871256, 'loss_data': 0.38989915265871256, 'loss_con': 1.3267938231154661, 'lambda_con': 0.0, 'rho_terminal_abs_mean': 7159.510387317339, 'rho_terminal_abs_max': 35665.77223551047, 'loss_old': 0.15692847613894012, 'loss_new': 0.23297067910402958, 'lambda_new_current': 1.0}
val: {'epoch': 94, 'time_epoch': 0.27197, 'loss': 0.39245902, 'lr': 0, 'params': 332673, 'time_iter': 0.01088, 'mae': 1347.35303, 'r2': 0.94618, 'mse': 4033375.25, 'rmse': 2008.32654, 'wmape': 0.09972, 'spearmanr': 0.97085, 'mae_norm': 0.1668, 'r2_norm': 0.94618, 'mse_norm': 0.06181, 'rmse_norm': 0.24862, 'wmape_norm': 0.19658, 'spearmanr_norm': 0.97085, 'mae_real': 1347.35303, 'r2_real': 0.94618, 'mse_real': 4033375.25, 'rmse_real': 2008.32654, 'wmape_real': 0.09972, 'spearmanr_real': 0.97085, 'loss_sup': 0.39245901961208984, 'loss_data': 0.39245901961208984, 'loss_con': 1.3065843613204868, 'lambda_con': 0.0, 'rho_terminal_abs_mean': 7099.014201473158, 'rho_terminal_abs_max': 34548.55025414202, 'loss_old': 0.15373820424778942, 'loss_new': 0.23872081774775994, 'lambda_new_current': 1.0}
test: {'epoch': 94, 'time_epoch': 0.27016, 'loss': 0.39174726, 'lr': 0, 'params': 332673, 'time_iter': 0.01081, 'mae': 1349.51807, 'r2': 0.9461, 'mse': 4033043.25, 'rmse': 2008.24377, 'wmape': 0.09994, 'spearmanr': 0.97122, 'mae_norm': 0.16707, 'r2_norm': 0.9461, 'mse_norm': 0.06181, 'rmse_norm': 0.24861, 'wmape_norm': 0.19684, 'spearmanr_norm': 0.97122, 'mae_real': 1349.51807, 'r2_real': 0.9461, 'mse_real': 4033043.25, 'rmse_real': 2008.24377, 'wmape_real': 0.09994, 'spearmanr_real': 0.97122, 'loss_sup': 0.3917472573715635, 'loss_data': 0.3917472573715635, 'loss_con': 1.294072567051916, 'lambda_con': 0.0, 'rho_terminal_abs_mean': 7054.049684169662, 'rho_terminal_abs_max': 34480.937703964264, 'loss_old': 0.15422720894632494, 'loss_new': 0.2375200460435347, 'lambda_new_current': 1.0}
> Epoch 94: took 2.4s (avg 2.4s) | Best so far: epoch 90	train_loss: 0.3917	val_loss: 0.3907	test_loss: 0.3903	val_rmse_norm: 0.2484
train: {'epoch': 95, 'time_epoch': 1.43262, 'eta': 149.51785, 'eta_hours': 0.04153, 'loss': 0.3906039, 'lr': 0.0005823, 'params': 332673, 'time_iter': 0.0191, 'mae': 1362.24829, 'r2': 0.94436, 'mse': 4150015.0, 'rmse': 2037.15857, 'wmape': 0.10092, 'spearmanr': 0.97024, 'mae_norm': 0.16864, 'r2_norm': 0.94436, 'mse_norm': 0.0636, 'rmse_norm': 0.25219, 'wmape_norm': 0.19899, 'spearmanr_norm': 0.97024, 'mae_real': 1362.24829, 'r2_real': 0.94436, 'mse_real': 4150015.0, 'rmse_real': 2037.15857, 'wmape_real': 0.10092, 'spearmanr_real': 0.97024, 'loss_sup': 0.39060390408004847, 'loss_data': 0.39060390408004847, 'loss_con': 1.31899850538525, 'lambda_con': 0.0, 'rho_terminal_abs_mean': 7137.050445514485, 'rho_terminal_abs_max': 35094.86794072301, 'loss_old': 0.15678205645551552, 'loss_new': 0.23382185000924935, 'lambda_new_current': 1.0}
val: {'epoch': 95, 'time_epoch': 0.27232, 'loss': 0.38779766, 'lr': 0, 'params': 332673, 'time_iter': 0.01089, 'mae': 1336.53577, 'r2': 0.94575, 'mse': 4065614.5, 'rmse': 2016.33691, 'wmape': 0.09892, 'spearmanr': 0.97059, 'mae_norm': 0.16546, 'r2_norm': 0.94575, 'mse_norm': 0.06231, 'rmse_norm': 0.24962, 'wmape_norm': 0.195, 'spearmanr_norm': 0.97059, 'mae_real': 1336.53577, 'r2_real': 0.94575, 'mse_real': 4065614.5, 'rmse_real': 2016.33691, 'wmape_real': 0.09892, 'spearmanr_real': 0.97059, 'loss_sup': 0.38779765603901, 'loss_data': 0.38779765603901, 'loss_con': 1.4006063851649757, 'lambda_con': 0.0, 'rho_terminal_abs_mean': 7371.311037147574, 'rho_terminal_abs_max': 35204.26310501414, 'loss_old': 0.15283949326740925, 'loss_new': 0.23495816277447082, 'lambda_new_current': 1.0}
test: {'epoch': 95, 'time_epoch': 0.27148, 'loss': 0.38778559, 'lr': 0, 'params': 332673, 'time_iter': 0.01086, 'mae': 1339.573, 'r2': 0.94556, 'mse': 4073168.75, 'rmse': 2018.20935, 'wmape': 0.0992, 'spearmanr': 0.9709, 'mae_norm': 0.16583, 'r2_norm': 0.94556, 'mse_norm': 0.06242, 'rmse_norm': 0.24985, 'wmape_norm': 0.19539, 'spearmanr_norm': 0.9709, 'mae_real': 1339.573, 'r2_real': 0.94556, 'mse_real': 4073168.75, 'rmse_real': 2018.20935, 'wmape_real': 0.0992, 'spearmanr_real': 0.9709, 'loss_sup': 0.387785587359232, 'loss_data': 0.387785587359232, 'loss_con': 1.3894904138947564, 'lambda_con': 0.0, 'rho_terminal_abs_mean': 7327.1480987202085, 'rho_terminal_abs_max': 35330.96148621079, 'loss_old': 0.15332997606744556, 'loss_new': 0.2344556118893171, 'lambda_new_current': 1.0}
> Epoch 95: took 2.4s (avg 2.4s) | Best so far: epoch 90	train_loss: 0.3917	val_loss: 0.3907	test_loss: 0.3903	val_rmse_norm: 0.2484
train: {'epoch': 96, 'time_epoch': 1.43215, 'eta': 148.07431, 'eta_hours': 0.04113, 'loss': 0.38948052, 'lr': 0.00057413, 'params': 332673, 'time_iter': 0.0191, 'mae': 1362.22144, 'r2': 0.94449, 'mse': 4140215.5, 'rmse': 2034.75195, 'wmape': 0.10092, 'spearmanr': 0.97029, 'mae_norm': 0.16864, 'r2_norm': 0.94449, 'mse_norm': 0.06345, 'rmse_norm': 0.25189, 'wmape_norm': 0.19898, 'spearmanr_norm': 0.97029, 'mae_real': 1362.22144, 'r2_real': 0.94449, 'mse_real': 4140215.5, 'rmse_real': 2034.75195, 'wmape_real': 0.10092, 'spearmanr_real': 0.97029, 'loss_sup': 0.38948051503230613, 'loss_data': 0.38948051503230613, 'loss_con': 1.3186310469002906, 'lambda_con': 0.0, 'rho_terminal_abs_mean': 7136.636391068272, 'rho_terminal_abs_max': 35230.41775567379, 'loss_old': 0.15702461164208728, 'loss_new': 0.23245590458261867, 'lambda_new_current': 1.0}
val: {'epoch': 96, 'time_epoch': 0.27242, 'loss': 0.38900633, 'lr': 0, 'params': 332673, 'time_iter': 0.0109, 'mae': 1339.04565, 'r2': 0.94568, 'mse': 4070746.0, 'rmse': 2017.60901, 'wmape': 0.09911, 'spearmanr': 0.97051, 'mae_norm': 0.16577, 'r2_norm': 0.94568, 'mse_norm': 0.06239, 'rmse_norm': 0.24977, 'wmape_norm': 0.19537, 'spearmanr_norm': 0.97051, 'mae_real': 1339.04565, 'r2_real': 0.94568, 'mse_real': 4070746.0, 'rmse_real': 2017.60901, 'wmape_real': 0.09911, 'spearmanr_real': 0.97051, 'loss_sup': 0.38900633436723114, 'loss_data': 0.38900633436723114, 'loss_con': 1.4409032633053938, 'lambda_con': 0.0, 'rho_terminal_abs_mean': 7463.98842483387, 'rho_terminal_abs_max': 35499.114350717784, 'loss_old': 0.1530196756730079, 'loss_new': 0.23598665749728368, 'lambda_new_current': 1.0}
test: {'epoch': 96, 'time_epoch': 0.27222, 'loss': 0.38947863, 'lr': 0, 'params': 332673, 'time_iter': 0.01089, 'mae': 1343.97119, 'r2': 0.94548, 'mse': 4079705.5, 'rmse': 2019.82812, 'wmape': 0.09953, 'spearmanr': 0.97079, 'mae_norm': 0.16638, 'r2_norm': 0.94548, 'mse_norm': 0.06252, 'rmse_norm': 0.25005, 'wmape_norm': 0.19604, 'spearmanr_norm': 0.97079, 'mae_real': 1343.97119, 'r2_real': 0.94548, 'mse_real': 4079705.5, 'rmse_real': 2019.82812, 'wmape_real': 0.09953, 'spearmanr_real': 0.97079, 'loss_sup': 0.3894786316482778, 'loss_data': 0.3894786316482778, 'loss_con': 1.4284411970204283, 'lambda_con': 0.0, 'rho_terminal_abs_mean': 7416.5883489663165, 'rho_terminal_abs_max': 35111.02990588251, 'loss_old': 0.1537404308965687, 'loss_new': 0.23573819837418333, 'lambda_new_current': 1.0}
> Epoch 96: took 2.4s (avg 2.4s) | Best so far: epoch 90	train_loss: 0.3917	val_loss: 0.3907	test_loss: 0.3903	val_rmse_norm: 0.2484
train: {'epoch': 97, 'time_epoch': 1.43405, 'eta': 146.63299, 'eta_hours': 0.04073, 'loss': 0.38998316, 'lr': 0.00056595, 'params': 332673, 'time_iter': 0.01912, 'mae': 1363.07458, 'r2': 0.94431, 'mse': 4153702.75, 'rmse': 2038.06348, 'wmape': 0.10098, 'spearmanr': 0.97024, 'mae_norm': 0.16874, 'r2_norm': 0.94431, 'mse_norm': 0.06366, 'rmse_norm': 0.2523, 'wmape_norm': 0.19911, 'spearmanr_norm': 0.97024, 'mae_real': 1363.07458, 'r2_real': 0.94431, 'mse_real': 4153702.75, 'rmse_real': 2038.06348, 'wmape_real': 0.10098, 'spearmanr_real': 0.97024, 'loss_sup': 0.38998316221345414, 'loss_data': 0.38998316221345414, 'loss_con': 1.3249488876148434, 'lambda_con': 0.0, 'rho_terminal_abs_mean': 7150.039933094654, 'rho_terminal_abs_max': 34771.33613415387, 'loss_old': 0.15706025544829166, 'loss_new': 0.2329229065673267, 'lambda_new_current': 1.0}
val: {'epoch': 97, 'time_epoch': 0.27254, 'loss': 0.38807062, 'lr': 0, 'params': 332673, 'time_iter': 0.0109, 'mae': 1336.37952, 'r2': 0.94643, 'mse': 4014518.75, 'rmse': 2003.62634, 'wmape': 0.09891, 'spearmanr': 0.97094, 'mae_norm': 0.16544, 'r2_norm': 0.94643, 'mse_norm': 0.06152, 'rmse_norm': 0.24804, 'wmape_norm': 0.19498, 'spearmanr_norm': 0.97094, 'mae_real': 1336.37952, 'r2_real': 0.94643, 'mse_real': 4014518.75, 'rmse_real': 2003.62634, 'wmape_real': 0.09891, 'spearmanr_real': 0.97094, 'loss_sup': 0.38807061548355404, 'loss_data': 0.38807061548355404, 'loss_con': 1.3300900615595481, 'lambda_con': 0.0, 'rho_terminal_abs_mean': 7194.271256227325, 'rho_terminal_abs_max': 34672.27025565036, 'loss_old': 0.15275101649392037, 'loss_new': 0.23531959601606495, 'lambda_new_current': 1.0}
test: {'epoch': 97, 'time_epoch': 0.27144, 'loss': 0.3873782, 'lr': 0, 'params': 332673, 'time_iter': 0.01086, 'mae': 1339.27795, 'r2': 0.94634, 'mse': 4015214.25, 'rmse': 2003.79993, 'wmape': 0.09918, 'spearmanr': 0.97129, 'mae_norm': 0.1658, 'r2_norm': 0.94634, 'mse_norm': 0.06154, 'rmse_norm': 0.24806, 'wmape_norm': 0.19535, 'spearmanr_norm': 0.97129, 'mae_real': 1339.27795, 'r2_real': 0.94634, 'mse_real': 4015214.25, 'rmse_real': 2003.79993, 'wmape_real': 0.09918, 'spearmanr_real': 0.97129, 'loss_sup': 0.3873782036362643, 'loss_data': 0.3873782036362643, 'loss_con': 1.3166489314729641, 'lambda_con': 0.0, 'rho_terminal_abs_mean': 7148.524101054101, 'rho_terminal_abs_max': 34250.97252227636, 'loss_old': 0.1533693050061568, 'loss_new': 0.23400889564850333, 'lambda_new_current': 1.0}
> Epoch 97: took 2.4s (avg 2.4s) | Best so far: epoch 97	train_loss: 0.3900	val_loss: 0.3881	test_loss: 0.3874	val_rmse_norm: 0.2480
train: {'epoch': 98, 'time_epoch': 1.43532, 'eta': 145.1931, 'eta_hours': 0.04033, 'loss': 0.38965029, 'lr': 0.00055774, 'params': 332673, 'time_iter': 0.01914, 'mae': 1362.00635, 'r2': 0.94448, 'mse': 4140861.75, 'rmse': 2034.91077, 'wmape': 0.10091, 'spearmanr': 0.97032, 'mae_norm': 0.16861, 'r2_norm': 0.94448, 'mse_norm': 0.06346, 'rmse_norm': 0.25191, 'wmape_norm': 0.19895, 'spearmanr_norm': 0.97032, 'mae_real': 1362.00635, 'r2_real': 0.94448, 'mse_real': 4140861.75, 'rmse_real': 2034.91077, 'wmape_real': 0.10091, 'spearmanr_real': 0.97032, 'loss_sup': 0.38965028968341037, 'loss_data': 0.38965028968341037, 'loss_con': 1.3165270136895104, 'lambda_con': 0.0, 'rho_terminal_abs_mean': 7127.372090909921, 'rho_terminal_abs_max': 35194.21965835773, 'loss_old': 0.15694844806416847, 'loss_new': 0.2327018414247121, 'lambda_new_current': 1.0}
val: {'epoch': 98, 'time_epoch': 0.27118, 'loss': 0.38743097, 'lr': 0, 'params': 332673, 'time_iter': 0.01085, 'mae': 1336.2583, 'r2': 0.94615, 'mse': 4035442.25, 'rmse': 2008.84106, 'wmape': 0.0989, 'spearmanr': 0.97068, 'mae_norm': 0.16542, 'r2_norm': 0.94615, 'mse_norm': 0.06185, 'rmse_norm': 0.24869, 'wmape_norm': 0.19496, 'spearmanr_norm': 0.97068, 'mae_real': 1336.2583, 'r2_real': 0.94615, 'mse_real': 4035442.25, 'rmse_real': 2008.84106, 'wmape_real': 0.0989, 'spearmanr_real': 0.97068, 'loss_sup': 0.3874309746674543, 'loss_data': 0.3874309746674543, 'loss_con': 1.3148087069415726, 'lambda_con': 0.0, 'rho_terminal_abs_mean': 7135.36906224166, 'rho_terminal_abs_max': 34615.39182713822, 'loss_old': 0.15287218377374043, 'loss_new': 0.23455879148625638, 'lambda_new_current': 1.0}
test: {'epoch': 98, 'time_epoch': 0.27138, 'loss': 0.38664159, 'lr': 0, 'params': 332673, 'time_iter': 0.01086, 'mae': 1338.84119, 'r2': 0.9461, 'mse': 4033188.25, 'rmse': 2008.27991, 'wmape': 0.09915, 'spearmanr': 0.97108, 'mae_norm': 0.16574, 'r2_norm': 0.9461, 'mse_norm': 0.06181, 'rmse_norm': 0.24862, 'wmape_norm': 0.19529, 'spearmanr_norm': 0.97108, 'mae_real': 1338.84119, 'r2_real': 0.9461, 'mse_real': 4033188.25, 'rmse_real': 2008.27991, 'wmape_real': 0.09915, 'spearmanr_real': 0.97108, 'loss_sup': 0.3866415912448089, 'loss_data': 0.3866415912448089, 'loss_con': 1.3017514444475597, 'lambda_con': 0.0, 'rho_terminal_abs_mean': 7089.250568934348, 'rho_terminal_abs_max': 34563.31705901902, 'loss_old': 0.1534546529259456, 'loss_new': 0.2331869359336673, 'lambda_new_current': 1.0}
> Epoch 98: took 2.4s (avg 2.4s) | Best so far: epoch 97	train_loss: 0.3900	val_loss: 0.3881	test_loss: 0.3874	val_rmse_norm: 0.2480
train: {'epoch': 99, 'time_epoch': 1.43257, 'eta': 143.75056, 'eta_hours': 0.03993, 'loss': 0.38876687, 'lr': 0.00054952, 'params': 332673, 'time_iter': 0.0191, 'mae': 1359.91626, 'r2': 0.94466, 'mse': 4127283.75, 'rmse': 2031.57178, 'wmape': 0.10075, 'spearmanr': 0.9704, 'mae_norm': 0.16835, 'r2_norm': 0.94466, 'mse_norm': 0.06325, 'rmse_norm': 0.2515, 'wmape_norm': 0.19864, 'spearmanr_norm': 0.9704, 'mae_real': 1359.91626, 'r2_real': 0.94466, 'mse_real': 4127283.75, 'rmse_real': 2031.57178, 'wmape_real': 0.10075, 'spearmanr_real': 0.9704, 'loss_sup': 0.3887668705119824, 'loss_data': 0.3887668705119824, 'loss_con': 1.316253243434064, 'lambda_con': 0.0, 'rho_terminal_abs_mean': 7133.8651388312255, 'rho_terminal_abs_max': 34722.35310707223, 'loss_old': 0.1567668524888987, 'loss_new': 0.2320000192138825, 'lambda_new_current': 1.0}
val: {'epoch': 99, 'time_epoch': 0.27196, 'loss': 0.38848426, 'lr': 0, 'params': 332673, 'time_iter': 0.01088, 'mae': 1337.62732, 'r2': 0.94518, 'mse': 4107991.0, 'rmse': 2026.81799, 'wmape': 0.099, 'spearmanr': 0.97066, 'mae_norm': 0.16559, 'r2_norm': 0.94518, 'mse_norm': 0.06296, 'rmse_norm': 0.25091, 'wmape_norm': 0.19516, 'spearmanr_norm': 0.97066, 'mae_real': 1337.62732, 'r2_real': 0.94518, 'mse_real': 4107991.0, 'rmse_real': 2026.81799, 'wmape_real': 0.099, 'spearmanr_real': 0.97066, 'loss_sup': 0.38848425909315354, 'loss_data': 0.38848425909315354, 'loss_con': 1.4131192482009596, 'lambda_con': 0.0, 'rho_terminal_abs_mean': 7397.6362950130015, 'rho_terminal_abs_max': 35897.54419653418, 'loss_old': 0.15288283148994214, 'loss_new': 0.23560143177259657, 'lambda_new_current': 1.0}
test: {'epoch': 99, 'time_epoch': 0.27229, 'loss': 0.38845413, 'lr': 0, 'params': 332673, 'time_iter': 0.01089, 'mae': 1340.61731, 'r2': 0.9451, 'mse': 4107531.25, 'rmse': 2026.70459, 'wmape': 0.09928, 'spearmanr': 0.97105, 'mae_norm': 0.16596, 'r2_norm': 0.9451, 'mse_norm': 0.06295, 'rmse_norm': 0.2509, 'wmape_norm': 0.19555, 'spearmanr_norm': 0.97105, 'mae_real': 1340.61731, 'r2_real': 0.9451, 'mse_real': 4107531.25, 'rmse_real': 2026.70459, 'wmape_real': 0.09928, 'spearmanr_real': 0.97105, 'loss_sup': 0.38845412698107545, 'loss_data': 0.38845412698107545, 'loss_con': 1.397879576220086, 'lambda_con': 0.0, 'rho_terminal_abs_mean': 7347.479968155207, 'rho_terminal_abs_max': 36066.95741581835, 'loss_old': 0.1533695028870671, 'loss_new': 0.23508462409644035, 'lambda_new_current': 1.0}
> Epoch 99: took 2.4s (avg 2.4s) | Best so far: epoch 97	train_loss: 0.3900	val_loss: 0.3881	test_loss: 0.3874	val_rmse_norm: 0.2480
train: {'epoch': 100, 'time_epoch': 1.43069, 'eta': 142.30637, 'eta_hours': 0.03953, 'loss': 0.3875502, 'lr': 0.00054129, 'params': 332673, 'time_iter': 0.01908, 'mae': 1356.80615, 'r2': 0.94485, 'mse': 4113752.0, 'rmse': 2028.23865, 'wmape': 0.10052, 'spearmanr': 0.9705, 'mae_norm': 0.16797, 'r2_norm': 0.94485, 'mse_norm': 0.06305, 'rmse_norm': 0.25109, 'wmape_norm': 0.19819, 'spearmanr_norm': 0.9705, 'mae_real': 1356.80615, 'r2_real': 0.94485, 'mse_real': 4113752.0, 'rmse_real': 2028.23865, 'wmape_real': 0.10052, 'spearmanr_real': 0.9705, 'loss_sup': 0.387550199883661, 'loss_data': 0.387550199883661, 'loss_con': 1.3261260775607138, 'lambda_con': 0.0, 'rho_terminal_abs_mean': 7154.694464541934, 'rho_terminal_abs_max': 35751.945661514284, 'loss_old': 0.15647880232167402, 'loss_new': 0.23107139736057497, 'lambda_new_current': 1.0}
val: {'epoch': 100, 'time_epoch': 0.27247, 'loss': 0.38838365, 'lr': 0, 'params': 332673, 'time_iter': 0.0109, 'mae': 1337.88635, 'r2': 0.9458, 'mse': 4061921.75, 'rmse': 2015.42102, 'wmape': 0.09902, 'spearmanr': 0.97055, 'mae_norm': 0.16563, 'r2_norm': 0.9458, 'mse_norm': 0.06225, 'rmse_norm': 0.2495, 'wmape_norm': 0.1952, 'spearmanr_norm': 0.97055, 'mae_real': 1337.88635, 'r2_real': 0.9458, 'mse_real': 4061921.75, 'rmse_real': 2015.42102, 'wmape_real': 0.09902, 'spearmanr_real': 0.97055, 'loss_sup': 0.38838364922437657, 'loss_data': 0.38838364922437657, 'loss_con': 1.4150134452547949, 'lambda_con': 0.0, 'rho_terminal_abs_mean': 7373.391847028971, 'rho_terminal_abs_max': 36339.646225887234, 'loss_old': 0.1529503319804467, 'loss_new': 0.23543331605840814, 'lambda_new_current': 1.0}
test: {'epoch': 100, 'time_epoch': 0.27132, 'loss': 0.388828, 'lr': 0, 'params': 332673, 'time_iter': 0.01085, 'mae': 1341.42126, 'r2': 0.94564, 'mse': 4067488.5, 'rmse': 2016.80151, 'wmape': 0.09934, 'spearmanr': 0.97087, 'mae_norm': 0.16606, 'r2_norm': 0.94564, 'mse_norm': 0.06234, 'rmse_norm': 0.24967, 'wmape_norm': 0.19566, 'spearmanr_norm': 0.97087, 'mae_real': 1341.42126, 'r2_real': 0.94564, 'mse_real': 4067488.5, 'rmse_real': 2016.80151, 'wmape_real': 0.09934, 'spearmanr_real': 0.97087, 'loss_sup': 0.3888279988500264, 'loss_data': 0.3888279988500264, 'loss_con': 1.3999520767830362, 'lambda_con': 0.0, 'rho_terminal_abs_mean': 7321.62195878972, 'rho_terminal_abs_max': 35641.26989321833, 'loss_old': 0.15342995508866397, 'loss_new': 0.23539804555270705, 'lambda_new_current': 1.0}
> Epoch 100: took 2.4s (avg 2.4s) | Best so far: epoch 97	train_loss: 0.3900	val_loss: 0.3881	test_loss: 0.3874	val_rmse_norm: 0.2480
train: {'epoch': 101, 'time_epoch': 1.4246, 'eta': 140.8566, 'eta_hours': 0.03913, 'loss': 0.38802017, 'lr': 0.00053305, 'params': 332673, 'time_iter': 0.01899, 'mae': 1358.99072, 'r2': 0.94469, 'mse': 4125353.0, 'rmse': 2031.09656, 'wmape': 0.10068, 'spearmanr': 0.97041, 'mae_norm': 0.16824, 'r2_norm': 0.94469, 'mse_norm': 0.06322, 'rmse_norm': 0.25144, 'wmape_norm': 0.19851, 'spearmanr_norm': 0.97041, 'mae_real': 1358.99072, 'r2_real': 0.94469, 'mse_real': 4125353.0, 'rmse_real': 2031.09656, 'wmape_real': 0.10068, 'spearmanr_real': 0.97041, 'loss_sup': 0.38802017042607223, 'loss_data': 0.38802017042607223, 'loss_con': 1.3254452635020881, 'lambda_con': 0.0, 'rho_terminal_abs_mean': 7157.452503571328, 'rho_terminal_abs_max': 35355.57561137333, 'loss_old': 0.15677091071645397, 'loss_new': 0.2312492591112664, 'lambda_new_current': 1.0}
val: {'epoch': 101, 'time_epoch': 0.27198, 'loss': 0.38792659, 'lr': 0, 'params': 332673, 'time_iter': 0.01088, 'mae': 1334.70459, 'r2': 0.94619, 'mse': 4032173.5, 'rmse': 2008.02722, 'wmape': 0.09879, 'spearmanr': 0.97085, 'mae_norm': 0.16523, 'r2_norm': 0.94619, 'mse_norm': 0.0618, 'rmse_norm': 0.24859, 'wmape_norm': 0.19473, 'spearmanr_norm': 0.97085, 'mae_real': 1334.70459, 'r2_real': 0.94619, 'mse_real': 4032173.5, 'rmse_real': 2008.02722, 'wmape_real': 0.09879, 'spearmanr_real': 0.97085, 'loss_sup': 0.38792659234480803, 'loss_data': 0.38792659234480803, 'loss_con': 1.3483097697429984, 'lambda_con': 0.0, 'rho_terminal_abs_mean': 7187.0856742281485, 'rho_terminal_abs_max': 35790.77777919165, 'loss_old': 0.1524829342973478, 'loss_new': 0.2354436574505503, 'lambda_new_current': 1.0}
test: {'epoch': 101, 'time_epoch': 0.27125, 'loss': 0.38762552, 'lr': 0, 'params': 332673, 'time_iter': 0.01085, 'mae': 1337.95715, 'r2': 0.94606, 'mse': 4035953.5, 'rmse': 2008.96826, 'wmape': 0.09908, 'spearmanr': 0.97118, 'mae_norm': 0.16563, 'r2_norm': 0.94606, 'mse_norm': 0.06185, 'rmse_norm': 0.2487, 'wmape_norm': 0.19516, 'spearmanr_norm': 0.97118, 'mae_real': 1337.95715, 'r2_real': 0.94606, 'mse_real': 4035953.5, 'rmse_real': 2008.96826, 'wmape_real': 0.09908, 'spearmanr_real': 0.97118, 'loss_sup': 0.3876255194907763, 'loss_data': 0.3876255194907763, 'loss_con': 1.3342208242823466, 'lambda_con': 0.0, 'rho_terminal_abs_mean': 7138.347928498649, 'rho_terminal_abs_max': 35698.0466828139, 'loss_old': 0.15307836856613755, 'loss_new': 0.2345471509284427, 'lambda_new_current': 1.0}
> Epoch 101: took 2.4s (avg 2.4s) | Best so far: epoch 97	train_loss: 0.3900	val_loss: 0.3881	test_loss: 0.3874	val_rmse_norm: 0.2480
train: {'epoch': 102, 'time_epoch': 1.42397, 'eta': 139.40672, 'eta_hours': 0.03872, 'loss': 0.38750116, 'lr': 0.00052479, 'params': 332673, 'time_iter': 0.01899, 'mae': 1356.65149, 'r2': 0.94495, 'mse': 4105888.5, 'rmse': 2026.29919, 'wmape': 0.10051, 'spearmanr': 0.97059, 'mae_norm': 0.16795, 'r2_norm': 0.94495, 'mse_norm': 0.06292, 'rmse_norm': 0.25085, 'wmape_norm': 0.19817, 'spearmanr_norm': 0.97059, 'mae_real': 1356.65149, 'r2_real': 0.94495, 'mse_real': 4105888.5, 'rmse_real': 2026.29919, 'wmape_real': 0.10051, 'spearmanr_real': 0.97059, 'loss_sup': 0.38750116214094565, 'loss_data': 0.38750116214094565, 'loss_con': 1.3196375900194743, 'lambda_con': 0.0, 'rho_terminal_abs_mean': 7145.335269346958, 'rho_terminal_abs_max': 35074.79240636518, 'loss_old': 0.15646497575478863, 'loss_new': 0.2310361861910658, 'lambda_new_current': 1.0}
val: {'epoch': 102, 'time_epoch': 0.27281, 'loss': 0.38686106, 'lr': 0, 'params': 332673, 'time_iter': 0.01091, 'mae': 1334.90381, 'r2': 0.94646, 'mse': 4012309.25, 'rmse': 2003.07495, 'wmape': 0.0988, 'spearmanr': 0.97089, 'mae_norm': 0.16526, 'r2_norm': 0.94646, 'mse_norm': 0.06149, 'rmse_norm': 0.24797, 'wmape_norm': 0.19476, 'spearmanr_norm': 0.97089, 'mae_real': 1334.90381, 'r2_real': 0.94646, 'mse_real': 4012309.25, 'rmse_real': 2003.07495, 'wmape_real': 0.0988, 'spearmanr_real': 0.97089, 'loss_sup': 0.3868610562955464, 'loss_data': 0.3868610562955464, 'loss_con': 1.293549206218243, 'lambda_con': 0.0, 'rho_terminal_abs_mean': 7096.114989509607, 'rho_terminal_abs_max': 33912.97731159768, 'loss_old': 0.15275540272308383, 'loss_new': 0.23410565297093555, 'lambda_new_current': 1.0}
test: {'epoch': 102, 'time_epoch': 0.271, 'loss': 0.38632173, 'lr': 0, 'params': 332673, 'time_iter': 0.01084, 'mae': 1337.5282, 'r2': 0.94643, 'mse': 4008381.5, 'rmse': 2002.09424, 'wmape': 0.09905, 'spearmanr': 0.97127, 'mae_norm': 0.16558, 'r2_norm': 0.94643, 'mse_norm': 0.06143, 'rmse_norm': 0.24785, 'wmape_norm': 0.1951, 'spearmanr_norm': 0.97127, 'mae_real': 1337.5282, 'r2_real': 0.94643, 'mse_real': 4008381.5, 'rmse_real': 2002.09424, 'wmape_real': 0.09905, 'spearmanr_real': 0.97127, 'loss_sup': 0.38632172548409965, 'loss_data': 0.38632172548409965, 'loss_con': 1.277046739132909, 'lambda_con': 0.0, 'rho_terminal_abs_mean': 7042.967287005529, 'rho_terminal_abs_max': 33761.826144199156, 'loss_old': 0.15329251565770793, 'loss_new': 0.23302920922992124, 'lambda_new_current': 1.0}
> Epoch 102: took 2.4s (avg 2.4s) | Best so far: epoch 102	train_loss: 0.3875	val_loss: 0.3869	test_loss: 0.3863	val_rmse_norm: 0.2480
train: {'epoch': 103, 'time_epoch': 1.43009, 'eta': 137.96299, 'eta_hours': 0.03832, 'loss': 0.38666991, 'lr': 0.00051653, 'params': 332673, 'time_iter': 0.01907, 'mae': 1355.70862, 'r2': 0.94502, 'mse': 4101122.5, 'rmse': 2025.1228, 'wmape': 0.10044, 'spearmanr': 0.97057, 'mae_norm': 0.16783, 'r2_norm': 0.94502, 'mse_norm': 0.06285, 'rmse_norm': 0.2507, 'wmape_norm': 0.19803, 'spearmanr_norm': 0.97057, 'mae_real': 1355.70862, 'r2_real': 0.94502, 'mse_real': 4101122.5, 'rmse_real': 2025.1228, 'wmape_real': 0.10044, 'spearmanr_real': 0.97057, 'loss_sup': 0.3866699070452052, 'loss_data': 0.3866699070452052, 'loss_con': 1.3139811481911507, 'lambda_con': 0.0, 'rho_terminal_abs_mean': 7123.473945064557, 'rho_terminal_abs_max': 34762.95920666527, 'loss_old': 0.15647992920706585, 'loss_new': 0.23018997644474343, 'lambda_new_current': 1.0}
val: {'epoch': 103, 'time_epoch': 0.27151, 'loss': 0.38599043, 'lr': 0, 'params': 332673, 'time_iter': 0.01086, 'mae': 1330.63, 'r2': 0.94646, 'mse': 4011877.0, 'rmse': 2002.96704, 'wmape': 0.09849, 'spearmanr': 0.97105, 'mae_norm': 0.16473, 'r2_norm': 0.94646, 'mse_norm': 0.06148, 'rmse_norm': 0.24796, 'wmape_norm': 0.19414, 'spearmanr_norm': 0.97105, 'mae_real': 1330.63, 'r2_real': 0.94646, 'mse_real': 4011877.0, 'rmse_real': 2002.96704, 'wmape_real': 0.09849, 'spearmanr_real': 0.97105, 'loss_sup': 0.3859904281116599, 'loss_data': 0.3859904281116599, 'loss_con': 1.357983481116374, 'lambda_con': 0.0, 'rho_terminal_abs_mean': 7263.815113345021, 'rho_terminal_abs_max': 35102.14642609913, 'loss_old': 0.15218519534299574, 'loss_new': 0.23380523038551657, 'lambda_new_current': 1.0}
test: {'epoch': 103, 'time_epoch': 0.27062, 'loss': 0.38622952, 'lr': 0, 'params': 332673, 'time_iter': 0.01082, 'mae': 1334.59692, 'r2': 0.94623, 'mse': 4023627.25, 'rmse': 2005.89807, 'wmape': 0.09884, 'spearmanr': 0.97133, 'mae_norm': 0.16522, 'r2_norm': 0.94623, 'mse_norm': 0.06166, 'rmse_norm': 0.24832, 'wmape_norm': 0.19467, 'spearmanr_norm': 0.97133, 'mae_real': 1334.59692, 'r2_real': 0.94623, 'mse_real': 4023627.25, 'rmse_real': 2005.89807, 'wmape_real': 0.09884, 'spearmanr_real': 0.97133, 'loss_sup': 0.38622952427211743, 'loss_data': 0.38622952427211743, 'loss_con': 1.3444429489965155, 'lambda_con': 0.0, 'rho_terminal_abs_mean': 7216.79292356424, 'rho_terminal_abs_max': 35040.71759300915, 'loss_old': 0.15278568692522976, 'loss_new': 0.23344383675752617, 'lambda_new_current': 1.0}
> Epoch 103: took 2.4s (avg 2.4s) | Best so far: epoch 103	train_loss: 0.3867	val_loss: 0.3860	test_loss: 0.3862	val_rmse_norm: 0.2480
train: {'epoch': 104, 'time_epoch': 1.42744, 'eta': 136.51712, 'eta_hours': 0.03792, 'loss': 0.38632703, 'lr': 0.00050827, 'params': 332673, 'time_iter': 0.01903, 'mae': 1355.07166, 'r2': 0.94506, 'mse': 4097708.25, 'rmse': 2024.27966, 'wmape': 0.10039, 'spearmanr': 0.97061, 'mae_norm': 0.16775, 'r2_norm': 0.94506, 'mse_norm': 0.0628, 'rmse_norm': 0.2506, 'wmape_norm': 0.19794, 'spearmanr_norm': 0.97061, 'mae_real': 1355.07166, 'r2_real': 0.94506, 'mse_real': 4097708.25, 'rmse_real': 2024.27966, 'wmape_real': 0.10039, 'spearmanr_real': 0.97061, 'loss_sup': 0.38632702830817756, 'loss_data': 0.38632702830817756, 'loss_con': 1.320720291204662, 'lambda_con': 0.0, 'rho_terminal_abs_mean': 7137.973158397991, 'rho_terminal_abs_max': 35284.10233326543, 'loss_old': 0.15644781398413873, 'loss_new': 0.22987921511247106, 'lambda_new_current': 1.0}
val: {'epoch': 104, 'time_epoch': 0.27131, 'loss': 0.38641201, 'lr': 0, 'params': 332673, 'time_iter': 0.01085, 'mae': 1333.90845, 'r2': 0.94677, 'mse': 3989109.25, 'rmse': 1997.27551, 'wmape': 0.09873, 'spearmanr': 0.97109, 'mae_norm': 0.16513, 'r2_norm': 0.94677, 'mse_norm': 0.06114, 'rmse_norm': 0.24726, 'wmape_norm': 0.19462, 'spearmanr_norm': 0.97109, 'mae_real': 1333.90845, 'r2_real': 0.94677, 'mse_real': 3989109.25, 'rmse_real': 1997.27551, 'wmape_real': 0.09873, 'spearmanr_real': 0.97109, 'loss_sup': 0.38641201367910977, 'loss_data': 0.38641201367910977, 'loss_con': 1.307246912892823, 'lambda_con': 0.0, 'rho_terminal_abs_mean': 7121.252247609937, 'rho_terminal_abs_max': 34382.40038815527, 'loss_old': 0.152678192407551, 'loss_new': 0.23373382127349293, 'lambda_new_current': 1.0}
test: {'epoch': 104, 'time_epoch': 0.27116, 'loss': 0.38586138, 'lr': 0, 'params': 332673, 'time_iter': 0.01085, 'mae': 1336.71802, 'r2': 0.94661, 'mse': 3994793.5, 'rmse': 1998.698, 'wmape': 0.09899, 'spearmanr': 0.97139, 'mae_norm': 0.16548, 'r2_norm': 0.94661, 'mse_norm': 0.06122, 'rmse_norm': 0.24743, 'wmape_norm': 0.19498, 'spearmanr_norm': 0.97139, 'mae_real': 1336.71802, 'r2_real': 0.94661, 'mse_real': 3994793.5, 'rmse_real': 1998.698, 'wmape_real': 0.09899, 'spearmanr_real': 0.97139, 'loss_sup': 0.38586138498510975, 'loss_data': 0.38586138498510975, 'loss_con': 1.294639708797216, 'lambda_con': 0.0, 'rho_terminal_abs_mean': 7077.139713944898, 'rho_terminal_abs_max': 33960.504671847535, 'loss_old': 0.15324896136398747, 'loss_new': 0.23261242600176604, 'lambda_new_current': 1.0}
> Epoch 104: took 2.4s (avg 2.4s) | Best so far: epoch 104	train_loss: 0.3863	val_loss: 0.3864	test_loss: 0.3859	val_rmse_norm: 0.2473
train: {'epoch': 105, 'time_epoch': 1.42653, 'eta': 135.07079, 'eta_hours': 0.03752, 'loss': 0.38638409, 'lr': 0.0005, 'params': 332673, 'time_iter': 0.01902, 'mae': 1353.86145, 'r2': 0.9452, 'mse': 4087381.0, 'rmse': 2021.72717, 'wmape': 0.1003, 'spearmanr': 0.97064, 'mae_norm': 0.1676, 'r2_norm': 0.9452, 'mse_norm': 0.06264, 'rmse_norm': 0.25028, 'wmape_norm': 0.19776, 'spearmanr_norm': 0.97064, 'mae_real': 1353.86145, 'r2_real': 0.9452, 'mse_real': 4087381.0, 'rmse_real': 2021.72717, 'wmape_real': 0.1003, 'spearmanr_real': 0.97064, 'loss_sup': 0.3863840878075582, 'loss_data': 0.3863840878075582, 'loss_con': 1.320644942855895, 'lambda_con': 0.0, 'rho_terminal_abs_mean': 7138.399229435832, 'rho_terminal_abs_max': 35498.401391262334, 'loss_old': 0.15621552167134403, 'loss_new': 0.23016856693470972, 'lambda_new_current': 1.0}
val: {'epoch': 105, 'time_epoch': 0.27222, 'loss': 0.38418367, 'lr': 0, 'params': 332673, 'time_iter': 0.01089, 'mae': 1326.80359, 'r2': 0.94685, 'mse': 3982589.25, 'rmse': 1995.64258, 'wmape': 0.0982, 'spearmanr': 0.97121, 'mae_norm': 0.16425, 'r2_norm': 0.94685, 'mse_norm': 0.06104, 'rmse_norm': 0.24705, 'wmape_norm': 0.19358, 'spearmanr_norm': 0.97121, 'mae_real': 1326.80359, 'r2_real': 0.94685, 'mse_real': 3982589.25, 'rmse_real': 1995.64258, 'wmape_real': 0.0982, 'spearmanr_real': 0.97121, 'loss_sup': 0.3841836710640982, 'loss_data': 0.3841836710640982, 'loss_con': 1.3132381602178445, 'lambda_con': 0.0, 'rho_terminal_abs_mean': 7140.511252440782, 'rho_terminal_abs_max': 34522.67189080792, 'loss_old': 0.1519029125236764, 'loss_new': 0.23228075794750494, 'lambda_new_current': 1.0}
test: {'epoch': 105, 'time_epoch': 0.27103, 'loss': 0.38381984, 'lr': 0, 'params': 332673, 'time_iter': 0.01084, 'mae': 1329.96765, 'r2': 0.94672, 'mse': 3986381.25, 'rmse': 1996.59241, 'wmape': 0.09849, 'spearmanr': 0.97151, 'mae_norm': 0.16465, 'r2_norm': 0.94672, 'mse_norm': 0.06109, 'rmse_norm': 0.24717, 'wmape_norm': 0.19399, 'spearmanr_norm': 0.97151, 'mae_real': 1329.96765, 'r2_real': 0.94672, 'mse_real': 3986381.25, 'rmse_real': 1996.59241, 'wmape_real': 0.09849, 'spearmanr_real': 0.97151, 'loss_sup': 0.383819839284683, 'loss_data': 0.383819839284683, 'loss_con': 1.3013071090073407, 'lambda_con': 0.0, 'rho_terminal_abs_mean': 7098.830120190484, 'rho_terminal_abs_max': 33964.95081226885, 'loss_old': 0.15249642998192764, 'loss_new': 0.2313234110943494, 'lambda_new_current': 1.0}
> Epoch 105: took 2.4s (avg 2.4s) | Best so far: epoch 105	train_loss: 0.3864	val_loss: 0.3842	test_loss: 0.3838	val_rmse_norm: 0.2470
train: {'epoch': 106, 'time_epoch': 1.42765, 'eta': 133.62581, 'eta_hours': 0.03712, 'loss': 0.38563274, 'lr': 0.00049173, 'params': 332673, 'time_iter': 0.01904, 'mae': 1353.42639, 'r2': 0.94517, 'mse': 4089559.5, 'rmse': 2022.26599, 'wmape': 0.10027, 'spearmanr': 0.97066, 'mae_norm': 0.16755, 'r2_norm': 0.94517, 'mse_norm': 0.06267, 'rmse_norm': 0.25035, 'wmape_norm': 0.1977, 'spearmanr_norm': 0.97066, 'mae_real': 1353.42639, 'r2_real': 0.94517, 'mse_real': 4089559.5, 'rmse_real': 2022.26599, 'wmape_real': 0.10027, 'spearmanr_real': 0.97066, 'loss_sup': 0.38563273982550456, 'loss_data': 0.38563273982550456, 'loss_con': 1.3231286991472198, 'lambda_con': 0.0, 'rho_terminal_abs_mean': 7146.911540045568, 'rho_terminal_abs_max': 35414.31445356376, 'loss_old': 0.15630685566010422, 'loss_new': 0.22932588575014493, 'lambda_new_current': 1.0}
val: {'epoch': 106, 'time_epoch': 0.27077, 'loss': 0.38568415, 'lr': 0, 'params': 332673, 'time_iter': 0.01083, 'mae': 1328.34692, 'r2': 0.9462, 'mse': 4031556.75, 'rmse': 2007.87366, 'wmape': 0.09832, 'spearmanr': 0.97092, 'mae_norm': 0.16444, 'r2_norm': 0.9462, 'mse_norm': 0.06179, 'rmse_norm': 0.24857, 'wmape_norm': 0.19381, 'spearmanr_norm': 0.97092, 'mae_real': 1328.34692, 'r2_real': 0.9462, 'mse_real': 4031556.75, 'rmse_real': 2007.87366, 'wmape_real': 0.09832, 'spearmanr_real': 0.97092, 'loss_sup': 0.3856841535493845, 'loss_data': 0.3856841535493845, 'loss_con': 1.3617213912257147, 'lambda_con': 0.0, 'rho_terminal_abs_mean': 7284.02762621748, 'rho_terminal_abs_max': 34529.049503482354, 'loss_old': 0.15184367776117458, 'loss_new': 0.2338404781716071, 'lambda_new_current': 1.0}
test: {'epoch': 106, 'time_epoch': 0.27025, 'loss': 0.38539482, 'lr': 0, 'params': 332673, 'time_iter': 0.01081, 'mae': 1331.67773, 'r2': 0.94605, 'mse': 4037010.5, 'rmse': 2009.23132, 'wmape': 0.09862, 'spearmanr': 0.97123, 'mae_norm': 0.16486, 'r2_norm': 0.94605, 'mse_norm': 0.06187, 'rmse_norm': 0.24874, 'wmape_norm': 0.19424, 'spearmanr_norm': 0.97123, 'mae_real': 1331.67773, 'r2_real': 0.94605, 'mse_real': 4037010.5, 'rmse_real': 2009.23132, 'wmape_real': 0.09862, 'spearmanr_real': 0.97123, 'loss_sup': 0.3853948246208962, 'loss_data': 0.3853948246208962, 'loss_con': 1.346689891390142, 'lambda_con': 0.0, 'rho_terminal_abs_mean': 7234.613467784043, 'rho_terminal_abs_max': 34194.47995604396, 'loss_old': 0.15245139769169475, 'loss_new': 0.23294342931614356, 'lambda_new_current': 1.0}
> Epoch 106: took 2.4s (avg 2.4s) | Best so far: epoch 105	train_loss: 0.3864	val_loss: 0.3842	test_loss: 0.3838	val_rmse_norm: 0.2470
train: {'epoch': 107, 'time_epoch': 1.43053, 'eta': 132.1836, 'eta_hours': 0.03672, 'loss': 0.38528233, 'lr': 0.00048347, 'params': 332673, 'time_iter': 0.01907, 'mae': 1352.52283, 'r2': 0.94525, 'mse': 4083403.5, 'rmse': 2020.74329, 'wmape': 0.1002, 'spearmanr': 0.97071, 'mae_norm': 0.16744, 'r2_norm': 0.94525, 'mse_norm': 0.06258, 'rmse_norm': 0.25016, 'wmape_norm': 0.19756, 'spearmanr_norm': 0.97071, 'mae_real': 1352.52283, 'r2_real': 0.94525, 'mse_real': 4083403.5, 'rmse_real': 2020.74329, 'wmape_real': 0.1002, 'spearmanr_real': 0.97071, 'loss_sup': 0.38528232606562396, 'loss_data': 0.38528232606562396, 'loss_con': 1.3245741094772745, 'lambda_con': 0.0, 'rho_terminal_abs_mean': 7147.49913389451, 'rho_terminal_abs_max': 35302.275830033024, 'loss_old': 0.15622189231893582, 'loss_new': 0.22906043275362115, 'lambda_new_current': 1.0}
val: {'epoch': 107, 'time_epoch': 0.27122, 'loss': 0.38616055, 'lr': 0, 'params': 332673, 'time_iter': 0.01085, 'mae': 1334.11768, 'r2': 0.9463, 'mse': 4023839.0, 'rmse': 2005.95093, 'wmape': 0.09875, 'spearmanr': 0.97096, 'mae_norm': 0.16516, 'r2_norm': 0.9463, 'mse_norm': 0.06167, 'rmse_norm': 0.24833, 'wmape_norm': 0.19465, 'spearmanr_norm': 0.97096, 'mae_real': 1334.11768, 'r2_real': 0.9463, 'mse_real': 4023839.0, 'rmse_real': 2005.95093, 'wmape_real': 0.09875, 'spearmanr_real': 0.97096, 'loss_sup': 0.38616055377086866, 'loss_data': 0.38616055377086866, 'loss_con': 1.38599425940885, 'lambda_con': 0.0, 'rho_terminal_abs_mean': 7318.890135978648, 'rho_terminal_abs_max': 35497.743606066935, 'loss_old': 0.15277094114933296, 'loss_new': 0.23338960786054389, 'lambda_new_current': 1.0}
test: {'epoch': 107, 'time_epoch': 0.2711, 'loss': 0.38594826, 'lr': 0, 'params': 332673, 'time_iter': 0.01084, 'mae': 1337.05823, 'r2': 0.94615, 'mse': 4029285.0, 'rmse': 2007.30786, 'wmape': 0.09902, 'spearmanr': 0.97132, 'mae_norm': 0.16552, 'r2_norm': 0.94615, 'mse_norm': 0.06175, 'rmse_norm': 0.2485, 'wmape_norm': 0.19503, 'spearmanr_norm': 0.97132, 'mae_real': 1337.05823, 'r2_real': 0.94615, 'mse_real': 4029285.0, 'rmse_real': 2007.30786, 'wmape_real': 0.09902, 'spearmanr_real': 0.97132, 'loss_sup': 0.38594826256280235, 'loss_data': 0.38594826256280235, 'loss_con': 1.3723117617593368, 'lambda_con': 0.0, 'rho_terminal_abs_mean': 7267.596961744481, 'rho_terminal_abs_max': 35505.04692280744, 'loss_old': 0.1532899402770885, 'loss_new': 0.23265832289004165, 'lambda_new_current': 1.0}
> Epoch 107: took 2.4s (avg 2.4s) | Best so far: epoch 105	train_loss: 0.3864	val_loss: 0.3842	test_loss: 0.3838	val_rmse_norm: 0.2470
train: {'epoch': 108, 'time_epoch': 1.43502, 'eta': 130.74535, 'eta_hours': 0.03632, 'loss': 0.38472978, 'lr': 0.00047521, 'params': 332673, 'time_iter': 0.01913, 'mae': 1351.15552, 'r2': 0.94542, 'mse': 4070970.75, 'rmse': 2017.66467, 'wmape': 0.1001, 'spearmanr': 0.97075, 'mae_norm': 0.16727, 'r2_norm': 0.94542, 'mse_norm': 0.06239, 'rmse_norm': 0.24978, 'wmape_norm': 0.19736, 'spearmanr_norm': 0.97075, 'mae_real': 1351.15552, 'r2_real': 0.94542, 'mse_real': 4070970.75, 'rmse_real': 2017.66467, 'wmape_real': 0.1001, 'spearmanr_real': 0.97075, 'loss_sup': 0.3847297777874292, 'loss_data': 0.3847297777874292, 'loss_con': 1.3211172349132163, 'lambda_con': 0.0, 'rho_terminal_abs_mean': 7143.190614291685, 'rho_terminal_abs_max': 34832.455093776094, 'loss_old': 0.1560974773764893, 'loss_new': 0.22863230080575897, 'lambda_new_current': 1.0}
val: {'epoch': 108, 'time_epoch': 0.27207, 'loss': 0.38590827, 'lr': 0, 'params': 332673, 'time_iter': 0.01088, 'mae': 1334.60632, 'r2': 0.94705, 'mse': 3967793.75, 'rmse': 1991.93213, 'wmape': 0.09878, 'spearmanr': 0.9713, 'mae_norm': 0.16522, 'r2_norm': 0.94705, 'mse_norm': 0.06081, 'rmse_norm': 0.24659, 'wmape_norm': 0.19472, 'spearmanr_norm': 0.9713, 'mae_real': 1334.60632, 'r2_real': 0.94705, 'mse_real': 3967793.75, 'rmse_real': 1991.93213, 'wmape_real': 0.09878, 'spearmanr_real': 0.9713, 'loss_sup': 0.3859082747059983, 'loss_data': 0.3859082747059983, 'loss_con': 1.2516965453254532, 'lambda_con': 0.0, 'rho_terminal_abs_mean': 6972.5784712123395, 'rho_terminal_abs_max': 33569.700843834005, 'loss_old': 0.15291417448529415, 'loss_new': 0.23299410081511843, 'lambda_new_current': 1.0}
test: {'epoch': 108, 'time_epoch': 0.27066, 'loss': 0.38533592, 'lr': 0, 'params': 332673, 'time_iter': 0.01083, 'mae': 1336.92493, 'r2': 0.94692, 'mse': 3971701.5, 'rmse': 1992.91284, 'wmape': 0.09901, 'spearmanr': 0.97165, 'mae_norm': 0.16551, 'r2_norm': 0.94692, 'mse_norm': 0.06087, 'rmse_norm': 0.24672, 'wmape_norm': 0.19501, 'spearmanr_norm': 0.97165, 'mae_real': 1336.92493, 'r2_real': 0.94692, 'mse_real': 3971701.5, 'rmse_real': 1992.91284, 'wmape_real': 0.09901, 'spearmanr_real': 0.97165, 'loss_sup': 0.3853359241223535, 'loss_data': 0.3853359241223535, 'loss_con': 1.2375739696826995, 'lambda_con': 0.0, 'rho_terminal_abs_mean': 6923.052119513137, 'rho_terminal_abs_max': 33616.46934669806, 'loss_old': 0.15340232533518672, 'loss_new': 0.23193360235969146, 'lambda_new_current': 1.0}
> Epoch 108: took 2.4s (avg 2.4s) | Best so far: epoch 108	train_loss: 0.3847	val_loss: 0.3859	test_loss: 0.3853	val_rmse_norm: 0.2466
train: {'epoch': 109, 'time_epoch': 1.45056, 'eta': 129.31988, 'eta_hours': 0.03592, 'loss': 0.38504678, 'lr': 0.00046695, 'params': 332673, 'time_iter': 0.01934, 'mae': 1351.97888, 'r2': 0.94534, 'mse': 4076590.25, 'rmse': 2019.05676, 'wmape': 0.10016, 'spearmanr': 0.97069, 'mae_norm': 0.16737, 'r2_norm': 0.94534, 'mse_norm': 0.06248, 'rmse_norm': 0.24995, 'wmape_norm': 0.19749, 'spearmanr_norm': 0.97069, 'mae_real': 1351.97888, 'r2_real': 0.94534, 'mse_real': 4076590.25, 'rmse_real': 2019.05676, 'wmape_real': 0.10016, 'spearmanr_real': 0.97069, 'loss_sup': 0.3850467778557202, 'loss_data': 0.3850467778557202, 'loss_con': 1.320344817251533, 'lambda_con': 0.0, 'rho_terminal_abs_mean': 7139.585773923826, 'rho_terminal_abs_max': 35268.97078385228, 'loss_old': 0.15617450633161295, 'loss_new': 0.2288722705297096, 'lambda_new_current': 1.0}
val: {'epoch': 109, 'time_epoch': 0.27166, 'loss': 0.38587998, 'lr': 0, 'params': 332673, 'time_iter': 0.01087, 'mae': 1338.20642, 'r2': 0.94673, 'mse': 3991537.25, 'rmse': 1997.88318, 'wmape': 0.09905, 'spearmanr': 0.97111, 'mae_norm': 0.16567, 'r2_norm': 0.94673, 'mse_norm': 0.06117, 'rmse_norm': 0.24733, 'wmape_norm': 0.19525, 'spearmanr_norm': 0.97111, 'mae_real': 1338.20642, 'r2_real': 0.94673, 'mse_real': 3991537.25, 'rmse_real': 1997.88318, 'wmape_real': 0.09905, 'spearmanr_real': 0.97111, 'loss_sup': 0.38587998081719777, 'loss_data': 0.38587998081719777, 'loss_con': 1.3266746864058536, 'lambda_con': 0.0, 'rho_terminal_abs_mean': 7157.245339992948, 'rho_terminal_abs_max': 34504.96872548259, 'loss_old': 0.1535641733854895, 'loss_new': 0.23231580624362846, 'lambda_new_current': 1.0}
test: {'epoch': 109, 'time_epoch': 0.2717, 'loss': 0.38459509, 'lr': 0, 'params': 332673, 'time_iter': 0.01087, 'mae': 1339.07275, 'r2': 0.94676, 'mse': 3983895.25, 'rmse': 1995.96973, 'wmape': 0.09917, 'spearmanr': 0.97155, 'mae_norm': 0.16577, 'r2_norm': 0.94676, 'mse_norm': 0.06106, 'rmse_norm': 0.24709, 'wmape_norm': 0.19532, 'spearmanr_norm': 0.97155, 'mae_real': 1339.07275, 'r2_real': 0.94676, 'mse_real': 3983895.25, 'rmse_real': 1995.96973, 'wmape_real': 0.09917, 'spearmanr_real': 0.97155, 'loss_sup': 0.38459509366555034, 'loss_data': 0.38459509366555034, 'loss_con': 1.3125549395682885, 'lambda_con': 0.0, 'rho_terminal_abs_mean': 7105.495462252798, 'rho_terminal_abs_max': 34429.17411823094, 'loss_old': 0.15395251864167556, 'loss_new': 0.2306425762077736, 'lambda_new_current': 1.0}
> Epoch 109: took 2.5s (avg 2.4s) | Best so far: epoch 108	train_loss: 0.3847	val_loss: 0.3859	test_loss: 0.3853	val_rmse_norm: 0.2466
train: {'epoch': 110, 'time_epoch': 1.43331, 'eta': 127.88012, 'eta_hours': 0.03552, 'loss': 0.38442428, 'lr': 0.00045871, 'params': 332673, 'time_iter': 0.01911, 'mae': 1350.56641, 'r2': 0.9454, 'mse': 4072352.0, 'rmse': 2018.00696, 'wmape': 0.10006, 'spearmanr': 0.97085, 'mae_norm': 0.1672, 'r2_norm': 0.9454, 'mse_norm': 0.06241, 'rmse_norm': 0.24982, 'wmape_norm': 0.19728, 'spearmanr_norm': 0.97085, 'mae_real': 1350.56641, 'r2_real': 0.9454, 'mse_real': 4072352.0, 'rmse_real': 2018.00696, 'wmape_real': 0.10006, 'spearmanr_real': 0.97085, 'loss_sup': 0.3844242790306971, 'loss_data': 0.3844242790306971, 'loss_con': 1.3201761614284675, 'lambda_con': 0.0, 'rho_terminal_abs_mean': 7139.922840162108, 'rho_terminal_abs_max': 35503.60441999842, 'loss_old': 0.1560648029276896, 'loss_new': 0.22835947828608316, 'lambda_new_current': 1.0}
val: {'epoch': 110, 'time_epoch': 0.27489, 'loss': 0.38328968, 'lr': 0, 'params': 332673, 'time_iter': 0.011, 'mae': 1327.1438, 'r2': 0.94729, 'mse': 3950261.75, 'rmse': 1987.52649, 'wmape': 0.09823, 'spearmanr': 0.97145, 'mae_norm': 0.1643, 'r2_norm': 0.94729, 'mse_norm': 0.06054, 'rmse_norm': 0.24605, 'wmape_norm': 0.19363, 'spearmanr_norm': 0.97145, 'mae_real': 1327.1438, 'r2_real': 0.94729, 'mse_real': 3950261.75, 'rmse_real': 1987.52649, 'wmape_real': 0.09823, 'spearmanr_real': 0.97145, 'loss_sup': 0.3832896800111308, 'loss_data': 0.3832896800111308, 'loss_con': 1.327006999658346, 'lambda_con': 0.0, 'rho_terminal_abs_mean': 7155.451533265564, 'rho_terminal_abs_max': 34704.73262252032, 'loss_old': 0.15216068800472596, 'loss_new': 0.23112898843424157, 'lambda_new_current': 1.0}
test: {'epoch': 110, 'time_epoch': 0.27484, 'loss': 0.38318739, 'lr': 0, 'params': 332673, 'time_iter': 0.01099, 'mae': 1330.88977, 'r2': 0.94708, 'mse': 3960092.25, 'rmse': 1989.99805, 'wmape': 0.09856, 'spearmanr': 0.97174, 'mae_norm': 0.16476, 'r2_norm': 0.94708, 'mse_norm': 0.06069, 'rmse_norm': 0.24635, 'wmape_norm': 0.19413, 'spearmanr_norm': 0.97174, 'mae_real': 1330.88977, 'r2_real': 0.94708, 'mse_real': 3960092.25, 'rmse_real': 1989.99805, 'wmape_real': 0.09856, 'spearmanr_real': 0.97174, 'loss_sup': 0.38318738636055877, 'loss_data': 0.38318738636055877, 'loss_con': 1.3155759215432246, 'lambda_con': 0.0, 'rho_terminal_abs_mean': 7112.104320427257, 'rho_terminal_abs_max': 34785.461108402014, 'loss_old': 0.15280127113131997, 'loss_new': 0.23038611461817612, 'lambda_new_current': 1.0}
> Epoch 110: took 2.5s (avg 2.4s) | Best so far: epoch 110	train_loss: 0.3844	val_loss: 0.3833	test_loss: 0.3832	val_rmse_norm: 0.2460
train: {'epoch': 111, 'time_epoch': 1.45348, 'eta': 126.45633, 'eta_hours': 0.03513, 'loss': 0.38429672, 'lr': 0.00045048, 'params': 332673, 'time_iter': 0.01938, 'mae': 1352.01428, 'r2': 0.94547, 'mse': 4067070.5, 'rmse': 2016.69788, 'wmape': 0.10016, 'spearmanr': 0.97081, 'mae_norm': 0.16737, 'r2_norm': 0.94547, 'mse_norm': 0.06233, 'rmse_norm': 0.24966, 'wmape_norm': 0.19749, 'spearmanr_norm': 0.97081, 'mae_real': 1352.01428, 'r2_real': 0.94547, 'mse_real': 4067070.5, 'rmse_real': 2016.69788, 'wmape_real': 0.10016, 'spearmanr_real': 0.97081, 'loss_sup': 0.3842967191193353, 'loss_data': 0.3842967191193353, 'loss_con': 1.3196810338335343, 'lambda_con': 0.0, 'rho_terminal_abs_mean': 7136.172760002356, 'rho_terminal_abs_max': 35464.243609926634, 'loss_old': 0.1563518836603533, 'loss_new': 0.22794483387244927, 'lambda_new_current': 1.0}
val: {'epoch': 111, 'time_epoch': 0.27139, 'loss': 0.38576273, 'lr': 0, 'params': 332673, 'time_iter': 0.01086, 'mae': 1333.40527, 'r2': 0.94685, 'mse': 3982610.0, 'rmse': 1995.64771, 'wmape': 0.09869, 'spearmanr': 0.97111, 'mae_norm': 0.16507, 'r2_norm': 0.94685, 'mse_norm': 0.06104, 'rmse_norm': 0.24705, 'wmape_norm': 0.19455, 'spearmanr_norm': 0.97111, 'mae_real': 1333.40527, 'r2_real': 0.94685, 'mse_real': 3982610.0, 'rmse_real': 1995.64771, 'wmape_real': 0.09869, 'spearmanr_real': 0.97111, 'loss_sup': 0.3857627295630261, 'loss_data': 0.3857627295630261, 'loss_con': 1.2787119878817415, 'lambda_con': 0.0, 'rho_terminal_abs_mean': 7025.188565270468, 'rho_terminal_abs_max': 33750.05955220249, 'loss_old': 0.15273152765683948, 'loss_new': 0.23303120369442082, 'lambda_new_current': 1.0}
test: {'epoch': 111, 'time_epoch': 0.27053, 'loss': 0.38525267, 'lr': 0, 'params': 332673, 'time_iter': 0.01082, 'mae': 1335.92981, 'r2': 0.94668, 'mse': 3989805.25, 'rmse': 1997.44971, 'wmape': 0.09893, 'spearmanr': 0.97144, 'mae_norm': 0.16538, 'r2_norm': 0.94668, 'mse_norm': 0.06115, 'rmse_norm': 0.24728, 'wmape_norm': 0.19486, 'spearmanr_norm': 0.97144, 'mae_real': 1335.92981, 'r2_real': 0.94668, 'mse_real': 3989805.25, 'rmse_real': 1997.44971, 'wmape_real': 0.09893, 'spearmanr_real': 0.97144, 'loss_sup': 0.38525266842312694, 'loss_data': 0.38525266842312694, 'loss_con': 1.2683207722822303, 'lambda_con': 0.0, 'rho_terminal_abs_mean': 6982.189089630256, 'rho_terminal_abs_max': 33532.41839350799, 'loss_old': 0.15324359531986623, 'loss_new': 0.23200907012053407, 'lambda_new_current': 1.0}
> Epoch 111: took 2.5s (avg 2.4s) | Best so far: epoch 110	train_loss: 0.3844	val_loss: 0.3833	test_loss: 0.3832	val_rmse_norm: 0.2460
train: {'epoch': 112, 'time_epoch': 1.46704, 'eta': 125.04245, 'eta_hours': 0.03473, 'loss': 0.38366244, 'lr': 0.00044226, 'params': 332673, 'time_iter': 0.01956, 'mae': 1348.55261, 'r2': 0.94558, 'mse': 4058659.75, 'rmse': 2014.61157, 'wmape': 0.09991, 'spearmanr': 0.97085, 'mae_norm': 0.16695, 'r2_norm': 0.94558, 'mse_norm': 0.0622, 'rmse_norm': 0.2494, 'wmape_norm': 0.19698, 'spearmanr_norm': 0.97085, 'mae_real': 1348.55261, 'r2_real': 0.94558, 'mse_real': 4058659.75, 'rmse_real': 2014.61157, 'wmape_real': 0.09991, 'spearmanr_real': 0.97085, 'loss_sup': 0.3836624433500482, 'loss_data': 0.3836624433500482, 'loss_con': 1.3221068660899125, 'lambda_con': 0.0, 'rho_terminal_abs_mean': 7138.79575137292, 'rho_terminal_abs_max': 35204.51355202134, 'loss_old': 0.1558705488659488, 'loss_new': 0.22779189309247072, 'lambda_new_current': 1.0}
val: {'epoch': 112, 'time_epoch': 0.27887, 'loss': 0.38500105, 'lr': 0, 'params': 332673, 'time_iter': 0.01115, 'mae': 1334.01196, 'r2': 0.94649, 'mse': 4009946.75, 'rmse': 2002.48511, 'wmape': 0.09874, 'spearmanr': 0.97092, 'mae_norm': 0.16515, 'r2_norm': 0.94649, 'mse_norm': 0.06145, 'rmse_norm': 0.2479, 'wmape_norm': 0.19463, 'spearmanr_norm': 0.97092, 'mae_real': 1334.01196, 'r2_real': 0.94649, 'mse_real': 4009946.75, 'rmse_real': 2002.48511, 'wmape_real': 0.09874, 'spearmanr_real': 0.97092, 'loss_sup': 0.38500104803921387, 'loss_data': 0.38500104803921387, 'loss_con': 1.3464137269854128, 'lambda_con': 0.0, 'rho_terminal_abs_mean': 7214.272258347876, 'rho_terminal_abs_max': 34535.31626298098, 'loss_old': 0.15300883818629532, 'loss_new': 0.23199221046006085, 'lambda_new_current': 1.0}
test: {'epoch': 112, 'time_epoch': 0.27719, 'loss': 0.38535999, 'lr': 0, 'params': 332673, 'time_iter': 0.01109, 'mae': 1337.87952, 'r2': 0.94635, 'mse': 4014261.0, 'rmse': 2003.56213, 'wmape': 0.09908, 'spearmanr': 0.97126, 'mae_norm': 0.16562, 'r2_norm': 0.94635, 'mse_norm': 0.06152, 'rmse_norm': 0.24803, 'wmape_norm': 0.19515, 'spearmanr_norm': 0.97126, 'mae_real': 1337.87952, 'r2_real': 0.94635, 'mse_real': 4014261.0, 'rmse_real': 2003.56213, 'wmape_real': 0.09908, 'spearmanr_real': 0.97126, 'loss_sup': 0.385359992129822, 'loss_data': 0.385359992129822, 'loss_con': 1.3334463921377697, 'lambda_con': 0.0, 'rho_terminal_abs_mean': 7164.751165231898, 'rho_terminal_abs_max': 34420.7450313932, 'loss_old': 0.1535686177107971, 'loss_new': 0.23179137084388116, 'lambda_new_current': 1.0}
> Epoch 112: took 2.5s (avg 2.4s) | Best so far: epoch 110	train_loss: 0.3844	val_loss: 0.3833	test_loss: 0.3832	val_rmse_norm: 0.2460
train: {'epoch': 113, 'time_epoch': 1.49285, 'eta': 123.64711, 'eta_hours': 0.03435, 'loss': 0.38346436, 'lr': 0.00043405, 'params': 332673, 'time_iter': 0.0199, 'mae': 1348.29175, 'r2': 0.94566, 'mse': 4052878.75, 'rmse': 2013.17627, 'wmape': 0.09989, 'spearmanr': 0.97087, 'mae_norm': 0.16691, 'r2_norm': 0.94566, 'mse_norm': 0.06211, 'rmse_norm': 0.24922, 'wmape_norm': 0.19695, 'spearmanr_norm': 0.97087, 'mae_real': 1348.29175, 'r2_real': 0.94566, 'mse_real': 4052878.75, 'rmse_real': 2013.17627, 'wmape_real': 0.09989, 'spearmanr_real': 0.97087, 'loss_sup': 0.3834643552948491, 'loss_data': 0.3834643552948491, 'loss_con': 1.314671098357258, 'lambda_con': 0.0, 'rho_terminal_abs_mean': 7119.171668091708, 'rho_terminal_abs_max': 35094.271924764114, 'loss_old': 0.15586747250119976, 'loss_new': 0.22759688378752727, 'lambda_new_current': 1.0}
val: {'epoch': 113, 'time_epoch': 0.27664, 'loss': 0.38442466, 'lr': 0, 'params': 332673, 'time_iter': 0.01107, 'mae': 1328.70117, 'r2': 0.94729, 'mse': 3949840.5, 'rmse': 1987.42053, 'wmape': 0.09834, 'spearmanr': 0.97144, 'mae_norm': 0.16449, 'r2_norm': 0.94729, 'mse_norm': 0.06053, 'rmse_norm': 0.24604, 'wmape_norm': 0.19386, 'spearmanr_norm': 0.97144, 'mae_real': 1328.70117, 'r2_real': 0.94729, 'mse_real': 3949840.5, 'rmse_real': 1987.42053, 'wmape_real': 0.09834, 'spearmanr_real': 0.97144, 'loss_sup': 0.3844246638490096, 'loss_data': 0.3844246638490096, 'loss_con': 1.28939545735222, 'lambda_con': 0.0, 'rho_terminal_abs_mean': 7078.114054728111, 'rho_terminal_abs_max': 33940.16982972617, 'loss_old': 0.15218749808149257, 'loss_new': 0.232237167555876, 'lambda_new_current': 1.0}
test: {'epoch': 113, 'time_epoch': 0.27537, 'loss': 0.38451769, 'lr': 0, 'params': 332673, 'time_iter': 0.01101, 'mae': 1331.48083, 'r2': 0.94706, 'mse': 3961140.75, 'rmse': 1990.26147, 'wmape': 0.0986, 'spearmanr': 0.97175, 'mae_norm': 0.16483, 'r2_norm': 0.94706, 'mse_norm': 0.06071, 'rmse_norm': 0.24639, 'wmape_norm': 0.19421, 'spearmanr_norm': 0.97175, 'mae_real': 1331.48083, 'r2_real': 0.94706, 'mse_real': 3961140.75, 'rmse_real': 1990.26147, 'wmape_real': 0.0986, 'spearmanr_real': 0.97175, 'loss_sup': 0.3845176884094646, 'loss_data': 0.3845176884094646, 'loss_con': 1.2771108795725437, 'lambda_con': 0.0, 'rho_terminal_abs_mean': 7028.367373030732, 'rho_terminal_abs_max': 34093.859505687855, 'loss_old': 0.15261091400079815, 'loss_new': 0.2319067738143162, 'lambda_new_current': 1.0}
> Epoch 113: took 2.5s (avg 2.4s) | Best so far: epoch 113	train_loss: 0.3835	val_loss: 0.3844	test_loss: 0.3845	val_rmse_norm: 0.2460
train: {'epoch': 114, 'time_epoch': 1.49793, 'eta': 122.25383, 'eta_hours': 0.03396, 'loss': 0.38297777, 'lr': 0.00042587, 'params': 332673, 'time_iter': 0.01997, 'mae': 1347.63245, 'r2': 0.94577, 'mse': 4044756.75, 'rmse': 2011.15808, 'wmape': 0.09984, 'spearmanr': 0.97097, 'mae_norm': 0.16683, 'r2_norm': 0.94577, 'mse_norm': 0.06199, 'rmse_norm': 0.24897, 'wmape_norm': 0.19685, 'spearmanr_norm': 0.97097, 'mae_real': 1347.63245, 'r2_real': 0.94577, 'mse_real': 4044756.75, 'rmse_real': 2011.15808, 'wmape_real': 0.09984, 'spearmanr_real': 0.97097, 'loss_sup': 0.38297777420359724, 'loss_data': 0.38297777420359724, 'loss_con': 1.3207614435236186, 'lambda_con': 0.0, 'rho_terminal_abs_mean': 7139.9791696558095, 'rho_terminal_abs_max': 34817.8589617271, 'loss_old': 0.15585938318092415, 'loss_new': 0.2271183912186376, 'lambda_new_current': 1.0}
val: {'epoch': 114, 'time_epoch': 0.27569, 'loss': 0.38234401, 'lr': 0, 'params': 332673, 'time_iter': 0.01103, 'mae': 1327.78894, 'r2': 0.94714, 'mse': 3961011.75, 'rmse': 1990.22913, 'wmape': 0.09828, 'spearmanr': 0.97125, 'mae_norm': 0.16438, 'r2_norm': 0.94714, 'mse_norm': 0.0607, 'rmse_norm': 0.24638, 'wmape_norm': 0.19373, 'spearmanr_norm': 0.97125, 'mae_real': 1327.78894, 'r2_real': 0.94714, 'mse_real': 3961011.75, 'rmse_real': 1990.22913, 'wmape_real': 0.09828, 'spearmanr_real': 0.97125, 'loss_sup': 0.38234400906510757, 'loss_data': 0.38234400906510757, 'loss_con': 1.3335988197967996, 'lambda_con': 0.0, 'rho_terminal_abs_mean': 7189.543719841049, 'rho_terminal_abs_max': 34684.7411252615, 'loss_old': 0.15248511950017404, 'loss_new': 0.22985889195650408, 'lambda_new_current': 1.0}
test: {'epoch': 114, 'time_epoch': 0.27618, 'loss': 0.38261268, 'lr': 0, 'params': 332673, 'time_iter': 0.01105, 'mae': 1331.91345, 'r2': 0.94694, 'mse': 3969842.0, 'rmse': 1992.44629, 'wmape': 0.09864, 'spearmanr': 0.97158, 'mae_norm': 0.16489, 'r2_norm': 0.94694, 'mse_norm': 0.06084, 'rmse_norm': 0.24666, 'wmape_norm': 0.19428, 'spearmanr_norm': 0.97158, 'mae_real': 1331.91345, 'r2_real': 0.94694, 'mse_real': 3969842.0, 'rmse_real': 1992.44629, 'wmape_real': 0.09864, 'spearmanr_real': 0.97158, 'loss_sup': 0.3826126812026489, 'loss_data': 0.3826126812026489, 'loss_con': 1.319499494477142, 'lambda_con': 0.0, 'rho_terminal_abs_mean': 7137.953073250831, 'rho_terminal_abs_max': 34477.23228486077, 'loss_old': 0.1531125077354998, 'loss_new': 0.22950017466495418, 'lambda_new_current': 1.0}
> Epoch 114: took 2.5s (avg 2.4s) | Best so far: epoch 113	train_loss: 0.3835	val_loss: 0.3844	test_loss: 0.3845	val_rmse_norm: 0.2460
train: {'epoch': 115, 'time_epoch': 1.49586, 'eta': 120.85724, 'eta_hours': 0.03357, 'loss': 0.38194638, 'lr': 0.0004177, 'params': 332673, 'time_iter': 0.01994, 'mae': 1345.69568, 'r2': 0.94596, 'mse': 4030338.75, 'rmse': 2007.57031, 'wmape': 0.0997, 'spearmanr': 0.97106, 'mae_norm': 0.16659, 'r2_norm': 0.94596, 'mse_norm': 0.06177, 'rmse_norm': 0.24853, 'wmape_norm': 0.19657, 'spearmanr_norm': 0.97106, 'mae_real': 1345.69568, 'r2_real': 0.94596, 'mse_real': 4030338.75, 'rmse_real': 2007.57031, 'wmape_real': 0.0997, 'spearmanr_real': 0.97106, 'loss_sup': 0.38194637809980425, 'loss_data': 0.38194637809980425, 'loss_con': 1.3213233485177058, 'lambda_con': 0.0, 'rho_terminal_abs_mean': 7131.844945534782, 'rho_terminal_abs_max': 35850.895743025896, 'loss_old': 0.15574175768288898, 'loss_new': 0.22620461982145348, 'lambda_new_current': 1.0}
val: {'epoch': 115, 'time_epoch': 0.27529, 'loss': 0.38211108, 'lr': 0, 'params': 332673, 'time_iter': 0.01101, 'mae': 1327.49438, 'r2': 0.94747, 'mse': 3936700.25, 'rmse': 1984.11194, 'wmape': 0.09825, 'spearmanr': 0.97142, 'mae_norm': 0.16434, 'r2_norm': 0.94747, 'mse_norm': 0.06033, 'rmse_norm': 0.24563, 'wmape_norm': 0.19368, 'spearmanr_norm': 0.97142, 'mae_real': 1327.49438, 'r2_real': 0.94747, 'mse_real': 3936700.25, 'rmse_real': 1984.11194, 'wmape_real': 0.09825, 'spearmanr_real': 0.97142, 'loss_sup': 0.3821110833207254, 'loss_data': 0.3821110833207254, 'loss_con': 1.331506040304734, 'lambda_con': 0.0, 'rho_terminal_abs_mean': 7204.215245146959, 'rho_terminal_abs_max': 34078.75440085074, 'loss_old': 0.1524845318716729, 'loss_new': 0.22962655145142344, 'lambda_new_current': 1.0}
test: {'epoch': 115, 'time_epoch': 0.27696, 'loss': 0.38277787, 'lr': 0, 'params': 332673, 'time_iter': 0.01108, 'mae': 1332.05481, 'r2': 0.9472, 'mse': 3951109.75, 'rmse': 1987.73987, 'wmape': 0.09865, 'spearmanr': 0.97168, 'mae_norm': 0.1649, 'r2_norm': 0.9472, 'mse_norm': 0.06055, 'rmse_norm': 0.24608, 'wmape_norm': 0.1943, 'spearmanr_norm': 0.97168, 'mae_real': 1332.05481, 'r2_real': 0.9472, 'mse_real': 3951109.75, 'rmse_real': 1987.73987, 'wmape_real': 0.09865, 'spearmanr_real': 0.97168, 'loss_sup': 0.3827778675597041, 'loss_data': 0.3827778675597041, 'loss_con': 1.3187680515156726, 'lambda_con': 0.0, 'rho_terminal_abs_mean': 7160.160531774255, 'rho_terminal_abs_max': 34176.39653675149, 'loss_old': 0.15310077920684842, 'loss_new': 0.229677086565315, 'lambda_new_current': 1.0}
> Epoch 115: took 2.5s (avg 2.4s) | Best so far: epoch 115	train_loss: 0.3819	val_loss: 0.3821	test_loss: 0.3828	val_rmse_norm: 0.2456
train: {'epoch': 116, 'time_epoch': 1.48691, 'eta': 119.45261, 'eta_hours': 0.03318, 'loss': 0.38139509, 'lr': 0.00040956, 'params': 332673, 'time_iter': 0.01983, 'mae': 1345.10266, 'r2': 0.94613, 'mse': 4017950.25, 'rmse': 2004.48254, 'wmape': 0.09965, 'spearmanr': 0.97114, 'mae_norm': 0.16652, 'r2_norm': 0.94613, 'mse_norm': 0.06158, 'rmse_norm': 0.24815, 'wmape_norm': 0.19648, 'spearmanr_norm': 0.97114, 'mae_real': 1345.10266, 'r2_real': 0.94613, 'mse_real': 4017950.25, 'rmse_real': 2004.48254, 'wmape_real': 0.09965, 'spearmanr_real': 0.97114, 'loss_sup': 0.3813950906221737, 'loss_data': 0.3813950906221737, 'loss_con': 1.3155880224878762, 'lambda_con': 0.0, 'rho_terminal_abs_mean': 7132.358013345706, 'rho_terminal_abs_max': 34991.84835322935, 'loss_old': 0.15575768370659382, 'loss_new': 0.22563740533037782, 'lambda_new_current': 1.0}
val: {'epoch': 116, 'time_epoch': 0.27502, 'loss': 0.38410632, 'lr': 0, 'params': 332673, 'time_iter': 0.011, 'mae': 1330.77808, 'r2': 0.9474, 'mse': 3941999.25, 'rmse': 1985.4469, 'wmape': 0.0985, 'spearmanr': 0.97146, 'mae_norm': 0.16475, 'r2_norm': 0.9474, 'mse_norm': 0.06041, 'rmse_norm': 0.24579, 'wmape_norm': 0.19416, 'spearmanr_norm': 0.97146, 'mae_real': 1330.77808, 'r2_real': 0.9474, 'mse_real': 3941999.25, 'rmse_real': 1985.4469, 'wmape_real': 0.0985, 'spearmanr_real': 0.97146, 'loss_sup': 0.3841063161282067, 'loss_data': 0.3841063161282067, 'loss_con': 1.2976172063352365, 'lambda_con': 0.0, 'rho_terminal_abs_mean': 7088.758422603669, 'rho_terminal_abs_max': 33990.37697176248, 'loss_old': 0.15262844529909173, 'loss_new': 0.23147786725919786, 'lambda_new_current': 1.0}
test: {'epoch': 116, 'time_epoch': 0.27304, 'loss': 0.38405418, 'lr': 0, 'params': 332673, 'time_iter': 0.01092, 'mae': 1333.90576, 'r2': 0.94722, 'mse': 3949597.5, 'rmse': 1987.35938, 'wmape': 0.09878, 'spearmanr': 0.97176, 'mae_norm': 0.16513, 'r2_norm': 0.94722, 'mse_norm': 0.06053, 'rmse_norm': 0.24603, 'wmape_norm': 0.19457, 'spearmanr_norm': 0.97176, 'mae_real': 1333.90576, 'r2_real': 0.94722, 'mse_real': 3949597.5, 'rmse_real': 1987.35938, 'wmape_real': 0.09878, 'spearmanr_real': 0.97176, 'loss_sup': 0.38405418186031, 'loss_data': 0.38405418186031, 'loss_con': 1.2830922904894309, 'lambda_con': 0.0, 'rho_terminal_abs_mean': 7039.328708587587, 'rho_terminal_abs_max': 34280.20250521149, 'loss_old': 0.1531476261184673, 'loss_new': 0.23090655693771456, 'lambda_new_current': 1.0}
> Epoch 116: took 2.5s (avg 2.4s) | Best so far: epoch 115	train_loss: 0.3819	val_loss: 0.3821	test_loss: 0.3828	val_rmse_norm: 0.2456
train: {'epoch': 117, 'time_epoch': 1.48618, 'eta': 118.04608, 'eta_hours': 0.03279, 'loss': 0.38171943, 'lr': 0.00040144, 'params': 332673, 'time_iter': 0.01982, 'mae': 1345.46631, 'r2': 0.94606, 'mse': 4023417.25, 'rmse': 2005.84583, 'wmape': 0.09968, 'spearmanr': 0.97104, 'mae_norm': 0.16656, 'r2_norm': 0.94606, 'mse_norm': 0.06166, 'rmse_norm': 0.24832, 'wmape_norm': 0.19653, 'spearmanr_norm': 0.97104, 'mae_real': 1345.46631, 'r2_real': 0.94606, 'mse_real': 4023417.25, 'rmse_real': 2005.84583, 'wmape_real': 0.09968, 'spearmanr_real': 0.97104, 'loss_sup': 0.38171943454041707, 'loss_data': 0.38171943454041707, 'loss_con': 1.3224094583524053, 'lambda_con': 0.0, 'rho_terminal_abs_mean': 7139.004752893815, 'rho_terminal_abs_max': 35661.84373978577, 'loss_old': 0.155750483365903, 'loss_new': 0.225968953357964, 'lambda_new_current': 1.0}
val: {'epoch': 117, 'time_epoch': 0.27338, 'loss': 0.38308875, 'lr': 0, 'params': 332673, 'time_iter': 0.01094, 'mae': 1326.91663, 'r2': 0.94698, 'mse': 3972969.5, 'rmse': 1993.23096, 'wmape': 0.09821, 'spearmanr': 0.97124, 'mae_norm': 0.16427, 'r2_norm': 0.94698, 'mse_norm': 0.06089, 'rmse_norm': 0.24675, 'wmape_norm': 0.1936, 'spearmanr_norm': 0.97124, 'mae_real': 1326.91663, 'r2_real': 0.94698, 'mse_real': 3972969.5, 'rmse_real': 1993.23096, 'wmape_real': 0.09821, 'spearmanr_real': 0.97124, 'loss_sup': 0.3830887460276712, 'loss_data': 0.3830887460276712, 'loss_con': 1.358209703135001, 'lambda_con': 0.0, 'rho_terminal_abs_mean': 7197.08433790658, 'rho_terminal_abs_max': 35859.955741321784, 'loss_old': 0.15216514702489728, 'loss_new': 0.23092359900558154, 'lambda_new_current': 1.0}
test: {'epoch': 117, 'time_epoch': 0.27433, 'loss': 0.38227268, 'lr': 0, 'params': 332673, 'time_iter': 0.01097, 'mae': 1329.20239, 'r2': 0.94689, 'mse': 3973788.75, 'rmse': 1993.4364, 'wmape': 0.09844, 'spearmanr': 0.97165, 'mae_norm': 0.16455, 'r2_norm': 0.94689, 'mse_norm': 0.0609, 'rmse_norm': 0.24678, 'wmape_norm': 0.19388, 'spearmanr_norm': 0.97165, 'mae_real': 1329.20239, 'r2_real': 0.94689, 'mse_real': 3973788.75, 'rmse_real': 1993.4364, 'wmape_real': 0.09844, 'spearmanr_real': 0.97165, 'loss_sup': 0.38227268416093185, 'loss_data': 0.38227268416093185, 'loss_con': 1.345253369518898, 'lambda_con': 0.0, 'rho_terminal_abs_mean': 7150.267720511331, 'rho_terminal_abs_max': 35696.51128388942, 'loss_old': 0.15270400475364143, 'loss_new': 0.229568681790678, 'lambda_new_current': 1.0}
> Epoch 117: took 2.5s (avg 2.4s) | Best so far: epoch 115	train_loss: 0.3819	val_loss: 0.3821	test_loss: 0.3828	val_rmse_norm: 0.2456
train: {'epoch': 118, 'time_epoch': 1.48427, 'eta': 116.6369, 'eta_hours': 0.0324, 'loss': 0.38109567, 'lr': 0.00039335, 'params': 332673, 'time_iter': 0.01979, 'mae': 1345.39392, 'r2': 0.94611, 'mse': 4019112.0, 'rmse': 2004.77234, 'wmape': 0.09967, 'spearmanr': 0.97113, 'mae_norm': 0.16655, 'r2_norm': 0.94611, 'mse_norm': 0.0616, 'rmse_norm': 0.24818, 'wmape_norm': 0.19652, 'spearmanr_norm': 0.97113, 'mae_real': 1345.39392, 'r2_real': 0.94611, 'mse_real': 4019112.0, 'rmse_real': 2004.77234, 'wmape_real': 0.09967, 'spearmanr_real': 0.97113, 'loss_sup': 0.38109567482504986, 'loss_data': 0.38109567482504986, 'loss_con': 1.320726538263423, 'lambda_con': 0.0, 'rho_terminal_abs_mean': 7131.913728268821, 'rho_terminal_abs_max': 35518.02113567957, 'loss_old': 0.1558808630827777, 'loss_new': 0.22521481173817615, 'lambda_new_current': 1.0}
val: {'epoch': 118, 'time_epoch': 0.27316, 'loss': 0.38330284, 'lr': 0, 'params': 332673, 'time_iter': 0.01093, 'mae': 1330.07971, 'r2': 0.94733, 'mse': 3946930.5, 'rmse': 1986.68835, 'wmape': 0.09845, 'spearmanr': 0.9714, 'mae_norm': 0.16466, 'r2_norm': 0.94733, 'mse_norm': 0.06049, 'rmse_norm': 0.24594, 'wmape_norm': 0.19406, 'spearmanr_norm': 0.9714, 'mae_real': 1330.07971, 'r2_real': 0.94733, 'mse_real': 3946930.5, 'rmse_real': 1986.68835, 'wmape_real': 0.09845, 'spearmanr_real': 0.9714, 'loss_sup': 0.38330283507623186, 'loss_data': 0.38330283507623186, 'loss_con': 1.2743681673278269, 'lambda_con': 0.0, 'rho_terminal_abs_mean': 7023.807180300402, 'rho_terminal_abs_max': 34025.19801758495, 'loss_old': 0.1526820107165992, 'loss_new': 0.2306208213865007, 'lambda_new_current': 1.0}
test: {'epoch': 118, 'time_epoch': 0.27236, 'loss': 0.38217677, 'lr': 0, 'params': 332673, 'time_iter': 0.01089, 'mae': 1331.97595, 'r2': 0.94726, 'mse': 3945918.25, 'rmse': 1986.43359, 'wmape': 0.09864, 'spearmanr': 0.97178, 'mae_norm': 0.16489, 'r2_norm': 0.94726, 'mse_norm': 0.06047, 'rmse_norm': 0.24591, 'wmape_norm': 0.19429, 'spearmanr_norm': 0.97178, 'mae_real': 1331.97595, 'r2_real': 0.94726, 'mse_real': 3945918.25, 'rmse_real': 1986.43359, 'wmape_real': 0.09864, 'spearmanr_real': 0.97178, 'loss_sup': 0.3821767745622445, 'loss_data': 0.3821767745622445, 'loss_con': 1.2618856398649367, 'lambda_con': 0.0, 'rho_terminal_abs_mean': 6976.916338480555, 'rho_terminal_abs_max': 33870.01303413725, 'loss_old': 0.15322212941894867, 'loss_new': 0.2289546433523254, 'lambda_new_current': 1.0}
> Epoch 118: took 2.5s (avg 2.4s) | Best so far: epoch 115	train_loss: 0.3819	val_loss: 0.3821	test_loss: 0.3828	val_rmse_norm: 0.2456
train: {'epoch': 119, 'time_epoch': 1.48185, 'eta': 115.22487, 'eta_hours': 0.03201, 'loss': 0.38056436, 'lr': 0.00038529, 'params': 332673, 'time_iter': 0.01976, 'mae': 1344.46545, 'r2': 0.94621, 'mse': 4012301.0, 'rmse': 2003.07288, 'wmape': 0.09961, 'spearmanr': 0.97117, 'mae_norm': 0.16644, 'r2_norm': 0.94621, 'mse_norm': 0.06149, 'rmse_norm': 0.24797, 'wmape_norm': 0.19639, 'spearmanr_norm': 0.97117, 'mae_real': 1344.46545, 'r2_real': 0.94621, 'mse_real': 4012301.0, 'rmse_real': 2003.07288, 'wmape_real': 0.09961, 'spearmanr_real': 0.97117, 'loss_sup': 0.3805643598845559, 'loss_data': 0.3805643598845559, 'loss_con': 1.316338416243711, 'lambda_con': 0.0, 'rho_terminal_abs_mean': 7124.325256264707, 'rho_terminal_abs_max': 35113.299807581716, 'loss_old': 0.15582912148452838, 'loss_new': 0.22473523740592097, 'lambda_new_current': 1.0}
val: {'epoch': 119, 'time_epoch': 0.27339, 'loss': 0.38175359, 'lr': 0, 'params': 332673, 'time_iter': 0.01094, 'mae': 1326.07605, 'r2': 0.94725, 'mse': 3952819.25, 'rmse': 1988.1698, 'wmape': 0.09815, 'spearmanr': 0.97143, 'mae_norm': 0.16416, 'r2_norm': 0.94725, 'mse_norm': 0.06058, 'rmse_norm': 0.24613, 'wmape_norm': 0.19348, 'spearmanr_norm': 0.97143, 'mae_real': 1326.07605, 'r2_real': 0.94725, 'mse_real': 3952819.25, 'rmse_real': 1988.1698, 'wmape_real': 0.09815, 'spearmanr_real': 0.97143, 'loss_sup': 0.38175358999983355, 'loss_data': 0.38175358999983355, 'loss_con': 1.331269507669612, 'lambda_con': 0.0, 'rho_terminal_abs_mean': 7206.135034641842, 'rho_terminal_abs_max': 33798.51192471915, 'loss_old': 0.15231086653895187, 'loss_new': 0.2294427210776717, 'lambda_new_current': 1.0}
test: {'epoch': 119, 'time_epoch': 0.27213, 'loss': 0.38144829, 'lr': 0, 'params': 332673, 'time_iter': 0.01089, 'mae': 1329.078, 'r2': 0.94714, 'mse': 3955059.25, 'rmse': 1988.73303, 'wmape': 0.09843, 'spearmanr': 0.97179, 'mae_norm': 0.16454, 'r2_norm': 0.94714, 'mse_norm': 0.06061, 'rmse_norm': 0.2462, 'wmape_norm': 0.19386, 'spearmanr_norm': 0.97179, 'mae_real': 1329.078, 'r2_real': 0.94714, 'mse_real': 3955059.25, 'rmse_real': 1988.73303, 'wmape_real': 0.09843, 'spearmanr_real': 0.97179, 'loss_sup': 0.3814482852150268, 'loss_data': 0.3814482852150268, 'loss_con': 1.3206133676491694, 'lambda_con': 0.0, 'rho_terminal_abs_mean': 7164.426571540012, 'rho_terminal_abs_max': 33604.0378384365, 'loss_old': 0.1528639036785179, 'loss_new': 0.22858437855191152, 'lambda_new_current': 1.0}
> Epoch 119: took 2.5s (avg 2.4s) | Best so far: epoch 115	train_loss: 0.3819	val_loss: 0.3821	test_loss: 0.3828	val_rmse_norm: 0.2456
train: {'epoch': 120, 'time_epoch': 1.47915, 'eta': 113.80991, 'eta_hours': 0.03161, 'loss': 0.3804533, 'lr': 0.00037726, 'params': 332673, 'time_iter': 0.01972, 'mae': 1342.91333, 'r2': 0.94619, 'mse': 4013373.0, 'rmse': 2003.34045, 'wmape': 0.09949, 'spearmanr': 0.97116, 'mae_norm': 0.16625, 'r2_norm': 0.94619, 'mse_norm': 0.06151, 'rmse_norm': 0.24801, 'wmape_norm': 0.19616, 'spearmanr_norm': 0.97116, 'mae_real': 1342.91333, 'r2_real': 0.94619, 'mse_real': 4013373.0, 'rmse_real': 2003.34045, 'wmape_real': 0.09949, 'spearmanr_real': 0.97116, 'loss_sup': 0.3804533033424911, 'loss_data': 0.3804533033424911, 'loss_con': 1.321085363582817, 'lambda_con': 0.0, 'rho_terminal_abs_mean': 7136.706508172789, 'rho_terminal_abs_max': 35159.72737116272, 'loss_old': 0.1555762635781413, 'loss_new': 0.22487704234446934, 'lambda_new_current': 1.0}
val: {'epoch': 120, 'time_epoch': 0.27307, 'loss': 0.38280708, 'lr': 0, 'params': 332673, 'time_iter': 0.01092, 'mae': 1328.12866, 'r2': 0.94761, 'mse': 3925663.75, 'rmse': 1981.32874, 'wmape': 0.0983, 'spearmanr': 0.97156, 'mae_norm': 0.16442, 'r2_norm': 0.94761, 'mse_norm': 0.06016, 'rmse_norm': 0.24528, 'wmape_norm': 0.19378, 'spearmanr_norm': 0.97156, 'mae_real': 1328.12866, 'r2_real': 0.94761, 'mse_real': 3925663.75, 'rmse_real': 1981.32874, 'wmape_real': 0.0983, 'spearmanr_real': 0.97156, 'loss_sup': 0.38280708480874776, 'loss_data': 0.38280708480874776, 'loss_con': 1.2592719150955487, 'lambda_con': 0.0, 'rho_terminal_abs_mean': 6989.232905942576, 'rho_terminal_abs_max': 33729.36985210424, 'loss_old': 0.1524457792988899, 'loss_new': 0.23036130313326153, 'lambda_new_current': 1.0}
test: {'epoch': 120, 'time_epoch': 0.27396, 'loss': 0.38233739, 'lr': 0, 'params': 332673, 'time_iter': 0.01096, 'mae': 1330.43445, 'r2': 0.94749, 'mse': 3928882.25, 'rmse': 1982.14087, 'wmape': 0.09853, 'spearmanr': 0.97192, 'mae_norm': 0.1647, 'r2_norm': 0.94749, 'mse_norm': 0.06021, 'rmse_norm': 0.24538, 'wmape_norm': 0.19406, 'spearmanr_norm': 0.97192, 'mae_real': 1330.43445, 'r2_real': 0.94749, 'mse_real': 3928882.25, 'rmse_real': 1982.14087, 'wmape_real': 0.09853, 'spearmanr_real': 0.97192, 'loss_sup': 0.38233738832286573, 'loss_data': 0.38233738832286573, 'loss_con': 1.2460159778864364, 'lambda_con': 0.0, 'rho_terminal_abs_mean': 6940.831001648944, 'rho_terminal_abs_max': 34075.88712125943, 'loss_old': 0.15291029718426027, 'loss_new': 0.22942709054456703, 'lambda_new_current': 1.0}
> Epoch 120: took 2.5s (avg 2.4s) | Best so far: epoch 120	train_loss: 0.3805	val_loss: 0.3828	test_loss: 0.3823	val_rmse_norm: 0.2453
train: {'epoch': 121, 'time_epoch': 1.48525, 'eta': 112.39781, 'eta_hours': 0.03122, 'loss': 0.38129697, 'lr': 0.00036926, 'params': 332673, 'time_iter': 0.0198, 'mae': 1345.62378, 'r2': 0.94609, 'mse': 4020960.0, 'rmse': 2005.23315, 'wmape': 0.09969, 'spearmanr': 0.97112, 'mae_norm': 0.16658, 'r2_norm': 0.94609, 'mse_norm': 0.06162, 'rmse_norm': 0.24824, 'wmape_norm': 0.19656, 'spearmanr_norm': 0.97112, 'mae_real': 1345.62378, 'r2_real': 0.94609, 'mse_real': 4020960.0, 'rmse_real': 2005.23315, 'wmape_real': 0.09969, 'spearmanr_real': 0.97112, 'loss_sup': 0.381296972880227, 'loss_data': 0.381296972880227, 'loss_con': 1.3196230970708964, 'lambda_con': 0.0, 'rho_terminal_abs_mean': 7135.6895128426695, 'rho_terminal_abs_max': 35137.296008859084, 'loss_old': 0.15587483338394958, 'loss_new': 0.22542213949675566, 'lambda_new_current': 1.0}
val: {'epoch': 121, 'time_epoch': 0.27333, 'loss': 0.38442404, 'lr': 0, 'params': 332673, 'time_iter': 0.01093, 'mae': 1334.06738, 'r2': 0.94782, 'mse': 3909868.0, 'rmse': 1977.33862, 'wmape': 0.09874, 'spearmanr': 0.97171, 'mae_norm': 0.16515, 'r2_norm': 0.94782, 'mse_norm': 0.05992, 'rmse_norm': 0.24479, 'wmape_norm': 0.19464, 'spearmanr_norm': 0.97171, 'mae_real': 1334.06738, 'r2_real': 0.94782, 'mse_real': 3909868.0, 'rmse_real': 1977.33862, 'wmape_real': 0.09874, 'spearmanr_real': 0.97171, 'loss_sup': 0.3844240374833792, 'loss_data': 0.3844240374833792, 'loss_con': 1.2649633258537363, 'lambda_con': 0.0, 'rho_terminal_abs_mean': 6983.718281895729, 'rho_terminal_abs_max': 34122.78650009526, 'loss_old': 0.1531464287290551, 'loss_new': 0.23127760815816284, 'lambda_new_current': 1.0}
test: {'epoch': 121, 'time_epoch': 0.2725, 'loss': 0.3837057, 'lr': 0, 'params': 332673, 'time_iter': 0.0109, 'mae': 1335.97363, 'r2': 0.94775, 'mse': 3909868.0, 'rmse': 1977.33862, 'wmape': 0.09894, 'spearmanr': 0.97208, 'mae_norm': 0.16539, 'r2_norm': 0.94775, 'mse_norm': 0.05992, 'rmse_norm': 0.24479, 'wmape_norm': 0.19487, 'spearmanr_norm': 0.97208, 'mae_real': 1335.97363, 'r2_real': 0.94775, 'mse_real': 3909868.0, 'rmse_real': 1977.33862, 'wmape_real': 0.09894, 'spearmanr_real': 0.97208, 'loss_sup': 0.3837057008688609, 'loss_data': 0.3837057008688609, 'loss_con': 1.2524416679312402, 'lambda_con': 0.0, 'rho_terminal_abs_mean': 6939.045119429113, 'rho_terminal_abs_max': 34144.61401989097, 'loss_old': 0.15359571539532035, 'loss_new': 0.23010998249037742, 'lambda_new_current': 1.0}
> Epoch 121: took 2.5s (avg 2.4s) | Best so far: epoch 121	train_loss: 0.3813	val_loss: 0.3844	test_loss: 0.3837	val_rmse_norm: 0.2448
train: {'epoch': 122, 'time_epoch': 1.48242, 'eta': 110.98274, 'eta_hours': 0.03083, 'loss': 0.37984879, 'lr': 0.0003613, 'params': 332673, 'time_iter': 0.01977, 'mae': 1341.91821, 'r2': 0.94633, 'mse': 4002877.5, 'rmse': 2000.71924, 'wmape': 0.09942, 'spearmanr': 0.97126, 'mae_norm': 0.16612, 'r2_norm': 0.94633, 'mse_norm': 0.06135, 'rmse_norm': 0.24768, 'wmape_norm': 0.19602, 'spearmanr_norm': 0.97126, 'mae_real': 1341.91821, 'r2_real': 0.94633, 'mse_real': 4002877.5, 'rmse_real': 2000.71924, 'wmape_real': 0.09942, 'spearmanr_real': 0.97126, 'loss_sup': 0.37984878828454227, 'loss_data': 0.37984878828454227, 'loss_con': 1.3195527499716413, 'lambda_con': 0.0, 'rho_terminal_abs_mean': 7135.168289292941, 'rho_terminal_abs_max': 35104.266926365686, 'loss_old': 0.1555357474356478, 'loss_new': 0.2243130410466055, 'lambda_new_current': 1.0}
val: {'epoch': 122, 'time_epoch': 0.27312, 'loss': 0.38053453, 'lr': 0, 'params': 332673, 'time_iter': 0.01092, 'mae': 1321.28027, 'r2': 0.94772, 'mse': 3917446.5, 'rmse': 1979.25403, 'wmape': 0.09779, 'spearmanr': 0.97157, 'mae_norm': 0.16357, 'r2_norm': 0.94772, 'mse_norm': 0.06004, 'rmse_norm': 0.24502, 'wmape_norm': 0.19278, 'spearmanr_norm': 0.97157, 'mae_real': 1321.28027, 'r2_real': 0.94772, 'mse_real': 3917446.5, 'rmse_real': 1979.25403, 'wmape_real': 0.09779, 'spearmanr_real': 0.97157, 'loss_sup': 0.38053453003649573, 'loss_data': 0.38053453003649573, 'loss_con': 1.3196376646737864, 'lambda_con': 0.0, 'rho_terminal_abs_mean': 7157.384886247309, 'rho_terminal_abs_max': 34184.21463605531, 'loss_old': 0.15172324073121798, 'loss_new': 0.22881128989052027, 'lambda_new_current': 1.0}
test: {'epoch': 122, 'time_epoch': 0.27236, 'loss': 0.37981506, 'lr': 0, 'params': 332673, 'time_iter': 0.01089, 'mae': 1323.57886, 'r2': 0.94768, 'mse': 3915059.25, 'rmse': 1978.65088, 'wmape': 0.09802, 'spearmanr': 0.97197, 'mae_norm': 0.16385, 'r2_norm': 0.94768, 'mse_norm': 0.06, 'rmse_norm': 0.24495, 'wmape_norm': 0.19306, 'spearmanr_norm': 0.97197, 'mae_real': 1323.57886, 'r2_real': 0.94768, 'mse_real': 3915059.25, 'rmse_real': 1978.65088, 'wmape_real': 0.09802, 'spearmanr_real': 0.97197, 'loss_sup': 0.3798150571483504, 'loss_data': 0.3798150571483504, 'loss_con': 1.3063567709641923, 'lambda_con': 0.0, 'rho_terminal_abs_mean': 7109.145953713582, 'rho_terminal_abs_max': 33877.74223351743, 'loss_old': 0.15224343881961058, 'loss_new': 0.2275716177332671, 'lambda_new_current': 1.0}
> Epoch 122: took 2.5s (avg 2.4s) | Best so far: epoch 121	train_loss: 0.3813	val_loss: 0.3844	test_loss: 0.3837	val_rmse_norm: 0.2448
train: {'epoch': 123, 'time_epoch': 1.48308, 'eta': 109.567, 'eta_hours': 0.03044, 'loss': 0.37932618, 'lr': 0.00035337, 'params': 332673, 'time_iter': 0.01977, 'mae': 1341.5907, 'r2': 0.94637, 'mse': 4000235.75, 'rmse': 2000.05896, 'wmape': 0.09939, 'spearmanr': 0.97126, 'mae_norm': 0.16608, 'r2_norm': 0.94637, 'mse_norm': 0.06131, 'rmse_norm': 0.2476, 'wmape_norm': 0.19597, 'spearmanr_norm': 0.97126, 'mae_real': 1341.5907, 'r2_real': 0.94637, 'mse_real': 4000235.75, 'rmse_real': 2000.05896, 'wmape_real': 0.09939, 'spearmanr_real': 0.97126, 'loss_sup': 0.3793261755205127, 'loss_data': 0.3793261755205127, 'loss_con': 1.3256654482432482, 'lambda_con': 0.0, 'rho_terminal_abs_mean': 7144.974270129365, 'rho_terminal_abs_max': 35339.307800645714, 'loss_old': 0.15559370947061585, 'loss_new': 0.22373246644710698, 'lambda_new_current': 1.0}
val: {'epoch': 123, 'time_epoch': 0.2727, 'loss': 0.38068178, 'lr': 0, 'params': 332673, 'time_iter': 0.01091, 'mae': 1321.41895, 'r2': 0.94748, 'mse': 3935407.5, 'rmse': 1983.78613, 'wmape': 0.09781, 'spearmanr': 0.97168, 'mae_norm': 0.16359, 'r2_norm': 0.94748, 'mse_norm': 0.06031, 'rmse_norm': 0.24559, 'wmape_norm': 0.1928, 'spearmanr_norm': 0.97168, 'mae_real': 1321.41895, 'r2_real': 0.94748, 'mse_real': 3935407.5, 'rmse_real': 1983.78613, 'wmape_real': 0.09781, 'spearmanr_real': 0.97168, 'loss_sup': 0.38068178208826886, 'loss_data': 0.38068178208826886, 'loss_con': 1.357386380825737, 'lambda_con': 0.0, 'rho_terminal_abs_mean': 7236.592904043007, 'rho_terminal_abs_max': 35482.91169649624, 'loss_old': 0.15171618587141542, 'loss_new': 0.22896559561726063, 'lambda_new_current': 1.0}
test: {'epoch': 123, 'time_epoch': 0.27419, 'loss': 0.38053483, 'lr': 0, 'params': 332673, 'time_iter': 0.01097, 'mae': 1324.93335, 'r2': 0.94738, 'mse': 3937381.0, 'rmse': 1984.28345, 'wmape': 0.09812, 'spearmanr': 0.97202, 'mae_norm': 0.16402, 'r2_norm': 0.94738, 'mse_norm': 0.06034, 'rmse_norm': 0.24565, 'wmape_norm': 0.19326, 'spearmanr_norm': 0.97202, 'mae_real': 1324.93335, 'r2_real': 0.94738, 'mse_real': 3937381.0, 'rmse_real': 1984.28345, 'wmape_real': 0.09812, 'spearmanr_real': 0.97202, 'loss_sup': 0.38053482729413185, 'loss_data': 0.38053482729413185, 'loss_con': 1.3428916332589058, 'lambda_con': 0.0, 'rho_terminal_abs_mean': 7185.552328865856, 'rho_terminal_abs_max': 35613.95439299665, 'loss_old': 0.15232599567879102, 'loss_new': 0.2282088298223125, 'lambda_new_current': 1.0}
> Epoch 123: took 2.5s (avg 2.4s) | Best so far: epoch 121	train_loss: 0.3813	val_loss: 0.3844	test_loss: 0.3837	val_rmse_norm: 0.2448
train: {'epoch': 124, 'time_epoch': 1.48576, 'eta': 108.15178, 'eta_hours': 0.03004, 'loss': 0.37902447, 'lr': 0.00034549, 'params': 332673, 'time_iter': 0.01981, 'mae': 1341.44226, 'r2': 0.9464, 'mse': 3997981.5, 'rmse': 1999.49536, 'wmape': 0.09938, 'spearmanr': 0.97128, 'mae_norm': 0.16607, 'r2_norm': 0.9464, 'mse_norm': 0.06127, 'rmse_norm': 0.24753, 'wmape_norm': 0.19595, 'spearmanr_norm': 0.97128, 'mae_real': 1341.44226, 'r2_real': 0.9464, 'mse_real': 3997981.5, 'rmse_real': 1999.49536, 'wmape_real': 0.09938, 'spearmanr_real': 0.97128, 'loss_sup': 0.3790244663014086, 'loss_data': 0.3790244663014086, 'loss_con': 1.3220381835256172, 'lambda_con': 0.0, 'rho_terminal_abs_mean': 7141.790830652907, 'rho_terminal_abs_max': 35510.54803738351, 'loss_old': 0.15562967507115105, 'loss_new': 0.22339479301782805, 'lambda_new_current': 1.0}
val: {'epoch': 124, 'time_epoch': 0.27393, 'loss': 0.37882088, 'lr': 0, 'params': 332673, 'time_iter': 0.01096, 'mae': 1318.302, 'r2': 0.94779, 'mse': 3912472.75, 'rmse': 1977.99719, 'wmape': 0.09757, 'spearmanr': 0.97179, 'mae_norm': 0.1632, 'r2_norm': 0.94779, 'mse_norm': 0.05996, 'rmse_norm': 0.24487, 'wmape_norm': 0.19234, 'spearmanr_norm': 0.97179, 'mae_real': 1318.302, 'r2_real': 0.94779, 'mse_real': 3912472.75, 'rmse_real': 1977.99719, 'wmape_real': 0.09757, 'spearmanr_real': 0.97179, 'loss_sup': 0.3788208763218122, 'loss_data': 0.3788208763218122, 'loss_con': 1.3185043653702246, 'lambda_con': 0.0, 'rho_terminal_abs_mean': 7142.757963462401, 'rho_terminal_abs_max': 34621.380461609035, 'loss_old': 0.1515708127334736, 'loss_new': 0.2272500641851238, 'lambda_new_current': 1.0}
test: {'epoch': 124, 'time_epoch': 0.27244, 'loss': 0.37858729, 'lr': 0, 'params': 332673, 'time_iter': 0.0109, 'mae': 1320.78577, 'r2': 0.94769, 'mse': 3914244.0, 'rmse': 1978.44482, 'wmape': 0.09781, 'spearmanr': 0.97212, 'mae_norm': 0.16351, 'r2_norm': 0.94769, 'mse_norm': 0.05999, 'rmse_norm': 0.24492, 'wmape_norm': 0.19265, 'spearmanr_norm': 0.97212, 'mae_real': 1320.78577, 'r2_real': 0.94769, 'mse_real': 3914244.0, 'rmse_real': 1978.44482, 'wmape_real': 0.09781, 'spearmanr_real': 0.97212, 'loss_sup': 0.3785872924239549, 'loss_data': 0.3785872924239549, 'loss_con': 1.305536224372079, 'lambda_con': 0.0, 'rho_terminal_abs_mean': 7094.455707875093, 'rho_terminal_abs_max': 34400.65596003301, 'loss_old': 0.1520170299296365, 'loss_new': 0.2265702601157325, 'lambda_new_current': 1.0}
> Epoch 124: took 2.5s (avg 2.4s) | Best so far: epoch 121	train_loss: 0.3813	val_loss: 0.3844	test_loss: 0.3837	val_rmse_norm: 0.2448
train: {'epoch': 125, 'time_epoch': 1.48974, 'eta': 106.73778, 'eta_hours': 0.02965, 'loss': 0.37783713, 'lr': 0.00033765, 'params': 332673, 'time_iter': 0.01986, 'mae': 1338.08582, 'r2': 0.94662, 'mse': 3981177.25, 'rmse': 1995.28882, 'wmape': 0.09913, 'spearmanr': 0.9714, 'mae_norm': 0.16565, 'r2_norm': 0.94662, 'mse_norm': 0.06101, 'rmse_norm': 0.24701, 'wmape_norm': 0.19546, 'spearmanr_norm': 0.9714, 'mae_real': 1338.08582, 'r2_real': 0.94662, 'mse_real': 3981177.25, 'rmse_real': 1995.28882, 'wmape_real': 0.09913, 'spearmanr_real': 0.9714, 'loss_sup': 0.37783713237800676, 'loss_data': 0.37783713237800676, 'loss_con': 1.324878525738971, 'lambda_con': 0.0, 'rho_terminal_abs_mean': 7143.008231845431, 'rho_terminal_abs_max': 35508.578504929494, 'loss_old': 0.1552914295487107, 'loss_new': 0.2225457036209926, 'lambda_new_current': 1.0}
val: {'epoch': 125, 'time_epoch': 0.27855, 'loss': 0.37946638, 'lr': 0, 'params': 332673, 'time_iter': 0.01114, 'mae': 1320.30383, 'r2': 0.94777, 'mse': 3913942.0, 'rmse': 1978.36853, 'wmape': 0.09772, 'spearmanr': 0.97167, 'mae_norm': 0.16345, 'r2_norm': 0.94777, 'mse_norm': 0.05998, 'rmse_norm': 0.24491, 'wmape_norm': 0.19263, 'spearmanr_norm': 0.97167, 'mae_real': 1320.30383, 'r2_real': 0.94777, 'mse_real': 3913942.0, 'rmse_real': 1978.36853, 'wmape_real': 0.09772, 'spearmanr_real': 0.97167, 'loss_sup': 0.3794663752575689, 'loss_data': 0.3794663752575689, 'loss_con': 1.3627156942077165, 'lambda_con': 0.0, 'rho_terminal_abs_mean': 7248.529411110352, 'rho_terminal_abs_max': 35057.24315116183, 'loss_old': 0.15178563146000723, 'loss_new': 0.22768074260804683, 'lambda_new_current': 1.0}
test: {'epoch': 125, 'time_epoch': 0.27916, 'loss': 0.37910582, 'lr': 0, 'params': 332673, 'time_iter': 0.01117, 'mae': 1323.16211, 'r2': 0.94767, 'mse': 3915804.75, 'rmse': 1978.83923, 'wmape': 0.09799, 'spearmanr': 0.97202, 'mae_norm': 0.1638, 'r2_norm': 0.94767, 'mse_norm': 0.06001, 'rmse_norm': 0.24497, 'wmape_norm': 0.193, 'spearmanr_norm': 0.97202, 'mae_real': 1323.16211, 'r2_real': 0.94767, 'mse_real': 3915804.75, 'rmse_real': 1978.83923, 'wmape_real': 0.09799, 'spearmanr_real': 0.97202, 'loss_sup': 0.3791058229795446, 'loss_data': 0.3791058229795446, 'loss_con': 1.3484938123247068, 'lambda_con': 0.0, 'rho_terminal_abs_mean': 7196.477938081797, 'rho_terminal_abs_max': 35170.26242962522, 'loss_old': 0.15232747819943707, 'loss_new': 0.2267783447818536, 'lambda_new_current': 1.0}
> Epoch 125: took 2.5s (avg 2.4s) | Best so far: epoch 121	train_loss: 0.3813	val_loss: 0.3844	test_loss: 0.3837	val_rmse_norm: 0.2448
train: {'epoch': 126, 'time_epoch': 1.50284, 'eta': 105.33012, 'eta_hours': 0.02926, 'loss': 0.37792487, 'lr': 0.00032985, 'params': 332673, 'time_iter': 0.02004, 'mae': 1339.40588, 'r2': 0.94657, 'mse': 3985326.0, 'rmse': 1996.32812, 'wmape': 0.09923, 'spearmanr': 0.97137, 'mae_norm': 0.16581, 'r2_norm': 0.94657, 'mse_norm': 0.06108, 'rmse_norm': 0.24714, 'wmape_norm': 0.19565, 'spearmanr_norm': 0.97137, 'mae_real': 1339.40588, 'r2_real': 0.94657, 'mse_real': 3985326.0, 'rmse_real': 1996.32812, 'wmape_real': 0.09923, 'spearmanr_real': 0.97137, 'loss_sup': 0.3779248656989108, 'loss_data': 0.3779248656989108, 'loss_con': 1.3214141843680813, 'lambda_con': 0.0, 'rho_terminal_abs_mean': 7141.347466911379, 'rho_terminal_abs_max': 35502.05087944067, 'loss_old': 0.15551248922444605, 'loss_new': 0.2224123766682461, 'lambda_new_current': 1.0}
val: {'epoch': 126, 'time_epoch': 0.27631, 'loss': 0.37922761, 'lr': 0, 'params': 332673, 'time_iter': 0.01105, 'mae': 1319.62708, 'r2': 0.94813, 'mse': 3887310.25, 'rmse': 1971.62634, 'wmape': 0.09767, 'spearmanr': 0.97179, 'mae_norm': 0.16337, 'r2_norm': 0.94813, 'mse_norm': 0.05958, 'rmse_norm': 0.24408, 'wmape_norm': 0.19253, 'spearmanr_norm': 0.97179, 'mae_real': 1319.62708, 'r2_real': 0.94813, 'mse_real': 3887310.25, 'rmse_real': 1971.62634, 'wmape_real': 0.09767, 'spearmanr_real': 0.97179, 'loss_sup': 0.3792276081392033, 'loss_data': 0.3792276081392033, 'loss_con': 1.339587582766465, 'lambda_con': 0.0, 'rho_terminal_abs_mean': 7186.225515280252, 'rho_terminal_abs_max': 34910.546902804934, 'loss_old': 0.1517171212482921, 'loss_new': 0.2275104839099802, 'lambda_new_current': 1.0}
test: {'epoch': 126, 'time_epoch': 0.27502, 'loss': 0.37902878, 'lr': 0, 'params': 332673, 'time_iter': 0.011, 'mae': 1323.08411, 'r2': 0.94803, 'mse': 3888447.5, 'rmse': 1971.91467, 'wmape': 0.09798, 'spearmanr': 0.97215, 'mae_norm': 0.16379, 'r2_norm': 0.94803, 'mse_norm': 0.05959, 'rmse_norm': 0.24412, 'wmape_norm': 0.19299, 'spearmanr_norm': 0.97215, 'mae_real': 1323.08411, 'r2_real': 0.94803, 'mse_real': 3888447.5, 'rmse_real': 1971.91467, 'wmape_real': 0.09798, 'spearmanr_real': 0.97215, 'loss_sup': 0.3790287783167805, 'loss_data': 0.3790287783167805, 'loss_con': 1.3248720292230276, 'lambda_con': 0.0, 'rho_terminal_abs_mean': 7133.970884873394, 'rho_terminal_abs_max': 34903.28330385657, 'loss_old': 0.1523296627246344, 'loss_new': 0.2266991150037824, 'lambda_new_current': 1.0}
> Epoch 126: took 2.5s (avg 2.4s) | Best so far: epoch 126	train_loss: 0.3779	val_loss: 0.3792	test_loss: 0.3790	val_rmse_norm: 0.2441
train: {'epoch': 127, 'time_epoch': 1.48492, 'eta': 103.91089, 'eta_hours': 0.02886, 'loss': 0.37682013, 'lr': 0.0003221, 'params': 332673, 'time_iter': 0.0198, 'mae': 1335.81616, 'r2': 0.94685, 'mse': 3964485.75, 'rmse': 1991.10168, 'wmape': 0.09896, 'spearmanr': 0.97145, 'mae_norm': 0.16537, 'r2_norm': 0.94685, 'mse_norm': 0.06076, 'rmse_norm': 0.24649, 'wmape_norm': 0.19512, 'spearmanr_norm': 0.97145, 'mae_real': 1335.81616, 'r2_real': 0.94685, 'mse_real': 3964485.75, 'rmse_real': 1991.10168, 'wmape_real': 0.09896, 'spearmanr_real': 0.97145, 'loss_sup': 0.3768201343509828, 'loss_data': 0.3768201343509828, 'loss_con': 1.3195141323656574, 'lambda_con': 0.0, 'rho_terminal_abs_mean': 7139.715692574013, 'rho_terminal_abs_max': 34969.467874647744, 'loss_old': 0.1551141105991145, 'loss_new': 0.22170602355259791, 'lambda_new_current': 1.0}
val: {'epoch': 127, 'time_epoch': 0.26985, 'loss': 0.38232424, 'lr': 0, 'params': 332673, 'time_iter': 0.01079, 'mae': 1332.7821, 'r2': 0.94749, 'mse': 3935139.75, 'rmse': 1983.71863, 'wmape': 0.09865, 'spearmanr': 0.97159, 'mae_norm': 0.16499, 'r2_norm': 0.94749, 'mse_norm': 0.06031, 'rmse_norm': 0.24558, 'wmape_norm': 0.19445, 'spearmanr_norm': 0.97159, 'mae_real': 1332.7821, 'r2_real': 0.94749, 'mse_real': 3935139.75, 'rmse_real': 1983.71863, 'wmape_real': 0.09865, 'spearmanr_real': 0.97159, 'loss_sup': 0.38232424274157517, 'loss_data': 0.38232424274157517, 'loss_con': 1.3134595771051685, 'lambda_con': 0.0, 'rho_terminal_abs_mean': 7115.292017308033, 'rho_terminal_abs_max': 34422.84194090457, 'loss_old': 0.1533819801933192, 'loss_new': 0.22894226731467593, 'lambda_new_current': 1.0}
test: {'epoch': 127, 'time_epoch': 0.26895, 'loss': 0.38204664, 'lr': 0, 'params': 332673, 'time_iter': 0.01076, 'mae': 1335.70361, 'r2': 0.94741, 'mse': 3935173.5, 'rmse': 1983.72717, 'wmape': 0.09892, 'spearmanr': 0.97192, 'mae_norm': 0.16536, 'r2_norm': 0.94741, 'mse_norm': 0.06031, 'rmse_norm': 0.24558, 'wmape_norm': 0.19483, 'spearmanr_norm': 0.97192, 'mae_real': 1335.70361, 'r2_real': 0.94741, 'mse_real': 3935173.5, 'rmse_real': 1983.72717, 'wmape_real': 0.09892, 'spearmanr_real': 0.97192, 'loss_sup': 0.38204663652965737, 'loss_data': 0.38204663652965737, 'loss_con': 1.300191360349991, 'lambda_con': 0.0, 'rho_terminal_abs_mean': 7065.506516234915, 'rho_terminal_abs_max': 34005.27544080279, 'loss_old': 0.1539169824291629, 'loss_new': 0.22812965648014047, 'lambda_new_current': 1.0}
> Epoch 127: took 2.5s (avg 2.4s) | Best so far: epoch 126	train_loss: 0.3779	val_loss: 0.3792	test_loss: 0.3790	val_rmse_norm: 0.2441
train: {'epoch': 128, 'time_epoch': 1.4701, 'eta': 102.48248, 'eta_hours': 0.02847, 'loss': 0.37835896, 'lr': 0.0003144, 'params': 332673, 'time_iter': 0.0196, 'mae': 1339.38159, 'r2': 0.94661, 'mse': 3981810.25, 'rmse': 1995.44739, 'wmape': 0.09923, 'spearmanr': 0.97135, 'mae_norm': 0.16581, 'r2_norm': 0.94661, 'mse_norm': 0.06102, 'rmse_norm': 0.24703, 'wmape_norm': 0.19565, 'spearmanr_norm': 0.97135, 'mae_real': 1339.38159, 'r2_real': 0.94661, 'mse_real': 3981810.25, 'rmse_real': 1995.44739, 'wmape_real': 0.09923, 'spearmanr_real': 0.97135, 'loss_sup': 0.37835896243700307, 'loss_data': 0.37835896243700307, 'loss_con': 1.3212150416453874, 'lambda_con': 0.0, 'rho_terminal_abs_mean': 7137.437660344712, 'rho_terminal_abs_max': 35261.57642827447, 'loss_old': 0.15541257444674217, 'loss_new': 0.2229463879912173, 'lambda_new_current': 1.0}
val: {'epoch': 128, 'time_epoch': 0.27138, 'loss': 0.38054318, 'lr': 0, 'params': 332673, 'time_iter': 0.01086, 'mae': 1323.74255, 'r2': 0.94806, 'mse': 3892088.5, 'rmse': 1972.83765, 'wmape': 0.09798, 'spearmanr': 0.97189, 'mae_norm': 0.16387, 'r2_norm': 0.94806, 'mse_norm': 0.05965, 'rmse_norm': 0.24423, 'wmape_norm': 0.19314, 'spearmanr_norm': 0.97189, 'mae_real': 1323.74255, 'r2_real': 0.94806, 'mse_real': 3892088.5, 'rmse_real': 1972.83765, 'wmape_real': 0.09798, 'spearmanr_real': 0.97189, 'loss_sup': 0.38054318330861836, 'loss_data': 0.38054318330861836, 'loss_con': 1.2475751714855883, 'lambda_con': 0.0, 'rho_terminal_abs_mean': 6968.873263074731, 'rho_terminal_abs_max': 33566.77186515542, 'loss_old': 0.15216076358206235, 'loss_new': 0.2283824191291469, 'lambda_new_current': 1.0}
test: {'epoch': 128, 'time_epoch': 0.27202, 'loss': 0.38001033, 'lr': 0, 'params': 332673, 'time_iter': 0.01088, 'mae': 1326.17236, 'r2': 0.94801, 'mse': 3890296.25, 'rmse': 1972.38342, 'wmape': 0.09821, 'spearmanr': 0.97225, 'mae_norm': 0.16418, 'r2_norm': 0.94801, 'mse_norm': 0.05962, 'rmse_norm': 0.24417, 'wmape_norm': 0.19344, 'spearmanr_norm': 0.97225, 'mae_real': 1326.17236, 'r2_real': 0.94801, 'mse_real': 3890296.25, 'rmse_real': 1972.38342, 'wmape_real': 0.09821, 'spearmanr_real': 0.97225, 'loss_sup': 0.38001033013525143, 'loss_data': 0.38001033013525143, 'loss_con': 1.2347819239028976, 'lambda_con': 0.0, 'rho_terminal_abs_mean': 6917.514967872399, 'rho_terminal_abs_max': 33112.586148518094, 'loss_old': 0.15266412490698725, 'loss_new': 0.22734620821230037, 'lambda_new_current': 1.0}
> Epoch 128: took 2.5s (avg 2.4s) | Best so far: epoch 126	train_loss: 0.3779	val_loss: 0.3792	test_loss: 0.3790	val_rmse_norm: 0.2441
train: {'epoch': 129, 'time_epoch': 1.43744, 'eta': 101.03585, 'eta_hours': 0.02807, 'loss': 0.37750119, 'lr': 0.00030675, 'params': 332673, 'time_iter': 0.01917, 'mae': 1337.90051, 'r2': 0.9468, 'mse': 3967901.5, 'rmse': 1991.95923, 'wmape': 0.09912, 'spearmanr': 0.9715, 'mae_norm': 0.16563, 'r2_norm': 0.9468, 'mse_norm': 0.06081, 'rmse_norm': 0.2466, 'wmape_norm': 0.19543, 'spearmanr_norm': 0.9715, 'mae_real': 1337.90051, 'r2_real': 0.9468, 'mse_real': 3967901.5, 'rmse_real': 1991.95923, 'wmape_real': 0.09912, 'spearmanr_real': 0.9715, 'loss_sup': 0.3775011894324258, 'loss_data': 0.3775011894324258, 'loss_con': 1.3228347662175928, 'lambda_con': 0.0, 'rho_terminal_abs_mean': 7142.01520470959, 'rho_terminal_abs_max': 35109.48469564718, 'loss_old': 0.1553368436443883, 'loss_new': 0.22216434539494415, 'lambda_new_current': 1.0}
val: {'epoch': 129, 'time_epoch': 0.26937, 'loss': 0.37830526, 'lr': 0, 'params': 332673, 'time_iter': 0.01077, 'mae': 1318.43054, 'r2': 0.94837, 'mse': 3868647.5, 'rmse': 1966.88782, 'wmape': 0.09758, 'spearmanr': 0.97194, 'mae_norm': 0.16322, 'r2_norm': 0.94837, 'mse_norm': 0.05929, 'rmse_norm': 0.24349, 'wmape_norm': 0.19236, 'spearmanr_norm': 0.97194, 'mae_real': 1318.43054, 'r2_real': 0.94837, 'mse_real': 3868647.5, 'rmse_real': 1966.88782, 'wmape_real': 0.09758, 'spearmanr_real': 0.97194, 'loss_sup': 0.3783052587527474, 'loss_data': 0.3783052587527474, 'loss_con': 1.2887502855408415, 'lambda_con': 0.0, 'rho_terminal_abs_mean': 7068.72952233541, 'rho_terminal_abs_max': 33958.959797497635, 'loss_old': 0.15170904068073612, 'loss_new': 0.22659621866723662, 'lambda_new_current': 1.0}
test: {'epoch': 129, 'time_epoch': 0.27284, 'loss': 0.3783559, 'lr': 0, 'params': 332673, 'time_iter': 0.01091, 'mae': 1321.79102, 'r2': 0.94828, 'mse': 3870152.0, 'rmse': 1967.27014, 'wmape': 0.09789, 'spearmanr': 0.97231, 'mae_norm': 0.16363, 'r2_norm': 0.94828, 'mse_norm': 0.05931, 'rmse_norm': 0.24354, 'wmape_norm': 0.1928, 'spearmanr_norm': 0.97231, 'mae_real': 1321.79102, 'r2_real': 0.94828, 'mse_real': 3870152.0, 'rmse_real': 1967.27014, 'wmape_real': 0.09789, 'spearmanr_real': 0.97231, 'loss_sup': 0.3783558965546221, 'loss_data': 0.3783558965546221, 'loss_con': 1.2752080468418474, 'lambda_con': 0.0, 'rho_terminal_abs_mean': 7020.449494347785, 'rho_terminal_abs_max': 33808.71097565441, 'loss_old': 0.1522478939574411, 'loss_new': 0.22610800139713103, 'lambda_new_current': 1.0}
> Epoch 129: took 2.4s (avg 2.4s) | Best so far: epoch 129	train_loss: 0.3775	val_loss: 0.3783	test_loss: 0.3784	val_rmse_norm: 0.2435
train: {'epoch': 130, 'time_epoch': 1.43612, 'eta': 99.58866, 'eta_hours': 0.02766, 'loss': 0.377097, 'lr': 0.00029915, 'params': 332673, 'time_iter': 0.01915, 'mae': 1337.18469, 'r2': 0.94687, 'mse': 3962875.75, 'rmse': 1990.69727, 'wmape': 0.09907, 'spearmanr': 0.97149, 'mae_norm': 0.16554, 'r2_norm': 0.94687, 'mse_norm': 0.06073, 'rmse_norm': 0.24644, 'wmape_norm': 0.19532, 'spearmanr_norm': 0.97149, 'mae_real': 1337.18469, 'r2_real': 0.94687, 'mse_real': 3962875.75, 'rmse_real': 1990.69727, 'wmape_real': 0.09907, 'spearmanr_real': 0.97149, 'loss_sup': 0.3770969996369789, 'loss_data': 0.3770969996369789, 'loss_con': 1.3201500472478302, 'lambda_con': 0.0, 'rho_terminal_abs_mean': 7131.373723526045, 'rho_terminal_abs_max': 34917.487970222945, 'loss_old': 0.15529907390679992, 'loss_new': 0.22179792493921013, 'lambda_new_current': 1.0}
val: {'epoch': 130, 'time_epoch': 0.27077, 'loss': 0.37820973, 'lr': 0, 'params': 332673, 'time_iter': 0.01083, 'mae': 1321.48621, 'r2': 0.94793, 'mse': 3902120.75, 'rmse': 1975.37866, 'wmape': 0.09781, 'spearmanr': 0.97175, 'mae_norm': 0.1636, 'r2_norm': 0.94793, 'mse_norm': 0.0598, 'rmse_norm': 0.24454, 'wmape_norm': 0.19281, 'spearmanr_norm': 0.97175, 'mae_real': 1321.48621, 'r2_real': 0.94793, 'mse_real': 3902120.75, 'rmse_real': 1975.37866, 'wmape_real': 0.09781, 'spearmanr_real': 0.97175, 'loss_sup': 0.37820973474589004, 'loss_data': 0.37820973474589004, 'loss_con': 1.2943783787143197, 'lambda_con': 0.0, 'rho_terminal_abs_mean': 7095.3788692817025, 'rho_terminal_abs_max': 33719.00344406655, 'loss_old': 0.15227576913754715, 'loss_new': 0.22593396561745221, 'lambda_new_current': 1.0}
test: {'epoch': 130, 'time_epoch': 0.27049, 'loss': 0.3780382, 'lr': 0, 'params': 332673, 'time_iter': 0.01082, 'mae': 1324.37683, 'r2': 0.94784, 'mse': 3902778.0, 'rmse': 1975.54504, 'wmape': 0.09808, 'spearmanr': 0.97207, 'mae_norm': 0.16395, 'r2_norm': 0.94784, 'mse_norm': 0.05981, 'rmse_norm': 0.24457, 'wmape_norm': 0.19318, 'spearmanr_norm': 0.97207, 'mae_real': 1324.37683, 'r2_real': 0.94784, 'mse_real': 3902778.0, 'rmse_real': 1975.54504, 'wmape_real': 0.09808, 'spearmanr_real': 0.97207, 'loss_sup': 0.37803819848105685, 'loss_data': 0.37803819848105685, 'loss_con': 1.282227695808655, 'lambda_con': 0.0, 'rho_terminal_abs_mean': 7048.165544649326, 'rho_terminal_abs_max': 33812.5377681598, 'loss_old': 0.1527814594829168, 'loss_new': 0.22525674257490516, 'lambda_new_current': 1.0}
> Epoch 130: took 2.4s (avg 2.4s) | Best so far: epoch 129	train_loss: 0.3775	val_loss: 0.3783	test_loss: 0.3784	val_rmse_norm: 0.2435
train: {'epoch': 131, 'time_epoch': 1.44284, 'eta': 98.1451, 'eta_hours': 0.02726, 'loss': 0.37602587, 'lr': 0.00029161, 'params': 332673, 'time_iter': 0.01924, 'mae': 1334.90613, 'r2': 0.94703, 'mse': 3951022.0, 'rmse': 1987.71777, 'wmape': 0.0989, 'spearmanr': 0.97158, 'mae_norm': 0.16526, 'r2_norm': 0.94703, 'mse_norm': 0.06055, 'rmse_norm': 0.24607, 'wmape_norm': 0.19499, 'spearmanr_norm': 0.97158, 'mae_real': 1334.90613, 'r2_real': 0.94703, 'mse_real': 3951022.0, 'rmse_real': 1987.71777, 'wmape_real': 0.0989, 'spearmanr_real': 0.97158, 'loss_sup': 0.376025867454041, 'loss_data': 0.376025867454041, 'loss_con': 1.3222763255366654, 'lambda_con': 0.0, 'rho_terminal_abs_mean': 7139.726761527558, 'rho_terminal_abs_max': 35443.52999915768, 'loss_old': 0.15513023526507572, 'loss_new': 0.2208956302049937, 'lambda_new_current': 1.0}
val: {'epoch': 131, 'time_epoch': 0.27044, 'loss': 0.37946693, 'lr': 0, 'params': 332673, 'time_iter': 0.01082, 'mae': 1320.39258, 'r2': 0.94804, 'mse': 3893405.25, 'rmse': 1973.17139, 'wmape': 0.09773, 'spearmanr': 0.97183, 'mae_norm': 0.16346, 'r2_norm': 0.94804, 'mse_norm': 0.05967, 'rmse_norm': 0.24427, 'wmape_norm': 0.19265, 'spearmanr_norm': 0.97183, 'mae_real': 1320.39258, 'r2_real': 0.94804, 'mse_real': 3893405.25, 'rmse_real': 1973.17139, 'wmape_real': 0.09773, 'spearmanr_real': 0.97183, 'loss_sup': 0.3794669268033714, 'loss_data': 0.3794669268033714, 'loss_con': 1.325622783129228, 'lambda_con': 0.0, 'rho_terminal_abs_mean': 7146.081841544692, 'rho_terminal_abs_max': 34598.282233542355, 'loss_old': 0.15180144006241703, 'loss_new': 0.22766548793851785, 'lambda_new_current': 1.0}
test: {'epoch': 131, 'time_epoch': 0.27066, 'loss': 0.37905279, 'lr': 0, 'params': 332673, 'time_iter': 0.01083, 'mae': 1323.03955, 'r2': 0.948, 'mse': 3890763.5, 'rmse': 1972.50183, 'wmape': 0.09798, 'spearmanr': 0.97219, 'mae_norm': 0.16379, 'r2_norm': 0.948, 'mse_norm': 0.05963, 'rmse_norm': 0.24419, 'wmape_norm': 0.19298, 'spearmanr_norm': 0.97219, 'mae_real': 1323.03955, 'r2_real': 0.948, 'mse_real': 3890763.5, 'rmse_real': 1972.50183, 'wmape_real': 0.09798, 'spearmanr_real': 0.97219, 'loss_sup': 0.37905278719229074, 'loss_data': 0.37905278719229074, 'loss_con': 1.3116654099963314, 'lambda_con': 0.0, 'rho_terminal_abs_mean': 7097.092861166901, 'rho_terminal_abs_max': 34593.47827215768, 'loss_old': 0.15231717013729806, 'loss_new': 0.2267356128849998, 'lambda_new_current': 1.0}
> Epoch 131: took 2.4s (avg 2.4s) | Best so far: epoch 129	train_loss: 0.3775	val_loss: 0.3783	test_loss: 0.3784	val_rmse_norm: 0.2435
train: {'epoch': 132, 'time_epoch': 1.43365, 'eta': 96.69692, 'eta_hours': 0.02686, 'loss': 0.375744, 'lr': 0.00028412, 'params': 332673, 'time_iter': 0.01912, 'mae': 1335.04846, 'r2': 0.94702, 'mse': 3951256.75, 'rmse': 1987.77686, 'wmape': 0.09891, 'spearmanr': 0.97158, 'mae_norm': 0.16527, 'r2_norm': 0.94702, 'mse_norm': 0.06056, 'rmse_norm': 0.24608, 'wmape_norm': 0.19501, 'spearmanr_norm': 0.97158, 'mae_real': 1335.04846, 'r2_real': 0.94702, 'mse_real': 3951256.75, 'rmse_real': 1987.77686, 'wmape_real': 0.09891, 'spearmanr_real': 0.97158, 'loss_sup': 0.37574400482846665, 'loss_data': 0.37574400482846665, 'loss_con': 1.3215697820029282, 'lambda_con': 0.0, 'rho_terminal_abs_mean': 7138.639400050258, 'rho_terminal_abs_max': 35179.652633544654, 'loss_old': 0.15521835883785168, 'loss_new': 0.22052564638304298, 'lambda_new_current': 1.0}
val: {'epoch': 132, 'time_epoch': 0.2704, 'loss': 0.37878681, 'lr': 0, 'params': 332673, 'time_iter': 0.01082, 'mae': 1319.96936, 'r2': 0.94775, 'mse': 3915539.0, 'rmse': 1978.77209, 'wmape': 0.0977, 'spearmanr': 0.97165, 'mae_norm': 0.16341, 'r2_norm': 0.94775, 'mse_norm': 0.06001, 'rmse_norm': 0.24496, 'wmape_norm': 0.19258, 'spearmanr_norm': 0.97165, 'mae_real': 1319.96936, 'r2_real': 0.94775, 'mse_real': 3915539.0, 'rmse_real': 1978.77209, 'wmape_real': 0.0977, 'spearmanr_real': 0.97165, 'loss_sup': 0.3787868064892696, 'loss_data': 0.3787868064892696, 'loss_con': 1.33712107839762, 'lambda_con': 0.0, 'rho_terminal_abs_mean': 7212.04589282949, 'rho_terminal_abs_max': 34292.07896679443, 'loss_old': 0.1518770618375734, 'loss_new': 0.2269097458472631, 'lambda_new_current': 1.0}
test: {'epoch': 132, 'time_epoch': 0.26997, 'loss': 0.3786773, 'lr': 0, 'params': 332673, 'time_iter': 0.0108, 'mae': 1323.18652, 'r2': 0.9477, 'mse': 3913705.25, 'rmse': 1978.30872, 'wmape': 0.09799, 'spearmanr': 0.97199, 'mae_norm': 0.16381, 'r2_norm': 0.9477, 'mse_norm': 0.05998, 'rmse_norm': 0.24491, 'wmape_norm': 0.193, 'spearmanr_norm': 0.97199, 'mae_real': 1323.18652, 'r2_real': 0.9477, 'mse_real': 3913705.25, 'rmse_real': 1978.30872, 'wmape_real': 0.09799, 'spearmanr_real': 0.97199, 'loss_sup': 0.37867730153883844, 'loss_data': 0.37867730153883844, 'loss_con': 1.3237626280688524, 'lambda_con': 0.0, 'rho_terminal_abs_mean': 7162.900404988076, 'rho_terminal_abs_max': 34245.874815529794, 'loss_old': 0.15242742244664395, 'loss_new': 0.226249879083277, 'lambda_new_current': 1.0}
> Epoch 132: took 2.4s (avg 2.4s) | Best so far: epoch 129	train_loss: 0.3775	val_loss: 0.3783	test_loss: 0.3784	val_rmse_norm: 0.2435
train: {'epoch': 133, 'time_epoch': 1.44246, 'eta': 95.2533, 'eta_hours': 0.02646, 'loss': 0.37559942, 'lr': 0.0002767, 'params': 332673, 'time_iter': 0.01923, 'mae': 1334.43787, 'r2': 0.94711, 'mse': 3944708.75, 'rmse': 1986.12903, 'wmape': 0.09886, 'spearmanr': 0.97162, 'mae_norm': 0.1652, 'r2_norm': 0.94711, 'mse_norm': 0.06045, 'rmse_norm': 0.24588, 'wmape_norm': 0.19492, 'spearmanr_norm': 0.97162, 'mae_real': 1334.43787, 'r2_real': 0.94711, 'mse_real': 3944708.75, 'rmse_real': 1986.12903, 'wmape_real': 0.09886, 'spearmanr_real': 0.97162, 'loss_sup': 0.3755994219297182, 'loss_data': 0.3755994219297182, 'loss_con': 1.321688840295232, 'lambda_con': 0.0, 'rho_terminal_abs_mean': 7142.053946967788, 'rho_terminal_abs_max': 35359.64335750221, 'loss_old': 0.155137455753204, 'loss_new': 0.22046196419198116, 'lambda_new_current': 1.0}
val: {'epoch': 133, 'time_epoch': 0.27107, 'loss': 0.3780566, 'lr': 0, 'params': 332673, 'time_iter': 0.01084, 'mae': 1316.58508, 'r2': 0.94793, 'mse': 3902087.5, 'rmse': 1975.37024, 'wmape': 0.09745, 'spearmanr': 0.97172, 'mae_norm': 0.16299, 'r2_norm': 0.94793, 'mse_norm': 0.0598, 'rmse_norm': 0.24454, 'wmape_norm': 0.19209, 'spearmanr_norm': 0.97172, 'mae_real': 1316.58508, 'r2_real': 0.94793, 'mse_real': 3902087.5, 'rmse_real': 1975.37024, 'wmape_real': 0.09745, 'spearmanr_real': 0.97172, 'loss_sup': 0.3780566033737055, 'loss_data': 0.3780566033737055, 'loss_con': 1.37674664999577, 'lambda_con': 0.0, 'rho_terminal_abs_mean': 7276.008654733993, 'rho_terminal_abs_max': 35520.607011752196, 'loss_old': 0.1514344781670759, 'loss_new': 0.22662212402304205, 'lambda_new_current': 1.0}
test: {'epoch': 133, 'time_epoch': 0.27036, 'loss': 0.37842911, 'lr': 0, 'params': 332673, 'time_iter': 0.01081, 'mae': 1321.12939, 'r2': 0.94777, 'mse': 3907970.75, 'rmse': 1976.85876, 'wmape': 0.09784, 'spearmanr': 0.97203, 'mae_norm': 0.16355, 'r2_norm': 0.94777, 'mse_norm': 0.05989, 'rmse_norm': 0.24473, 'wmape_norm': 0.1927, 'spearmanr_norm': 0.97203, 'mae_real': 1321.12939, 'r2_real': 0.94777, 'mse_real': 3907970.75, 'rmse_real': 1976.85876, 'wmape_real': 0.09784, 'spearmanr_real': 0.97203, 'loss_sup': 0.378429112303357, 'loss_data': 0.378429112303357, 'loss_con': 1.3621838549346774, 'lambda_con': 0.0, 'rho_terminal_abs_mean': 7221.917417133489, 'rho_terminal_abs_max': 35408.24003717848, 'loss_old': 0.15211345056347703, 'loss_new': 0.2263156587668191, 'lambda_new_current': 1.0}
> Epoch 133: took 2.4s (avg 2.4s) | Best so far: epoch 129	train_loss: 0.3775	val_loss: 0.3783	test_loss: 0.3784	val_rmse_norm: 0.2435
train: {'epoch': 134, 'time_epoch': 1.43749, 'eta': 93.8073, 'eta_hours': 0.02606, 'loss': 0.37587807, 'lr': 0.00026933, 'params': 332673, 'time_iter': 0.01917, 'mae': 1334.4989, 'r2': 0.94708, 'mse': 3947362.75, 'rmse': 1986.79712, 'wmape': 0.09887, 'spearmanr': 0.97162, 'mae_norm': 0.16521, 'r2_norm': 0.94708, 'mse_norm': 0.0605, 'rmse_norm': 0.24596, 'wmape_norm': 0.19493, 'spearmanr_norm': 0.97162, 'mae_real': 1334.4989, 'r2_real': 0.94708, 'mse_real': 3947362.75, 'rmse_real': 1986.79712, 'wmape_real': 0.09887, 'spearmanr_real': 0.97162, 'loss_sup': 0.37587807064513135, 'loss_data': 0.37587807064513135, 'loss_con': 1.3195820602404613, 'lambda_con': 0.0, 'rho_terminal_abs_mean': 7129.327706807349, 'rho_terminal_abs_max': 35526.39707754694, 'loss_old': 0.15508818457325432, 'loss_new': 0.22078988567649657, 'lambda_new_current': 1.0}
val: {'epoch': 134, 'time_epoch': 0.26978, 'loss': 0.37703447, 'lr': 0, 'params': 332673, 'time_iter': 0.01079, 'mae': 1314.86145, 'r2': 0.94831, 'mse': 3873274.75, 'rmse': 1968.06372, 'wmape': 0.09732, 'spearmanr': 0.97202, 'mae_norm': 0.16278, 'r2_norm': 0.94831, 'mse_norm': 0.05936, 'rmse_norm': 0.24364, 'wmape_norm': 0.19184, 'spearmanr_norm': 0.97202, 'mae_real': 1314.86145, 'r2_real': 0.94831, 'mse_real': 3873274.75, 'rmse_real': 1968.06372, 'wmape_real': 0.09732, 'spearmanr_real': 0.97202, 'loss_sup': 0.37703447440094945, 'loss_data': 0.37703447440094945, 'loss_con': 1.324133753533968, 'lambda_con': 0.0, 'rho_terminal_abs_mean': 7148.288477430995, 'rho_terminal_abs_max': 34655.12391685873, 'loss_old': 0.15135373831289686, 'loss_new': 0.2256807360868671, 'lambda_new_current': 1.0}
test: {'epoch': 134, 'time_epoch': 0.26972, 'loss': 0.3767443, 'lr': 0, 'params': 332673, 'time_iter': 0.01079, 'mae': 1318.0332, 'r2': 0.94822, 'mse': 3874651.25, 'rmse': 1968.41333, 'wmape': 0.09761, 'spearmanr': 0.97232, 'mae_norm': 0.16317, 'r2_norm': 0.94822, 'mse_norm': 0.05938, 'rmse_norm': 0.24368, 'wmape_norm': 0.19225, 'spearmanr_norm': 0.97232, 'mae_real': 1318.0332, 'r2_real': 0.94822, 'mse_real': 3874651.25, 'rmse_real': 1968.41333, 'wmape_real': 0.09761, 'spearmanr_real': 0.97232, 'loss_sup': 0.3767442989498031, 'loss_data': 0.3767442989498031, 'loss_con': 1.3098546198089829, 'lambda_con': 0.0, 'rho_terminal_abs_mean': 7097.459057682066, 'rho_terminal_abs_max': 34550.73957947266, 'loss_old': 0.1519335136592347, 'loss_new': 0.22481078587918155, 'lambda_new_current': 1.0}
> Epoch 134: took 2.4s (avg 2.4s) | Best so far: epoch 129	train_loss: 0.3775	val_loss: 0.3783	test_loss: 0.3784	val_rmse_norm: 0.2435
train: {'epoch': 135, 'time_epoch': 1.4455, 'eta': 92.3652, 'eta_hours': 0.02566, 'loss': 0.37506475, 'lr': 0.00026203, 'params': 332673, 'time_iter': 0.01927, 'mae': 1333.30066, 'r2': 0.94723, 'mse': 3936217.25, 'rmse': 1983.99023, 'wmape': 0.09878, 'spearmanr': 0.97169, 'mae_norm': 0.16506, 'r2_norm': 0.94723, 'mse_norm': 0.06032, 'rmse_norm': 0.24561, 'wmape_norm': 0.19476, 'spearmanr_norm': 0.97169, 'mae_real': 1333.30066, 'r2_real': 0.94723, 'mse_real': 3936217.25, 'rmse_real': 1983.99023, 'wmape_real': 0.09878, 'spearmanr_real': 0.97169, 'loss_sup': 0.3750647453607128, 'loss_data': 0.3750647453607128, 'loss_con': 1.3231252983634008, 'lambda_con': 0.0, 'rho_terminal_abs_mean': 7137.432398822267, 'rho_terminal_abs_max': 35010.12723281988, 'loss_old': 0.15505814405185092, 'loss_new': 0.22000660091356458, 'lambda_new_current': 1.0}
val: {'epoch': 135, 'time_epoch': 0.27095, 'loss': 0.37625596, 'lr': 0, 'params': 332673, 'time_iter': 0.01084, 'mae': 1314.11121, 'r2': 0.94816, 'mse': 3885089.0, 'rmse': 1971.06287, 'wmape': 0.09726, 'spearmanr': 0.97189, 'mae_norm': 0.16268, 'r2_norm': 0.94816, 'mse_norm': 0.05954, 'rmse_norm': 0.24401, 'wmape_norm': 0.19173, 'spearmanr_norm': 0.97189, 'mae_real': 1314.11121, 'r2_real': 0.94816, 'mse_real': 3885089.0, 'rmse_real': 1971.06287, 'wmape_real': 0.09726, 'spearmanr_real': 0.97189, 'loss_sup': 0.3762559557694148, 'loss_data': 0.3762559557694148, 'loss_con': 1.36065400559388, 'lambda_con': 0.0, 'rho_terminal_abs_mean': 7260.799240629623, 'rho_terminal_abs_max': 34845.55297528841, 'loss_old': 0.1513903451299482, 'loss_new': 0.22486561421761952, 'lambda_new_current': 1.0}
test: {'epoch': 135, 'time_epoch': 0.27032, 'loss': 0.3760812, 'lr': 0, 'params': 332673, 'time_iter': 0.01081, 'mae': 1317.28967, 'r2': 0.94813, 'mse': 3881475.75, 'rmse': 1970.14612, 'wmape': 0.09755, 'spearmanr': 0.97225, 'mae_norm': 0.16308, 'r2_norm': 0.94813, 'mse_norm': 0.05949, 'rmse_norm': 0.2439, 'wmape_norm': 0.19214, 'spearmanr_norm': 0.97225, 'mae_real': 1317.28967, 'r2_real': 0.94813, 'mse_real': 3881475.75, 'rmse_real': 1970.14612, 'wmape_real': 0.09755, 'spearmanr_real': 0.97225, 'loss_sup': 0.3760812008490144, 'loss_data': 0.3760812008490144, 'loss_con': 1.3453070609723354, 'lambda_con': 0.0, 'rho_terminal_abs_mean': 7205.032610264452, 'rho_terminal_abs_max': 35077.93014231236, 'loss_old': 0.15194916292207794, 'loss_new': 0.22413203732784687, 'lambda_new_current': 1.0}
> Epoch 135: took 2.4s (avg 2.4s) | Best so far: epoch 129	train_loss: 0.3775	val_loss: 0.3783	test_loss: 0.3784	val_rmse_norm: 0.2435
train: {'epoch': 136, 'time_epoch': 1.45332, 'eta': 90.92664, 'eta_hours': 0.02526, 'loss': 0.37512405, 'lr': 0.00025479, 'params': 332673, 'time_iter': 0.01938, 'mae': 1333.35291, 'r2': 0.94721, 'mse': 3937469.5, 'rmse': 1984.30579, 'wmape': 0.09878, 'spearmanr': 0.97168, 'mae_norm': 0.16506, 'r2_norm': 0.94721, 'mse_norm': 0.06034, 'rmse_norm': 0.24565, 'wmape_norm': 0.19476, 'spearmanr_norm': 0.97168, 'mae_real': 1333.35291, 'r2_real': 0.94721, 'mse_real': 3937469.5, 'rmse_real': 1984.30579, 'wmape_real': 0.09878, 'spearmanr_real': 0.97168, 'loss_sup': 0.37512405242629804, 'loss_data': 0.37512405242629804, 'loss_con': 1.3208894623749765, 'lambda_con': 0.0, 'rho_terminal_abs_mean': 7139.610528636144, 'rho_terminal_abs_max': 35356.021343313456, 'loss_old': 0.15505190018368323, 'loss_new': 0.220072152642923, 'lambda_new_current': 1.0}
val: {'epoch': 136, 'time_epoch': 0.2703, 'loss': 0.37798656, 'lr': 0, 'params': 332673, 'time_iter': 0.01081, 'mae': 1315.27771, 'r2': 0.9485, 'mse': 3859160.5, 'rmse': 1964.47461, 'wmape': 0.09735, 'spearmanr': 0.97206, 'mae_norm': 0.16283, 'r2_norm': 0.9485, 'mse_norm': 0.05914, 'rmse_norm': 0.24319, 'wmape_norm': 0.1919, 'spearmanr_norm': 0.97206, 'mae_real': 1315.27771, 'r2_real': 0.9485, 'mse_real': 3859160.5, 'rmse_real': 1964.47461, 'wmape_real': 0.09735, 'spearmanr_real': 0.97206, 'loss_sup': 0.3779865646267568, 'loss_data': 0.3779865646267568, 'loss_con': 1.3414252227418526, 'lambda_con': 0.0, 'rho_terminal_abs_mean': 7178.442638215146, 'rho_terminal_abs_max': 35013.857403016715, 'loss_old': 0.15121516909286153, 'loss_new': 0.22677139373854832, 'lambda_new_current': 1.0}
test: {'epoch': 136, 'time_epoch': 0.26992, 'loss': 0.37751873, 'lr': 0, 'params': 332673, 'time_iter': 0.0108, 'mae': 1319.27563, 'r2': 0.94844, 'mse': 3857825.0, 'rmse': 1964.13464, 'wmape': 0.0977, 'spearmanr': 0.97237, 'mae_norm': 0.16332, 'r2_norm': 0.94844, 'mse_norm': 0.05912, 'rmse_norm': 0.24315, 'wmape_norm': 0.19243, 'spearmanr_norm': 0.97237, 'mae_real': 1319.27563, 'r2_real': 0.94844, 'mse_real': 3857825.0, 'rmse_real': 1964.13464, 'wmape_real': 0.0977, 'spearmanr_real': 0.97237, 'loss_sup': 0.3775187282699846, 'loss_data': 0.3775187282699846, 'loss_con': 1.3262294503180825, 'lambda_con': 0.0, 'rho_terminal_abs_mean': 7127.461184986697, 'rho_terminal_abs_max': 35081.49344761729, 'loss_old': 0.15198457572437776, 'loss_new': 0.22553415314787684, 'lambda_new_current': 1.0}
> Epoch 136: took 2.5s (avg 2.4s) | Best so far: epoch 136	train_loss: 0.3751	val_loss: 0.3780	test_loss: 0.3775	val_rmse_norm: 0.2432
train: {'epoch': 137, 'time_epoch': 1.45498, 'eta': 89.48862, 'eta_hours': 0.02486, 'loss': 0.37458099, 'lr': 0.00024762, 'params': 332673, 'time_iter': 0.0194, 'mae': 1332.17273, 'r2': 0.94725, 'mse': 3934411.75, 'rmse': 1983.53516, 'wmape': 0.09869, 'spearmanr': 0.97173, 'mae_norm': 0.16492, 'r2_norm': 0.94725, 'mse_norm': 0.0603, 'rmse_norm': 0.24555, 'wmape_norm': 0.19459, 'spearmanr_norm': 0.97173, 'mae_real': 1332.17273, 'r2_real': 0.94725, 'mse_real': 3934411.75, 'rmse_real': 1983.53516, 'wmape_real': 0.09869, 'spearmanr_real': 0.97173, 'loss_sup': 0.3745809941282541, 'loss_data': 0.3745809941282541, 'loss_con': 1.3241514113139468, 'lambda_con': 0.0, 'rho_terminal_abs_mean': 7137.618237099817, 'rho_terminal_abs_max': 35589.806903815785, 'loss_old': 0.1549590993652701, 'loss_new': 0.2196218959597085, 'lambda_new_current': 1.0}
val: {'epoch': 137, 'time_epoch': 0.27045, 'loss': 0.37538394, 'lr': 0, 'params': 332673, 'time_iter': 0.01082, 'mae': 1312.3302, 'r2': 0.94846, 'mse': 3862064.75, 'rmse': 1965.21362, 'wmape': 0.09713, 'spearmanr': 0.97201, 'mae_norm': 0.16246, 'r2_norm': 0.94846, 'mse_norm': 0.05919, 'rmse_norm': 0.24329, 'wmape_norm': 0.19147, 'spearmanr_norm': 0.97201, 'mae_real': 1312.3302, 'r2_real': 0.94846, 'mse_real': 3862064.75, 'rmse_real': 1965.21362, 'wmape_real': 0.09713, 'spearmanr_real': 0.97201, 'loss_sup': 0.37538394192072827, 'loss_data': 0.37538394192072827, 'loss_con': 1.3563390716761432, 'lambda_con': 0.0, 'rho_terminal_abs_mean': 7228.701778061444, 'rho_terminal_abs_max': 35200.12198788313, 'loss_old': 0.15126690418296204, 'loss_new': 0.22411703535530494, 'lambda_new_current': 1.0}
test: {'epoch': 137, 'time_epoch': 0.27005, 'loss': 0.37563846, 'lr': 0, 'params': 332673, 'time_iter': 0.0108, 'mae': 1316.5293, 'r2': 0.94823, 'mse': 3873617.0, 'rmse': 1968.15063, 'wmape': 0.0975, 'spearmanr': 0.97226, 'mae_norm': 0.16298, 'r2_norm': 0.94823, 'mse_norm': 0.05937, 'rmse_norm': 0.24365, 'wmape_norm': 0.19203, 'spearmanr_norm': 0.97226, 'mae_real': 1316.5293, 'r2_real': 0.94823, 'mse_real': 3873617.0, 'rmse_real': 1968.15063, 'wmape_real': 0.0975, 'spearmanr_real': 0.97226, 'loss_sup': 0.3756384558415862, 'loss_data': 0.3756384558415862, 'loss_con': 1.3412179345587314, 'lambda_con': 0.0, 'rho_terminal_abs_mean': 7174.329489050877, 'rho_terminal_abs_max': 35474.59534928942, 'loss_old': 0.15191089108049083, 'loss_new': 0.22372756655025747, 'lambda_new_current': 1.0}
> Epoch 137: took 2.5s (avg 2.4s) | Best so far: epoch 136	train_loss: 0.3751	val_loss: 0.3780	test_loss: 0.3775	val_rmse_norm: 0.2432
train: {'epoch': 138, 'time_epoch': 1.44788, 'eta': 88.04724, 'eta_hours': 0.02446, 'loss': 0.37421682, 'lr': 0.00024052, 'params': 332673, 'time_iter': 0.01931, 'mae': 1331.18188, 'r2': 0.94735, 'mse': 3926806.25, 'rmse': 1981.61707, 'wmape': 0.09862, 'spearmanr': 0.97177, 'mae_norm': 0.1648, 'r2_norm': 0.94735, 'mse_norm': 0.06018, 'rmse_norm': 0.24532, 'wmape_norm': 0.19445, 'spearmanr_norm': 0.97177, 'mae_real': 1331.18188, 'r2_real': 0.94735, 'mse_real': 3926806.25, 'rmse_real': 1981.61707, 'wmape_real': 0.09862, 'spearmanr_real': 0.97177, 'loss_sup': 0.37421681820211705, 'loss_data': 0.37421681820211705, 'loss_con': 1.3280225653448028, 'lambda_con': 0.0, 'rho_terminal_abs_mean': 7153.058889655341, 'rho_terminal_abs_max': 34755.446442033375, 'loss_old': 0.1548687855301344, 'loss_new': 0.21934803167604638, 'lambda_new_current': 1.0}
val: {'epoch': 138, 'time_epoch': 0.27112, 'loss': 0.37606735, 'lr': 0, 'params': 332673, 'time_iter': 0.01084, 'mae': 1315.05347, 'r2': 0.94814, 'mse': 3886607.5, 'rmse': 1971.44812, 'wmape': 0.09733, 'spearmanr': 0.97196, 'mae_norm': 0.1628, 'r2_norm': 0.94814, 'mse_norm': 0.05956, 'rmse_norm': 0.24406, 'wmape_norm': 0.19187, 'spearmanr_norm': 0.97196, 'mae_real': 1315.05347, 'r2_real': 0.94814, 'mse_real': 3886607.5, 'rmse_real': 1971.44812, 'wmape_real': 0.09733, 'spearmanr_real': 0.97196, 'loss_sup': 0.3760673531165575, 'loss_data': 0.3760673531165575, 'loss_con': 1.3420702108299978, 'lambda_con': 0.0, 'rho_terminal_abs_mean': 7210.712949964004, 'rho_terminal_abs_max': 34400.098554913704, 'loss_old': 0.15160092572188397, 'loss_new': 0.22446642680699766, 'lambda_new_current': 1.0}
test: {'epoch': 138, 'time_epoch': 0.27056, 'loss': 0.37651825, 'lr': 0, 'params': 332673, 'time_iter': 0.01082, 'mae': 1319.32043, 'r2': 0.94801, 'mse': 3890014.5, 'rmse': 1972.31201, 'wmape': 0.0977, 'spearmanr': 0.97227, 'mae_norm': 0.16333, 'r2_norm': 0.94801, 'mse_norm': 0.05962, 'rmse_norm': 0.24417, 'wmape_norm': 0.19244, 'spearmanr_norm': 0.97227, 'mae_real': 1319.32043, 'r2_real': 0.94801, 'mse_real': 3890014.5, 'rmse_real': 1972.31201, 'wmape_real': 0.0977, 'spearmanr_real': 0.97227, 'loss_sup': 0.3765182536905667, 'loss_data': 0.3765182536905667, 'loss_con': 1.3284882748469462, 'lambda_con': 0.0, 'rho_terminal_abs_mean': 7162.185789455487, 'rho_terminal_abs_max': 34404.75394791907, 'loss_old': 0.15221471475667117, 'loss_new': 0.2243035401318253, 'lambda_new_current': 1.0}
> Epoch 138: took 2.5s (avg 2.4s) | Best so far: epoch 136	train_loss: 0.3751	val_loss: 0.3780	test_loss: 0.3775	val_rmse_norm: 0.2432
train: {'epoch': 139, 'time_epoch': 1.45448, 'eta': 86.60859, 'eta_hours': 0.02406, 'loss': 0.37401969, 'lr': 0.00023348, 'params': 332673, 'time_iter': 0.01939, 'mae': 1331.00891, 'r2': 0.94749, 'mse': 3916703.75, 'rmse': 1979.06641, 'wmape': 0.09861, 'spearmanr': 0.97183, 'mae_norm': 0.16477, 'r2_norm': 0.94749, 'mse_norm': 0.06003, 'rmse_norm': 0.245, 'wmape_norm': 0.19442, 'spearmanr_norm': 0.97183, 'mae_real': 1331.00891, 'r2_real': 0.94749, 'mse_real': 3916703.75, 'rmse_real': 1979.06641, 'wmape_real': 0.09861, 'spearmanr_real': 0.97183, 'loss_sup': 0.37401968582387723, 'loss_data': 0.37401968582387723, 'loss_con': 1.320547790701451, 'lambda_con': 0.0, 'rho_terminal_abs_mean': 7135.062524407317, 'rho_terminal_abs_max': 35098.36630571889, 'loss_old': 0.15487799171655808, 'loss_new': 0.21914169609307887, 'lambda_new_current': 1.0}
val: {'epoch': 139, 'time_epoch': 0.2698, 'loss': 0.37500786, 'lr': 0, 'params': 332673, 'time_iter': 0.01079, 'mae': 1309.77917, 'r2': 0.94867, 'mse': 3846733.5, 'rmse': 1961.30908, 'wmape': 0.09694, 'spearmanr': 0.97214, 'mae_norm': 0.16215, 'r2_norm': 0.94867, 'mse_norm': 0.05895, 'rmse_norm': 0.2428, 'wmape_norm': 0.1911, 'spearmanr_norm': 0.97214, 'mae_real': 1309.77917, 'r2_real': 0.94867, 'mse_real': 3846733.5, 'rmse_real': 1961.30908, 'wmape_real': 0.09694, 'spearmanr_real': 0.97214, 'loss_sup': 0.3750078624281302, 'loss_data': 0.3750078624281302, 'loss_con': 1.2929620073579864, 'lambda_con': 0.0, 'rho_terminal_abs_mean': 7081.161659337804, 'rho_terminal_abs_max': 34160.394124480146, 'loss_old': 0.15089473230711276, 'loss_new': 0.22411312893474705, 'lambda_new_current': 1.0}
test: {'epoch': 139, 'time_epoch': 0.26954, 'loss': 0.37507353, 'lr': 0, 'params': 332673, 'time_iter': 0.01078, 'mae': 1313.76807, 'r2': 0.9485, 'mse': 3853182.75, 'rmse': 1962.95251, 'wmape': 0.09729, 'spearmanr': 0.97244, 'mae_norm': 0.16264, 'r2_norm': 0.9485, 'mse_norm': 0.05905, 'rmse_norm': 0.24301, 'wmape_norm': 0.19163, 'spearmanr_norm': 0.97244, 'mae_real': 1313.76807, 'r2_real': 0.9485, 'mse_real': 3853182.75, 'rmse_real': 1962.95251, 'wmape_real': 0.09729, 'spearmanr_real': 0.97244, 'loss_sup': 0.37507353045005953, 'loss_data': 0.37507353045005953, 'loss_con': 1.2777332863842898, 'lambda_con': 0.0, 'rho_terminal_abs_mean': 7030.472146278033, 'rho_terminal_abs_max': 34287.36871271199, 'loss_old': 0.15154326231691267, 'loss_new': 0.22353026992386787, 'lambda_new_current': 1.0}
> Epoch 139: took 2.5s (avg 2.4s) | Best so far: epoch 139	train_loss: 0.3740	val_loss: 0.3750	test_loss: 0.3751	val_rmse_norm: 0.2428
train: {'epoch': 140, 'time_epoch': 1.4445, 'eta': 85.16554, 'eta_hours': 0.02366, 'loss': 0.37388025, 'lr': 0.00022653, 'params': 332673, 'time_iter': 0.01926, 'mae': 1331.96582, 'r2': 0.94741, 'mse': 3922311.75, 'rmse': 1980.48267, 'wmape': 0.09868, 'spearmanr': 0.97176, 'mae_norm': 0.16489, 'r2_norm': 0.94741, 'mse_norm': 0.06011, 'rmse_norm': 0.24518, 'wmape_norm': 0.19456, 'spearmanr_norm': 0.97176, 'mae_real': 1331.96582, 'r2_real': 0.94741, 'mse_real': 3922311.75, 'rmse_real': 1980.48267, 'wmape_real': 0.09868, 'spearmanr_real': 0.97176, 'loss_sup': 0.373880245134929, 'loss_data': 0.373880245134929, 'loss_con': 1.3213390469550421, 'lambda_con': 0.0, 'rho_terminal_abs_mean': 7132.397398630164, 'rho_terminal_abs_max': 35098.37898021322, 'loss_old': 0.15508463500185707, 'loss_new': 0.2187956109289685, 'lambda_new_current': 1.0}
val: {'epoch': 140, 'time_epoch': 0.27057, 'loss': 0.37578958, 'lr': 0, 'params': 332673, 'time_iter': 0.01082, 'mae': 1313.96484, 'r2': 0.94831, 'mse': 3873772.5, 'rmse': 1968.19019, 'wmape': 0.09725, 'spearmanr': 0.9719, 'mae_norm': 0.16266, 'r2_norm': 0.94831, 'mse_norm': 0.05937, 'rmse_norm': 0.24365, 'wmape_norm': 0.19171, 'spearmanr_norm': 0.9719, 'mae_real': 1313.96484, 'r2_real': 0.94831, 'mse_real': 3873772.5, 'rmse_real': 1968.19019, 'wmape_real': 0.09725, 'spearmanr_real': 0.9719, 'loss_sup': 0.3757895753133557, 'loss_data': 0.3757895753133557, 'loss_con': 1.3427819921477726, 'lambda_con': 0.0, 'rho_terminal_abs_mean': 7210.390193755669, 'rho_terminal_abs_max': 34496.30810394153, 'loss_old': 0.15146976315281732, 'loss_new': 0.224319813948523, 'lambda_new_current': 1.0}
test: {'epoch': 140, 'time_epoch': 0.27039, 'loss': 0.37560143, 'lr': 0, 'params': 332673, 'time_iter': 0.01082, 'mae': 1317.64709, 'r2': 0.94816, 'mse': 3878593.25, 'rmse': 1969.41443, 'wmape': 0.09758, 'spearmanr': 0.97219, 'mae_norm': 0.16312, 'r2_norm': 0.94816, 'mse_norm': 0.05944, 'rmse_norm': 0.24381, 'wmape_norm': 0.1922, 'spearmanr_norm': 0.97219, 'mae_real': 1317.64709, 'r2_real': 0.94816, 'mse_real': 3878593.25, 'rmse_real': 1969.41443, 'wmape_real': 0.09758, 'spearmanr_real': 0.97219, 'loss_sup': 0.3756014333342316, 'loss_data': 0.3756014333342316, 'loss_con': 1.3280942862756868, 'lambda_con': 0.0, 'rho_terminal_abs_mean': 7156.6110941084125, 'rho_terminal_abs_max': 34770.5187826781, 'loss_old': 0.15211988057881878, 'loss_new': 0.22348155155922916, 'lambda_new_current': 1.0}
> Epoch 140: took 2.4s (avg 2.4s) | Best so far: epoch 139	train_loss: 0.3740	val_loss: 0.3750	test_loss: 0.3751	val_rmse_norm: 0.2428
train: {'epoch': 141, 'time_epoch': 1.44026, 'eta': 83.72074, 'eta_hours': 0.02326, 'loss': 0.37275418, 'lr': 0.00021964, 'params': 332673, 'time_iter': 0.0192, 'mae': 1329.30408, 'r2': 0.94753, 'mse': 3913592.5, 'rmse': 1978.28015, 'wmape': 0.09848, 'spearmanr': 0.97186, 'mae_norm': 0.16456, 'r2_norm': 0.94753, 'mse_norm': 0.05998, 'rmse_norm': 0.2449, 'wmape_norm': 0.19417, 'spearmanr_norm': 0.97186, 'mae_real': 1329.30408, 'r2_real': 0.94753, 'mse_real': 3913592.5, 'rmse_real': 1978.28015, 'wmape_real': 0.09848, 'spearmanr_real': 0.97186, 'loss_sup': 0.3727541837369429, 'loss_data': 0.3727541837369429, 'loss_con': 1.3248478508624622, 'lambda_con': 0.0, 'rho_terminal_abs_mean': 7145.133032653677, 'rho_terminal_abs_max': 35637.49256828522, 'loss_old': 0.15485327673584495, 'loss_new': 0.21790090501425707, 'lambda_new_current': 1.0}
val: {'epoch': 141, 'time_epoch': 0.27094, 'loss': 0.3732168, 'lr': 0, 'params': 332673, 'time_iter': 0.01084, 'mae': 1307.55139, 'r2': 0.94885, 'mse': 3833149.0, 'rmse': 1957.8429, 'wmape': 0.09678, 'spearmanr': 0.97224, 'mae_norm': 0.16187, 'r2_norm': 0.94885, 'mse_norm': 0.05875, 'rmse_norm': 0.24237, 'wmape_norm': 0.19077, 'spearmanr_norm': 0.97224, 'mae_real': 1307.55139, 'r2_real': 0.94885, 'mse_real': 3833149.0, 'rmse_real': 1957.8429, 'wmape_real': 0.09678, 'spearmanr_real': 0.97224, 'loss_sup': 0.37321679707266875, 'loss_data': 0.37321679707266875, 'loss_con': 1.351546414764607, 'lambda_con': 0.0, 'rho_terminal_abs_mean': 7215.502986867533, 'rho_terminal_abs_max': 34995.85844552189, 'loss_old': 0.15089370694676132, 'loss_new': 0.22232309192094235, 'lambda_new_current': 1.0}
test: {'epoch': 141, 'time_epoch': 0.27049, 'loss': 0.37381477, 'lr': 0, 'params': 332673, 'time_iter': 0.01082, 'mae': 1312.17725, 'r2': 0.94865, 'mse': 3841984.75, 'rmse': 1960.09814, 'wmape': 0.09718, 'spearmanr': 0.97252, 'mae_norm': 0.16244, 'r2_norm': 0.94865, 'mse_norm': 0.05888, 'rmse_norm': 0.24265, 'wmape_norm': 0.1914, 'spearmanr_norm': 0.97252, 'mae_real': 1312.17725, 'r2_real': 0.94865, 'mse_real': 3841984.75, 'rmse_real': 1960.09814, 'wmape_real': 0.09718, 'spearmanr_real': 0.97252, 'loss_sup': 0.37381476893310445, 'loss_data': 0.37381476893310445, 'loss_con': 1.3382772451909692, 'lambda_con': 0.0, 'rho_terminal_abs_mean': 7165.733097628215, 'rho_terminal_abs_max': 35084.315716667035, 'loss_old': 0.15153879523345878, 'loss_new': 0.22227597430179089, 'lambda_new_current': 1.0}
> Epoch 141: took 2.4s (avg 2.4s) | Best so far: epoch 141	train_loss: 0.3728	val_loss: 0.3732	test_loss: 0.3738	val_rmse_norm: 0.2424
train: {'epoch': 142, 'time_epoch': 1.43652, 'eta': 82.27451, 'eta_hours': 0.02285, 'loss': 0.3730445, 'lr': 0.00021284, 'params': 332673, 'time_iter': 0.01915, 'mae': 1329.11841, 'r2': 0.94762, 'mse': 3906574.25, 'rmse': 1976.50562, 'wmape': 0.09847, 'spearmanr': 0.97187, 'mae_norm': 0.16454, 'r2_norm': 0.94762, 'mse_norm': 0.05987, 'rmse_norm': 0.24468, 'wmape_norm': 0.19415, 'spearmanr_norm': 0.97187, 'mae_real': 1329.11841, 'r2_real': 0.94762, 'mse_real': 3906574.25, 'rmse_real': 1976.50562, 'wmape_real': 0.09847, 'spearmanr_real': 0.97187, 'loss_sup': 0.37304450173245673, 'loss_data': 0.37304450173245673, 'loss_con': 1.3192269635368368, 'lambda_con': 0.0, 'rho_terminal_abs_mean': 7126.402451143832, 'rho_terminal_abs_max': 35349.737620895256, 'loss_old': 0.15475891929266689, 'loss_new': 0.2182855820464262, 'lambda_new_current': 1.0}
val: {'epoch': 142, 'time_epoch': 0.27084, 'loss': 0.37362443, 'lr': 0, 'params': 332673, 'time_iter': 0.01083, 'mae': 1307.89172, 'r2': 0.94899, 'mse': 3822258.75, 'rmse': 1955.05981, 'wmape': 0.0968, 'spearmanr': 0.97234, 'mae_norm': 0.16191, 'r2_norm': 0.94899, 'mse_norm': 0.05858, 'rmse_norm': 0.24203, 'wmape_norm': 0.19082, 'spearmanr_norm': 0.97234, 'mae_real': 1307.89172, 'r2_real': 0.94899, 'mse_real': 3822258.75, 'rmse_real': 1955.05981, 'wmape_real': 0.0968, 'spearmanr_real': 0.97234, 'loss_sup': 0.3736244336968732, 'loss_data': 0.3736244336968732, 'loss_con': 1.3161836725979208, 'lambda_con': 0.0, 'rho_terminal_abs_mean': 7136.818962241208, 'rho_terminal_abs_max': 34318.074148280844, 'loss_old': 0.15086333753476622, 'loss_new': 0.2227611003304315, 'lambda_new_current': 1.0}
test: {'epoch': 142, 'time_epoch': 0.27037, 'loss': 0.37403631, 'lr': 0, 'params': 332673, 'time_iter': 0.01081, 'mae': 1311.87878, 'r2': 0.94883, 'mse': 3829009.5, 'rmse': 1956.78552, 'wmape': 0.09715, 'spearmanr': 0.97263, 'mae_norm': 0.16241, 'r2_norm': 0.94883, 'mse_norm': 0.05868, 'rmse_norm': 0.24224, 'wmape_norm': 0.19135, 'spearmanr_norm': 0.97263, 'mae_real': 1311.87878, 'r2_real': 0.94883, 'mse_real': 3829009.5, 'rmse_real': 1956.78552, 'wmape_real': 0.09715, 'spearmanr_real': 0.97263, 'loss_sup': 0.37403630982315156, 'loss_data': 0.37403630982315156, 'loss_con': 1.301788418830939, 'lambda_con': 0.0, 'rho_terminal_abs_mean': 7084.944450754245, 'rho_terminal_abs_max': 34398.02437986003, 'loss_old': 0.151435635502683, 'loss_new': 0.22260067909298084, 'lambda_new_current': 1.0}
> Epoch 142: took 2.4s (avg 2.4s) | Best so far: epoch 142	train_loss: 0.3730	val_loss: 0.3736	test_loss: 0.3740	val_rmse_norm: 0.2420
train: {'epoch': 143, 'time_epoch': 1.45852, 'eta': 80.83697, 'eta_hours': 0.02245, 'loss': 0.37282184, 'lr': 0.00020611, 'params': 332673, 'time_iter': 0.01945, 'mae': 1330.27734, 'r2': 0.94759, 'mse': 3909257.75, 'rmse': 1977.18433, 'wmape': 0.09855, 'spearmanr': 0.97188, 'mae_norm': 0.16468, 'r2_norm': 0.94759, 'mse_norm': 0.05991, 'rmse_norm': 0.24477, 'wmape_norm': 0.19432, 'spearmanr_norm': 0.97188, 'mae_real': 1330.27734, 'r2_real': 0.94759, 'mse_real': 3909257.75, 'rmse_real': 1977.18433, 'wmape_real': 0.09855, 'spearmanr_real': 0.97188, 'loss_sup': 0.37282183854668627, 'loss_data': 0.37282183854668627, 'loss_con': 1.3254560000068987, 'lambda_con': 0.0, 'rho_terminal_abs_mean': 7146.709866808129, 'rho_terminal_abs_max': 35346.94678434628, 'loss_old': 0.1550162599201011, 'loss_new': 0.21780558001659203, 'lambda_new_current': 1.0}
val: {'epoch': 143, 'time_epoch': 0.27268, 'loss': 0.37504213, 'lr': 0, 'params': 332673, 'time_iter': 0.01091, 'mae': 1313.87305, 'r2': 0.9487, 'mse': 3844046.25, 'rmse': 1960.6239, 'wmape': 0.09725, 'spearmanr': 0.97217, 'mae_norm': 0.16265, 'r2_norm': 0.9487, 'mse_norm': 0.05891, 'rmse_norm': 0.24272, 'wmape_norm': 0.1917, 'spearmanr_norm': 0.97217, 'mae_real': 1313.87305, 'r2_real': 0.9487, 'mse_real': 3844046.25, 'rmse_real': 1960.6239, 'wmape_real': 0.09725, 'spearmanr_real': 0.97217, 'loss_sup': 0.37504212829621136, 'loss_data': 0.37504212829621136, 'loss_con': 1.324516626039744, 'lambda_con': 0.0, 'rho_terminal_abs_mean': 7157.083257286153, 'rho_terminal_abs_max': 34448.09841985531, 'loss_old': 0.15161839422426712, 'loss_new': 0.2234237346614919, 'lambda_new_current': 1.0}
test: {'epoch': 143, 'time_epoch': 0.2729, 'loss': 0.37548403, 'lr': 0, 'params': 332673, 'time_iter': 0.01092, 'mae': 1317.94263, 'r2': 0.94855, 'mse': 3849918.5, 'rmse': 1962.12097, 'wmape': 0.0976, 'spearmanr': 0.97246, 'mae_norm': 0.16316, 'r2_norm': 0.94855, 'mse_norm': 0.059, 'rmse_norm': 0.2429, 'wmape_norm': 0.19224, 'spearmanr_norm': 0.97246, 'mae_real': 1317.94263, 'r2_real': 0.94855, 'mse_real': 3849918.5, 'rmse_real': 1962.12097, 'wmape_real': 0.0976, 'spearmanr_real': 0.97246, 'loss_sup': 0.3754840305358591, 'loss_data': 0.3754840305358591, 'loss_con': 1.3109431524844057, 'lambda_con': 0.0, 'rho_terminal_abs_mean': 7109.480384686463, 'rho_terminal_abs_max': 34519.089834031576, 'loss_old': 0.15219780198467525, 'loss_new': 0.22328622676644935, 'lambda_new_current': 1.0}
> Epoch 143: took 2.5s (avg 2.4s) | Best so far: epoch 142	train_loss: 0.3730	val_loss: 0.3736	test_loss: 0.3740	val_rmse_norm: 0.2420
train: {'epoch': 144, 'time_epoch': 1.46524, 'eta': 79.4017, 'eta_hours': 0.02206, 'loss': 0.37233569, 'lr': 0.00019946, 'params': 332673, 'time_iter': 0.01954, 'mae': 1329.40796, 'r2': 0.94764, 'mse': 3905446.25, 'rmse': 1976.22021, 'wmape': 0.09849, 'spearmanr': 0.97188, 'mae_norm': 0.16458, 'r2_norm': 0.94764, 'mse_norm': 0.05985, 'rmse_norm': 0.24465, 'wmape_norm': 0.19419, 'spearmanr_norm': 0.97188, 'mae_real': 1329.40796, 'r2_real': 0.94764, 'mse_real': 3905446.25, 'rmse_real': 1976.22021, 'wmape_real': 0.09849, 'spearmanr_real': 0.97188, 'loss_sup': 0.3723356890722618, 'loss_data': 0.3723356890722618, 'loss_con': 1.3249682818127804, 'lambda_con': 0.0, 'rho_terminal_abs_mean': 7141.513501306522, 'rho_terminal_abs_max': 35334.91620410312, 'loss_old': 0.1549622318542721, 'loss_new': 0.2173734566191596, 'lambda_new_current': 1.0}
val: {'epoch': 144, 'time_epoch': 0.27357, 'loss': 0.37600037, 'lr': 0, 'params': 332673, 'time_iter': 0.01094, 'mae': 1315.29236, 'r2': 0.94894, 'mse': 3826369.25, 'rmse': 1956.11072, 'wmape': 0.09735, 'spearmanr': 0.97226, 'mae_norm': 0.16283, 'r2_norm': 0.94894, 'mse_norm': 0.05864, 'rmse_norm': 0.24216, 'wmape_norm': 0.1919, 'spearmanr_norm': 0.97226, 'mae_real': 1315.29236, 'r2_real': 0.94894, 'mse_real': 3826369.25, 'rmse_real': 1956.11072, 'wmape_real': 0.09735, 'spearmanr_real': 0.97226, 'loss_sup': 0.37600037279811316, 'loss_data': 0.37600037279811316, 'loss_con': 1.2944982027870644, 'lambda_con': 0.0, 'rho_terminal_abs_mean': 7063.396846350285, 'rho_terminal_abs_max': 33949.03111843359, 'loss_old': 0.15165916144653455, 'loss_new': 0.22434120956153503, 'lambda_new_current': 1.0}
test: {'epoch': 144, 'time_epoch': 0.27378, 'loss': 0.37591445, 'lr': 0, 'params': 332673, 'time_iter': 0.01095, 'mae': 1318.69824, 'r2': 0.94881, 'mse': 3830143.75, 'rmse': 1957.07532, 'wmape': 0.09766, 'spearmanr': 0.97255, 'mae_norm': 0.16325, 'r2_norm': 0.94881, 'mse_norm': 0.0587, 'rmse_norm': 0.24228, 'wmape_norm': 0.19235, 'spearmanr_norm': 0.97255, 'mae_real': 1318.69824, 'r2_real': 0.94881, 'mse_real': 3830143.75, 'rmse_real': 1957.07532, 'wmape_real': 0.09766, 'spearmanr_real': 0.97255, 'loss_sup': 0.3759144508493929, 'loss_data': 0.3759144508493929, 'loss_con': 1.2813651769614356, 'lambda_con': 0.0, 'rho_terminal_abs_mean': 7016.7014655201165, 'rho_terminal_abs_max': 34089.62268358255, 'loss_old': 0.15223780854953708, 'loss_new': 0.22367664588385464, 'lambda_new_current': 1.0}
> Epoch 144: took 2.5s (avg 2.4s) | Best so far: epoch 142	train_loss: 0.3730	val_loss: 0.3736	test_loss: 0.3740	val_rmse_norm: 0.2420
train: {'epoch': 145, 'time_epoch': 1.4639, 'eta': 77.96551, 'eta_hours': 0.02166, 'loss': 0.37176294, 'lr': 0.00019289, 'params': 332673, 'time_iter': 0.01952, 'mae': 1327.48743, 'r2': 0.94776, 'mse': 3896299.0, 'rmse': 1973.90454, 'wmape': 0.09835, 'spearmanr': 0.97198, 'mae_norm': 0.16434, 'r2_norm': 0.94776, 'mse_norm': 0.05971, 'rmse_norm': 0.24436, 'wmape_norm': 0.19391, 'spearmanr_norm': 0.97198, 'mae_real': 1327.48743, 'r2_real': 0.94776, 'mse_real': 3896299.0, 'rmse_real': 1973.90454, 'wmape_real': 0.09835, 'spearmanr_real': 0.97198, 'loss_sup': 0.37176294431094803, 'loss_data': 0.37176294431094803, 'loss_con': 1.3255743789189613, 'lambda_con': 0.0, 'rho_terminal_abs_mean': 7146.869361930775, 'rho_terminal_abs_max': 35354.30063611149, 'loss_old': 0.15474944385019174, 'loss_new': 0.21701350026529082, 'lambda_new_current': 1.0}
val: {'epoch': 145, 'time_epoch': 0.27347, 'loss': 0.37402016, 'lr': 0, 'params': 332673, 'time_iter': 0.01094, 'mae': 1308.82239, 'r2': 0.94863, 'mse': 3849367.5, 'rmse': 1961.98047, 'wmape': 0.09687, 'spearmanr': 0.97215, 'mae_norm': 0.16203, 'r2_norm': 0.94863, 'mse_norm': 0.05899, 'rmse_norm': 0.24289, 'wmape_norm': 0.19096, 'spearmanr_norm': 0.97215, 'mae_real': 1308.82239, 'r2_real': 0.94863, 'mse_real': 3849367.5, 'rmse_real': 1961.98047, 'wmape_real': 0.09687, 'spearmanr_real': 0.97215, 'loss_sup': 0.37402015796736093, 'loss_data': 0.37402015796736093, 'loss_con': 1.343339927063861, 'lambda_con': 0.0, 'rho_terminal_abs_mean': 7215.43435756794, 'rho_terminal_abs_max': 34660.538686201086, 'loss_old': 0.1509425561625051, 'loss_new': 0.22307759823631132, 'lambda_new_current': 1.0}
test: {'epoch': 145, 'time_epoch': 0.2738, 'loss': 0.37407834, 'lr': 0, 'params': 332673, 'time_iter': 0.01095, 'mae': 1312.6875, 'r2': 0.94856, 'mse': 3849062.0, 'rmse': 1961.90259, 'wmape': 0.09721, 'spearmanr': 0.97249, 'mae_norm': 0.16251, 'r2_norm': 0.94856, 'mse_norm': 0.05899, 'rmse_norm': 0.24288, 'wmape_norm': 0.19147, 'spearmanr_norm': 0.97249, 'mae_real': 1312.6875, 'r2_real': 0.94856, 'mse_real': 3849062.0, 'rmse_real': 1961.90259, 'wmape_real': 0.09721, 'spearmanr_real': 0.97249, 'loss_sup': 0.3740783384551646, 'loss_data': 0.3740783384551646, 'loss_con': 1.3286384952871273, 'lambda_con': 0.0, 'rho_terminal_abs_mean': 7163.809383506685, 'rho_terminal_abs_max': 34818.25896233077, 'loss_old': 0.15157162789647077, 'loss_new': 0.22250671234536148, 'lambda_new_current': 1.0}
> Epoch 145: took 2.5s (avg 2.4s) | Best so far: epoch 142	train_loss: 0.3730	val_loss: 0.3736	test_loss: 0.3740	val_rmse_norm: 0.2420
train: {'epoch': 146, 'time_epoch': 1.46333, 'eta': 76.52874, 'eta_hours': 0.02126, 'loss': 0.37188448, 'lr': 0.00018641, 'params': 332673, 'time_iter': 0.01951, 'mae': 1327.23694, 'r2': 0.94768, 'mse': 3902468.0, 'rmse': 1975.46655, 'wmape': 0.09833, 'spearmanr': 0.97193, 'mae_norm': 0.16431, 'r2_norm': 0.94768, 'mse_norm': 0.05981, 'rmse_norm': 0.24456, 'wmape_norm': 0.19387, 'spearmanr_norm': 0.97193, 'mae_real': 1327.23694, 'r2_real': 0.94768, 'mse_real': 3902468.0, 'rmse_real': 1975.46655, 'wmape_real': 0.09833, 'spearmanr_real': 0.97193, 'loss_sup': 0.3718844776640909, 'loss_data': 0.3718844776640909, 'loss_con': 1.3249108684723345, 'lambda_con': 0.0, 'rho_terminal_abs_mean': 7141.9883268202275, 'rho_terminal_abs_max': 35158.297505856666, 'loss_old': 0.15467714990405307, 'loss_new': 0.21720732716499186, 'lambda_new_current': 1.0}
val: {'epoch': 146, 'time_epoch': 0.27297, 'loss': 0.37430338, 'lr': 0, 'params': 332673, 'time_iter': 0.01092, 'mae': 1309.22498, 'r2': 0.94863, 'mse': 3849255.25, 'rmse': 1961.9519, 'wmape': 0.0969, 'spearmanr': 0.97212, 'mae_norm': 0.16208, 'r2_norm': 0.94863, 'mse_norm': 0.05899, 'rmse_norm': 0.24288, 'wmape_norm': 0.19102, 'spearmanr_norm': 0.97212, 'mae_real': 1309.22498, 'r2_real': 0.94863, 'mse_real': 3849255.25, 'rmse_real': 1961.9519, 'wmape_real': 0.0969, 'spearmanr_real': 0.97212, 'loss_sup': 0.3743033838248685, 'loss_data': 0.3743033838248685, 'loss_con': 1.3710469450664176, 'lambda_con': 0.0, 'rho_terminal_abs_mean': 7290.3841597493165, 'rho_terminal_abs_max': 34806.41851824096, 'loss_old': 0.15095144908221617, 'loss_new': 0.22335193235501247, 'lambda_new_current': 1.0}
test: {'epoch': 146, 'time_epoch': 0.27301, 'loss': 0.37466636, 'lr': 0, 'params': 332673, 'time_iter': 0.01092, 'mae': 1313.30298, 'r2': 0.94849, 'mse': 3854534.75, 'rmse': 1963.29688, 'wmape': 0.09726, 'spearmanr': 0.97242, 'mae_norm': 0.16258, 'r2_norm': 0.94849, 'mse_norm': 0.05907, 'rmse_norm': 0.24305, 'wmape_norm': 0.19156, 'spearmanr_norm': 0.97242, 'mae_real': 1313.30298, 'r2_real': 0.94849, 'mse_real': 3854534.75, 'rmse_real': 1963.29688, 'wmape_real': 0.09726, 'spearmanr_real': 0.97242, 'loss_sup': 0.3746663593604354, 'loss_data': 0.3746663593604354, 'loss_con': 1.3570782789484894, 'lambda_con': 0.0, 'rho_terminal_abs_mean': 7241.706215127292, 'rho_terminal_abs_max': 34716.24952864425, 'loss_old': 0.15155057866633048, 'loss_new': 0.2231157765231143, 'lambda_new_current': 1.0}
> Epoch 146: took 2.5s (avg 2.4s) | Best so far: epoch 142	train_loss: 0.3730	val_loss: 0.3736	test_loss: 0.3740	val_rmse_norm: 0.2420
train: {'epoch': 147, 'time_epoch': 1.46144, 'eta': 75.09095, 'eta_hours': 0.02086, 'loss': 0.37131853, 'lr': 0.00018002, 'params': 332673, 'time_iter': 0.01949, 'mae': 1326.75195, 'r2': 0.94783, 'mse': 3891456.75, 'rmse': 1972.67761, 'wmape': 0.09829, 'spearmanr': 0.97203, 'mae_norm': 0.16425, 'r2_norm': 0.94783, 'mse_norm': 0.05964, 'rmse_norm': 0.24421, 'wmape_norm': 0.1938, 'spearmanr_norm': 0.97203, 'mae_real': 1326.75195, 'r2_real': 0.94783, 'mse_real': 3891456.75, 'rmse_real': 1972.67761, 'wmape_real': 0.09829, 'spearmanr_real': 0.97203, 'loss_sup': 0.37131853495923484, 'loss_data': 0.37131853495923484, 'loss_con': 1.3270251909690387, 'lambda_con': 0.0, 'rho_terminal_abs_mean': 7144.391614990476, 'rho_terminal_abs_max': 35407.66817515753, 'loss_old': 0.15472003318517283, 'loss_new': 0.21659850038187198, 'lambda_new_current': 1.0}
val: {'epoch': 147, 'time_epoch': 0.27339, 'loss': 0.3735081, 'lr': 0, 'params': 332673, 'time_iter': 0.01094, 'mae': 1308.88501, 'r2': 0.9489, 'mse': 3829187.75, 'rmse': 1956.83105, 'wmape': 0.09688, 'spearmanr': 0.9723, 'mae_norm': 0.16204, 'r2_norm': 0.9489, 'mse_norm': 0.05868, 'rmse_norm': 0.24225, 'wmape_norm': 0.19097, 'spearmanr_norm': 0.9723, 'mae_real': 1308.88501, 'r2_real': 0.9489, 'mse_real': 3829187.75, 'rmse_real': 1956.83105, 'wmape_real': 0.09688, 'spearmanr_real': 0.9723, 'loss_sup': 0.3735081049021272, 'loss_data': 0.3735081049021272, 'loss_con': 1.3018827902909793, 'lambda_con': 0.0, 'rho_terminal_abs_mean': 7092.7123597183745, 'rho_terminal_abs_max': 34143.222992477095, 'loss_old': 0.15106625994559977, 'loss_new': 0.22244184674931625, 'lambda_new_current': 1.0}
test: {'epoch': 147, 'time_epoch': 0.27273, 'loss': 0.37345882, 'lr': 0, 'params': 332673, 'time_iter': 0.01091, 'mae': 1311.97925, 'r2': 0.94882, 'mse': 3829516.75, 'rmse': 1956.91516, 'wmape': 0.09716, 'spearmanr': 0.97261, 'mae_norm': 0.16242, 'r2_norm': 0.94882, 'mse_norm': 0.05869, 'rmse_norm': 0.24226, 'wmape_norm': 0.19137, 'spearmanr_norm': 0.97261, 'mae_real': 1311.97925, 'r2_real': 0.94882, 'mse_real': 3829516.75, 'rmse_real': 1956.91516, 'wmape_real': 0.09716, 'spearmanr_real': 0.97261, 'loss_sup': 0.3734588178127904, 'loss_data': 0.3734588178127904, 'loss_con': 1.2875653869790302, 'lambda_con': 0.0, 'rho_terminal_abs_mean': 7043.200756150887, 'rho_terminal_abs_max': 34373.04510041117, 'loss_old': 0.15158239002075974, 'loss_new': 0.22187642660320536, 'lambda_new_current': 1.0}
> Epoch 147: took 2.5s (avg 2.4s) | Best so far: epoch 142	train_loss: 0.3730	val_loss: 0.3736	test_loss: 0.3740	val_rmse_norm: 0.2420
train: {'epoch': 148, 'time_epoch': 1.45726, 'eta': 73.65141, 'eta_hours': 0.02046, 'loss': 0.37240987, 'lr': 0.00017371, 'params': 332673, 'time_iter': 0.01943, 'mae': 1328.62085, 'r2': 0.94765, 'mse': 3904895.5, 'rmse': 1976.08081, 'wmape': 0.09843, 'spearmanr': 0.97193, 'mae_norm': 0.16448, 'r2_norm': 0.94765, 'mse_norm': 0.05984, 'rmse_norm': 0.24463, 'wmape_norm': 0.19407, 'spearmanr_norm': 0.97193, 'mae_real': 1328.62085, 'r2_real': 0.94765, 'mse_real': 3904895.5, 'rmse_real': 1976.08081, 'wmape_real': 0.09843, 'spearmanr_real': 0.97193, 'loss_sup': 0.3724098749059438, 'loss_data': 0.3724098749059438, 'loss_con': 1.321414365290656, 'lambda_con': 0.0, 'rho_terminal_abs_mean': 7132.839962927803, 'rho_terminal_abs_max': 35291.841446179234, 'loss_old': 0.1548119977024393, 'loss_new': 0.21759787739793038, 'lambda_new_current': 1.0}
val: {'epoch': 148, 'time_epoch': 0.2734, 'loss': 0.37283142, 'lr': 0, 'params': 332673, 'time_iter': 0.01094, 'mae': 1307.00708, 'r2': 0.94903, 'mse': 3819341.0, 'rmse': 1954.31348, 'wmape': 0.09674, 'spearmanr': 0.97235, 'mae_norm': 0.1618, 'r2_norm': 0.94903, 'mse_norm': 0.05853, 'rmse_norm': 0.24194, 'wmape_norm': 0.19069, 'spearmanr_norm': 0.97235, 'mae_real': 1307.00708, 'r2_real': 0.94903, 'mse_real': 3819341.0, 'rmse_real': 1954.31348, 'wmape_real': 0.09674, 'spearmanr_real': 0.97235, 'loss_sup': 0.3728314221683464, 'loss_data': 0.3728314221683464, 'loss_con': 1.3144227817707457, 'lambda_con': 0.0, 'rho_terminal_abs_mean': 7136.122606667666, 'rho_terminal_abs_max': 33948.97356999379, 'loss_old': 0.15088073197907267, 'loss_new': 0.22195068721090083, 'lambda_new_current': 1.0}
test: {'epoch': 148, 'time_epoch': 0.27525, 'loss': 0.37270199, 'lr': 0, 'params': 332673, 'time_iter': 0.01101, 'mae': 1310.32971, 'r2': 0.94897, 'mse': 3818261.5, 'rmse': 1954.03723, 'wmape': 0.09704, 'spearmanr': 0.97268, 'mae_norm': 0.16221, 'r2_norm': 0.94897, 'mse_norm': 0.05852, 'rmse_norm': 0.2419, 'wmape_norm': 0.19113, 'spearmanr_norm': 0.97268, 'mae_real': 1310.32971, 'r2_real': 0.94897, 'mse_real': 3818261.5, 'rmse_real': 1954.03723, 'wmape_real': 0.09704, 'spearmanr_real': 0.97268, 'loss_sup': 0.3727019876514196, 'loss_data': 0.3727019876514196, 'loss_con': 1.3004132230768086, 'lambda_con': 0.0, 'rho_terminal_abs_mean': 7084.51370535002, 'rho_terminal_abs_max': 34312.44699237304, 'loss_old': 0.15145532276357215, 'loss_new': 0.22124666787400382, 'lambda_new_current': 1.0}
> Epoch 148: took 2.5s (avg 2.4s) | Best so far: epoch 148	train_loss: 0.3724	val_loss: 0.3728	test_loss: 0.3727	val_rmse_norm: 0.2419
train: {'epoch': 149, 'time_epoch': 1.43687, 'eta': 72.20485, 'eta_hours': 0.02006, 'loss': 0.37100052, 'lr': 0.00016749, 'params': 332673, 'time_iter': 0.01916, 'mae': 1325.9856, 'r2': 0.94791, 'mse': 3885517.75, 'rmse': 1971.17163, 'wmape': 0.09824, 'spearmanr': 0.97206, 'mae_norm': 0.16415, 'r2_norm': 0.94791, 'mse_norm': 0.05955, 'rmse_norm': 0.24402, 'wmape_norm': 0.19369, 'spearmanr_norm': 0.97206, 'mae_real': 1325.9856, 'r2_real': 0.94791, 'mse_real': 3885517.75, 'rmse_real': 1971.17163, 'wmape_real': 0.09824, 'spearmanr_real': 0.97206, 'loss_sup': 0.37100051917595156, 'loss_data': 0.37100051917595156, 'loss_con': 1.3182318712096268, 'lambda_con': 0.0, 'rho_terminal_abs_mean': 7124.39732424385, 'rho_terminal_abs_max': 35272.27298006447, 'loss_old': 0.1546499745990936, 'loss_new': 0.21635054576405974, 'lambda_new_current': 1.0}
val: {'epoch': 149, 'time_epoch': 0.27009, 'loss': 0.37306481, 'lr': 0, 'params': 332673, 'time_iter': 0.0108, 'mae': 1308.29517, 'r2': 0.94868, 'mse': 3845740.0, 'rmse': 1961.05579, 'wmape': 0.09683, 'spearmanr': 0.97219, 'mae_norm': 0.16196, 'r2_norm': 0.94868, 'mse_norm': 0.05894, 'rmse_norm': 0.24277, 'wmape_norm': 0.19088, 'spearmanr_norm': 0.97219, 'mae_real': 1308.29517, 'r2_real': 0.94868, 'mse_real': 3845740.0, 'rmse_real': 1961.05579, 'wmape_real': 0.09683, 'spearmanr_real': 0.97219, 'loss_sup': 0.37306480831879674, 'loss_data': 0.37306480831879674, 'loss_con': 1.3707501603270762, 'lambda_con': 0.0, 'rho_terminal_abs_mean': 7267.821934202433, 'rho_terminal_abs_max': 35039.289343362565, 'loss_old': 0.1510597764932842, 'loss_new': 0.22200503301234448, 'lambda_new_current': 1.0}
test: {'epoch': 149, 'time_epoch': 0.27057, 'loss': 0.37324925, 'lr': 0, 'params': 332673, 'time_iter': 0.01082, 'mae': 1311.80396, 'r2': 0.94859, 'mse': 3846537.25, 'rmse': 1961.25916, 'wmape': 0.09715, 'spearmanr': 0.97253, 'mae_norm': 0.1624, 'r2_norm': 0.94859, 'mse_norm': 0.05895, 'rmse_norm': 0.2428, 'wmape_norm': 0.19134, 'spearmanr_norm': 0.97253, 'mae_real': 1311.80396, 'r2_real': 0.94859, 'mse_real': 3846537.25, 'rmse_real': 1961.25916, 'wmape_real': 0.09715, 'spearmanr_real': 0.97253, 'loss_sup': 0.3732492515220697, 'loss_data': 0.3732492515220697, 'loss_con': 1.3557025801496654, 'lambda_con': 0.0, 'rho_terminal_abs_mean': 7216.101008161677, 'rho_terminal_abs_max': 35223.714963730425, 'loss_old': 0.1515977403185606, 'loss_new': 0.2216515123871585, 'lambda_new_current': 1.0}
> Epoch 149: took 2.5s (avg 2.4s) | Best so far: epoch 148	train_loss: 0.3724	val_loss: 0.3728	test_loss: 0.3727	val_rmse_norm: 0.2419
train: {'epoch': 150, 'time_epoch': 1.44873, 'eta': 70.76225, 'eta_hours': 0.01966, 'loss': 0.37073443, 'lr': 0.00016136, 'params': 332673, 'time_iter': 0.01932, 'mae': 1325.09314, 'r2': 0.94797, 'mse': 3880782.0, 'rmse': 1969.97009, 'wmape': 0.09817, 'spearmanr': 0.97208, 'mae_norm': 0.16404, 'r2_norm': 0.94797, 'mse_norm': 0.05948, 'rmse_norm': 0.24388, 'wmape_norm': 0.19356, 'spearmanr_norm': 0.97208, 'mae_real': 1325.09314, 'r2_real': 0.94797, 'mse_real': 3880782.0, 'rmse_real': 1969.97009, 'wmape_real': 0.09817, 'spearmanr_real': 0.97208, 'loss_sup': 0.37073443370917836, 'loss_data': 0.37073443370917836, 'loss_con': 1.3230813653391194, 'lambda_con': 0.0, 'rho_terminal_abs_mean': 7135.708305707953, 'rho_terminal_abs_max': 35561.05125454647, 'loss_old': 0.15454869084634362, 'loss_new': 0.2161857428567427, 'lambda_new_current': 1.0}
val: {'epoch': 150, 'time_epoch': 0.27043, 'loss': 0.37402127, 'lr': 0, 'params': 332673, 'time_iter': 0.01082, 'mae': 1309.04382, 'r2': 0.94898, 'mse': 3823472.0, 'rmse': 1955.37, 'wmape': 0.09689, 'spearmanr': 0.97225, 'mae_norm': 0.16205, 'r2_norm': 0.94898, 'mse_norm': 0.0586, 'rmse_norm': 0.24207, 'wmape_norm': 0.19099, 'spearmanr_norm': 0.97225, 'mae_real': 1309.04382, 'r2_real': 0.94898, 'mse_real': 3823472.0, 'rmse_real': 1955.37, 'wmape_real': 0.09689, 'spearmanr_real': 0.97225, 'loss_sup': 0.3740212654879667, 'loss_data': 0.3740212654879667, 'loss_con': 1.299368914674422, 'lambda_con': 0.0, 'rho_terminal_abs_mean': 7074.937520553163, 'rho_terminal_abs_max': 34205.2329904614, 'loss_old': 0.1509815976622331, 'loss_new': 0.2230396702063231, 'lambda_new_current': 1.0}
test: {'epoch': 150, 'time_epoch': 0.27292, 'loss': 0.37391297, 'lr': 0, 'params': 332673, 'time_iter': 0.01092, 'mae': 1312.35938, 'r2': 0.94886, 'mse': 3826212.5, 'rmse': 1956.07068, 'wmape': 0.09719, 'spearmanr': 0.97256, 'mae_norm': 0.16247, 'r2_norm': 0.94886, 'mse_norm': 0.05864, 'rmse_norm': 0.24215, 'wmape_norm': 0.19142, 'spearmanr_norm': 0.97256, 'mae_real': 1312.35938, 'r2_real': 0.94886, 'mse_real': 3826212.5, 'rmse_real': 1956.07068, 'wmape_real': 0.09719, 'spearmanr_real': 0.97256, 'loss_sup': 0.3739129695710294, 'loss_data': 0.3739129695710294, 'loss_con': 1.2851461063208887, 'lambda_con': 0.0, 'rho_terminal_abs_mean': 7022.483142744499, 'rho_terminal_abs_max': 34189.75364726099, 'loss_old': 0.15154948089097878, 'loss_new': 0.22236349106936232, 'lambda_new_current': 1.0}
> Epoch 150: took 2.5s (avg 2.4s) | Best so far: epoch 148	train_loss: 0.3724	val_loss: 0.3728	test_loss: 0.3727	val_rmse_norm: 0.2419
train: {'epoch': 151, 'time_epoch': 1.45742, 'eta': 69.32232, 'eta_hours': 0.01926, 'loss': 0.37107365, 'lr': 0.00015532, 'params': 332673, 'time_iter': 0.01943, 'mae': 1325.68079, 'r2': 0.94795, 'mse': 3882555.25, 'rmse': 1970.42004, 'wmape': 0.09821, 'spearmanr': 0.97208, 'mae_norm': 0.16411, 'r2_norm': 0.94795, 'mse_norm': 0.0595, 'rmse_norm': 0.24393, 'wmape_norm': 0.19364, 'spearmanr_norm': 0.97208, 'mae_real': 1325.68079, 'r2_real': 0.94795, 'mse_real': 3882555.25, 'rmse_real': 1970.42004, 'wmape_real': 0.09821, 'spearmanr_real': 0.97208, 'loss_sup': 0.37107364778156376, 'loss_data': 0.37107364778156376, 'loss_con': 1.3193690131968894, 'lambda_con': 0.0, 'rho_terminal_abs_mean': 7128.023288544098, 'rho_terminal_abs_max': 35079.30974343113, 'loss_old': 0.15458027313599118, 'loss_new': 0.21649337285739917, 'lambda_new_current': 1.0}
val: {'epoch': 151, 'time_epoch': 0.27266, 'loss': 0.37247313, 'lr': 0, 'params': 332673, 'time_iter': 0.01091, 'mae': 1307.75977, 'r2': 0.94892, 'mse': 3827481.5, 'rmse': 1956.39502, 'wmape': 0.09679, 'spearmanr': 0.97221, 'mae_norm': 0.1619, 'r2_norm': 0.94892, 'mse_norm': 0.05866, 'rmse_norm': 0.24219, 'wmape_norm': 0.1908, 'spearmanr_norm': 0.97221, 'mae_real': 1307.75977, 'r2_real': 0.94892, 'mse_real': 3827481.5, 'rmse_real': 1956.39502, 'wmape_real': 0.09679, 'spearmanr_real': 0.97221, 'loss_sup': 0.37247312648541464, 'loss_data': 0.37247312648541464, 'loss_con': 1.3645476034092305, 'lambda_con': 0.0, 'rho_terminal_abs_mean': 7265.423791868182, 'rho_terminal_abs_max': 34419.42015276228, 'loss_old': 0.15109600440584312, 'loss_new': 0.22137712147935476, 'lambda_new_current': 1.0}
test: {'epoch': 151, 'time_epoch': 0.27192, 'loss': 0.37293027, 'lr': 0, 'params': 332673, 'time_iter': 0.01088, 'mae': 1311.53442, 'r2': 0.94878, 'mse': 3832571.5, 'rmse': 1957.69543, 'wmape': 0.09713, 'spearmanr': 0.9725, 'mae_norm': 0.16236, 'r2_norm': 0.94878, 'mse_norm': 0.05874, 'rmse_norm': 0.24236, 'wmape_norm': 0.1913, 'spearmanr_norm': 0.9725, 'mae_real': 1311.53442, 'r2_real': 0.94878, 'mse_real': 3832571.5, 'rmse_real': 1957.69543, 'wmape_real': 0.09713, 'spearmanr_real': 0.9725, 'loss_sup': 0.37293027162574327, 'loss_data': 0.37293027162574327, 'loss_con': 1.3492435935551792, 'lambda_con': 0.0, 'rho_terminal_abs_mean': 7212.560581508629, 'rho_terminal_abs_max': 34781.62747675916, 'loss_old': 0.15162023906884517, 'loss_new': 0.22131003315068717, 'lambda_new_current': 1.0}
> Epoch 151: took 2.5s (avg 2.4s) | Best so far: epoch 148	train_loss: 0.3724	val_loss: 0.3728	test_loss: 0.3727	val_rmse_norm: 0.2419
train: {'epoch': 152, 'time_epoch': 1.4546, 'eta': 67.88129, 'eta_hours': 0.01886, 'loss': 0.3699032, 'lr': 0.00014938, 'params': 332673, 'time_iter': 0.01939, 'mae': 1323.26392, 'r2': 0.94809, 'mse': 3871893.5, 'rmse': 1967.71277, 'wmape': 0.09803, 'spearmanr': 0.97212, 'mae_norm': 0.16382, 'r2_norm': 0.94809, 'mse_norm': 0.05934, 'rmse_norm': 0.2436, 'wmape_norm': 0.19329, 'spearmanr_norm': 0.97212, 'mae_real': 1323.26392, 'r2_real': 0.94809, 'mse_real': 3871893.5, 'rmse_real': 1967.71277, 'wmape_real': 0.09803, 'spearmanr_real': 0.97212, 'loss_sup': 0.369903204247216, 'loss_data': 0.369903204247216, 'loss_con': 1.3240950213142877, 'lambda_con': 0.0, 'rho_terminal_abs_mean': 7139.600347915056, 'rho_terminal_abs_max': 35432.08967155796, 'loss_old': 0.15440839778131743, 'loss_new': 0.21549480666662446, 'lambda_new_current': 1.0}
val: {'epoch': 152, 'time_epoch': 0.27352, 'loss': 0.37229574, 'lr': 0, 'params': 332673, 'time_iter': 0.01094, 'mae': 1307.53882, 'r2': 0.94896, 'mse': 3825099.25, 'rmse': 1955.78613, 'wmape': 0.09678, 'spearmanr': 0.97228, 'mae_norm': 0.16187, 'r2_norm': 0.94896, 'mse_norm': 0.05862, 'rmse_norm': 0.24212, 'wmape_norm': 0.19077, 'spearmanr_norm': 0.97228, 'mae_real': 1307.53882, 'r2_real': 0.94896, 'mse_real': 3825099.25, 'rmse_real': 1955.78613, 'wmape_real': 0.09678, 'spearmanr_real': 0.97228, 'loss_sup': 0.37229574241392965, 'loss_data': 0.37229574241392965, 'loss_con': 1.3471749662872294, 'lambda_con': 0.0, 'rho_terminal_abs_mean': 7205.968653608875, 'rho_terminal_abs_max': 34581.407460692324, 'loss_old': 0.15109527968596018, 'loss_new': 0.22120046331795387, 'lambda_new_current': 1.0}
test: {'epoch': 152, 'time_epoch': 0.2744, 'loss': 0.37261489, 'lr': 0, 'params': 332673, 'time_iter': 0.01098, 'mae': 1310.95703, 'r2': 0.94883, 'mse': 3828440.75, 'rmse': 1956.64014, 'wmape': 0.09708, 'spearmanr': 0.97258, 'mae_norm': 0.16229, 'r2_norm': 0.94883, 'mse_norm': 0.05867, 'rmse_norm': 0.24222, 'wmape_norm': 0.19122, 'spearmanr_norm': 0.97258, 'mae_real': 1310.95703, 'r2_real': 0.94883, 'mse_real': 3828440.75, 'rmse_real': 1956.64014, 'wmape_real': 0.09708, 'spearmanr_real': 0.97258, 'loss_sup': 0.3726148934444987, 'loss_data': 0.3726148934444987, 'loss_con': 1.3307893164261484, 'lambda_con': 0.0, 'rho_terminal_abs_mean': 7152.560096652122, 'rho_terminal_abs_max': 34946.85122596795, 'loss_old': 0.15158769067656144, 'loss_new': 0.22102720396630357, 'lambda_new_current': 1.0}
> Epoch 152: took 2.5s (avg 2.4s) | Best so far: epoch 148	train_loss: 0.3724	val_loss: 0.3728	test_loss: 0.3727	val_rmse_norm: 0.2419
train: {'epoch': 153, 'time_epoch': 1.44895, 'eta': 66.43841, 'eta_hours': 0.01846, 'loss': 0.36983906, 'lr': 0.00014354, 'params': 332673, 'time_iter': 0.01932, 'mae': 1323.43188, 'r2': 0.94809, 'mse': 3872075.75, 'rmse': 1967.75903, 'wmape': 0.09805, 'spearmanr': 0.97214, 'mae_norm': 0.16384, 'r2_norm': 0.94809, 'mse_norm': 0.05934, 'rmse_norm': 0.2436, 'wmape_norm': 0.19332, 'spearmanr_norm': 0.97214, 'mae_real': 1323.43188, 'r2_real': 0.94809, 'mse_real': 3872075.75, 'rmse_real': 1967.75903, 'wmape_real': 0.09805, 'spearmanr_real': 0.97214, 'loss_sup': 0.36983906065474004, 'loss_data': 0.36983906065474004, 'loss_con': 1.3240872381528503, 'lambda_con': 0.0, 'rho_terminal_abs_mean': 7137.601328974895, 'rho_terminal_abs_max': 35346.11052168608, 'loss_old': 0.15445428270834557, 'loss_new': 0.21538477894228916, 'lambda_new_current': 1.0}
val: {'epoch': 153, 'time_epoch': 0.27319, 'loss': 0.37203841, 'lr': 0, 'params': 332673, 'time_iter': 0.01093, 'mae': 1307.07642, 'r2': 0.94898, 'mse': 3823493.0, 'rmse': 1955.37537, 'wmape': 0.09674, 'spearmanr': 0.97235, 'mae_norm': 0.16181, 'r2_norm': 0.94898, 'mse_norm': 0.0586, 'rmse_norm': 0.24207, 'wmape_norm': 0.1907, 'spearmanr_norm': 0.97235, 'mae_real': 1307.07642, 'r2_real': 0.94898, 'mse_real': 3823493.0, 'rmse_real': 1955.37537, 'wmape_real': 0.09674, 'spearmanr_real': 0.97235, 'loss_sup': 0.3720384128989308, 'loss_data': 0.3720384128989308, 'loss_con': 1.3379512966345273, 'lambda_con': 0.0, 'rho_terminal_abs_mean': 7196.79692398371, 'rho_terminal_abs_max': 34362.28244194035, 'loss_old': 0.15106937786082691, 'loss_new': 0.22096903504141066, 'lambda_new_current': 1.0}
test: {'epoch': 153, 'time_epoch': 0.27271, 'loss': 0.37266217, 'lr': 0, 'params': 332673, 'time_iter': 0.01091, 'mae': 1311.27173, 'r2': 0.94873, 'mse': 3836562.5, 'rmse': 1958.71448, 'wmape': 0.09711, 'spearmanr': 0.9726, 'mae_norm': 0.16233, 'r2_norm': 0.94873, 'mse_norm': 0.0588, 'rmse_norm': 0.24248, 'wmape_norm': 0.19127, 'spearmanr_norm': 0.9726, 'mae_real': 1311.27173, 'r2_real': 0.94873, 'mse_real': 3836562.5, 'rmse_real': 1958.71448, 'wmape_real': 0.09711, 'spearmanr_real': 0.9726, 'loss_sup': 0.372662173004135, 'loss_data': 0.372662173004135, 'loss_con': 1.3246825541253842, 'lambda_con': 0.0, 'rho_terminal_abs_mean': 7147.8981887750015, 'rho_terminal_abs_max': 34524.19466049112, 'loss_old': 0.15163385955089229, 'loss_new': 0.22102831821777294, 'lambda_new_current': 1.0}
> Epoch 153: took 2.5s (avg 2.4s) | Best so far: epoch 148	train_loss: 0.3724	val_loss: 0.3728	test_loss: 0.3727	val_rmse_norm: 0.2419
train: {'epoch': 154, 'time_epoch': 1.46273, 'eta': 64.99944, 'eta_hours': 0.01806, 'loss': 0.36962103, 'lr': 0.00013779, 'params': 332673, 'time_iter': 0.0195, 'mae': 1323.30518, 'r2': 0.94812, 'mse': 3869680.5, 'rmse': 1967.15039, 'wmape': 0.09804, 'spearmanr': 0.9722, 'mae_norm': 0.16382, 'r2_norm': 0.94812, 'mse_norm': 0.0593, 'rmse_norm': 0.24353, 'wmape_norm': 0.1933, 'spearmanr_norm': 0.9722, 'mae_real': 1323.30518, 'r2_real': 0.94812, 'mse_real': 3869680.5, 'rmse_real': 1967.15039, 'wmape_real': 0.09804, 'spearmanr_real': 0.9722, 'loss_sup': 0.3696210339126776, 'loss_data': 0.3696210339126776, 'loss_con': 1.3248384095482075, 'lambda_con': 0.0, 'rho_terminal_abs_mean': 7137.4946786243045, 'rho_terminal_abs_max': 35442.843900727996, 'loss_old': 0.1544794389128454, 'loss_new': 0.21514159520673323, 'lambda_new_current': 1.0}
val: {'epoch': 154, 'time_epoch': 0.27502, 'loss': 0.37200488, 'lr': 0, 'params': 332673, 'time_iter': 0.011, 'mae': 1307.67773, 'r2': 0.94876, 'mse': 3839988.5, 'rmse': 1959.58887, 'wmape': 0.09679, 'spearmanr': 0.97217, 'mae_norm': 0.16189, 'r2_norm': 0.94876, 'mse_norm': 0.05885, 'rmse_norm': 0.24259, 'wmape_norm': 0.19079, 'spearmanr_norm': 0.97217, 'mae_real': 1307.67773, 'r2_real': 0.94876, 'mse_real': 3839988.5, 'rmse_real': 1959.58887, 'wmape_real': 0.09679, 'spearmanr_real': 0.97217, 'loss_sup': 0.372004879807426, 'loss_data': 0.372004879807426, 'loss_con': 1.3908000611350075, 'lambda_con': 0.0, 'rho_terminal_abs_mean': 7312.94274455267, 'rho_terminal_abs_max': 35214.63286416811, 'loss_old': 0.15118424822503404, 'loss_new': 0.22082062979540568, 'lambda_new_current': 1.0}
test: {'epoch': 154, 'time_epoch': 0.2729, 'loss': 0.37262584, 'lr': 0, 'params': 332673, 'time_iter': 0.01092, 'mae': 1311.58142, 'r2': 0.94861, 'mse': 3845564.5, 'rmse': 1961.01111, 'wmape': 0.09713, 'spearmanr': 0.97245, 'mae_norm': 0.16237, 'r2_norm': 0.94861, 'mse_norm': 0.05894, 'rmse_norm': 0.24277, 'wmape_norm': 0.19131, 'spearmanr_norm': 0.97245, 'mae_real': 1311.58142, 'r2_real': 0.94861, 'mse_real': 3845564.5, 'rmse_real': 1961.01111, 'wmape_real': 0.09713, 'spearmanr_real': 0.97245, 'loss_sup': 0.3726258393569056, 'loss_data': 0.3726258393569056, 'loss_con': 1.375685116993336, 'lambda_con': 0.0, 'rho_terminal_abs_mean': 7261.169819760045, 'rho_terminal_abs_max': 35542.83185523131, 'loss_old': 0.15169731269126502, 'loss_new': 0.22092852368147964, 'lambda_new_current': 1.0}
> Epoch 154: took 2.5s (avg 2.4s) | Best so far: epoch 148	train_loss: 0.3724	val_loss: 0.3728	test_loss: 0.3727	val_rmse_norm: 0.2419
train: {'epoch': 155, 'time_epoch': 1.45876, 'eta': 63.55905, 'eta_hours': 0.01766, 'loss': 0.3694442, 'lr': 0.00013214, 'params': 332673, 'time_iter': 0.01945, 'mae': 1322.19812, 'r2': 0.94813, 'mse': 3869077.75, 'rmse': 1966.99719, 'wmape': 0.09796, 'spearmanr': 0.9722, 'mae_norm': 0.16368, 'r2_norm': 0.94813, 'mse_norm': 0.0593, 'rmse_norm': 0.24351, 'wmape_norm': 0.19314, 'spearmanr_norm': 0.9722, 'mae_real': 1322.19812, 'r2_real': 0.94813, 'mse_real': 3869077.75, 'rmse_real': 1966.99719, 'wmape_real': 0.09796, 'spearmanr_real': 0.9722, 'loss_sup': 0.36944420038404596, 'loss_data': 0.36944420038404596, 'loss_con': 1.3263012295272434, 'lambda_con': 0.0, 'rho_terminal_abs_mean': 7143.451486991292, 'rho_terminal_abs_max': 35394.96457676294, 'loss_old': 0.15431865964469485, 'loss_new': 0.21512554292725056, 'lambda_new_current': 1.0}
val: {'epoch': 155, 'time_epoch': 0.27237, 'loss': 0.37115955, 'lr': 0, 'params': 332673, 'time_iter': 0.01089, 'mae': 1304.60474, 'r2': 0.94913, 'mse': 3812154.5, 'rmse': 1952.474, 'wmape': 0.09656, 'spearmanr': 0.97238, 'mae_norm': 0.16151, 'r2_norm': 0.94913, 'mse_norm': 0.05842, 'rmse_norm': 0.24171, 'wmape_norm': 0.19034, 'spearmanr_norm': 0.97238, 'mae_real': 1304.60474, 'r2_real': 0.94913, 'mse_real': 3812154.5, 'rmse_real': 1952.474, 'wmape_real': 0.09656, 'spearmanr_real': 0.97238, 'loss_sup': 0.3711595489105304, 'loss_data': 0.3711595489105304, 'loss_con': 1.3661870582374793, 'lambda_con': 0.0, 'rho_terminal_abs_mean': 7256.915230331835, 'rho_terminal_abs_max': 34745.9187742917, 'loss_old': 0.15082357289025636, 'loss_new': 0.220335975423988, 'lambda_new_current': 1.0}
test: {'epoch': 155, 'time_epoch': 0.2704, 'loss': 0.37152203, 'lr': 0, 'params': 332673, 'time_iter': 0.01082, 'mae': 1308.66992, 'r2': 0.94896, 'mse': 3818822.0, 'rmse': 1954.18066, 'wmape': 0.09692, 'spearmanr': 0.97267, 'mae_norm': 0.16201, 'r2_norm': 0.94896, 'mse_norm': 0.05853, 'rmse_norm': 0.24192, 'wmape_norm': 0.19089, 'spearmanr_norm': 0.97267, 'mae_real': 1308.66992, 'r2_real': 0.94896, 'mse_real': 3818822.0, 'rmse_real': 1954.18066, 'wmape_real': 0.09692, 'spearmanr_real': 0.97267, 'loss_sup': 0.3715220293795725, 'loss_data': 0.3715220293795725, 'loss_con': 1.351432143968142, 'lambda_con': 0.0, 'rho_terminal_abs_mean': 7203.866597230487, 'rho_terminal_abs_max': 35260.47257787325, 'loss_old': 0.15142164762898486, 'loss_new': 0.22010038652316227, 'lambda_new_current': 1.0}
> Epoch 155: took 2.5s (avg 2.4s) | Best so far: epoch 155	train_loss: 0.3694	val_loss: 0.3712	test_loss: 0.3715	val_rmse_norm: 0.2417
train: {'epoch': 156, 'time_epoch': 1.46214, 'eta': 62.11935, 'eta_hours': 0.01726, 'loss': 0.36933037, 'lr': 0.00012659, 'params': 332673, 'time_iter': 0.0195, 'mae': 1322.49719, 'r2': 0.94819, 'mse': 3864599.25, 'rmse': 1965.8584, 'wmape': 0.09798, 'spearmanr': 0.97218, 'mae_norm': 0.16372, 'r2_norm': 0.94819, 'mse_norm': 0.05923, 'rmse_norm': 0.24337, 'wmape_norm': 0.19318, 'spearmanr_norm': 0.97218, 'mae_real': 1322.49719, 'r2_real': 0.94819, 'mse_real': 3864599.25, 'rmse_real': 1965.8584, 'wmape_real': 0.09798, 'spearmanr_real': 0.97218, 'loss_sup': 0.369330373273749, 'loss_data': 0.369330373273749, 'loss_con': 1.3258008935338739, 'lambda_con': 0.0, 'rho_terminal_abs_mean': 7143.467141306781, 'rho_terminal_abs_max': 35394.929692457226, 'loss_old': 0.15439894089833317, 'loss_new': 0.21493143257052785, 'lambda_new_current': 1.0}
val: {'epoch': 156, 'time_epoch': 0.27092, 'loss': 0.37243653, 'lr': 0, 'params': 332673, 'time_iter': 0.01084, 'mae': 1307.5072, 'r2': 0.94884, 'mse': 3833736.75, 'rmse': 1957.99304, 'wmape': 0.09678, 'spearmanr': 0.97223, 'mae_norm': 0.16186, 'r2_norm': 0.94884, 'mse_norm': 0.05875, 'rmse_norm': 0.24239, 'wmape_norm': 0.19077, 'spearmanr_norm': 0.97223, 'mae_real': 1307.5072, 'r2_real': 0.94884, 'mse_real': 3833736.75, 'rmse_real': 1957.99304, 'wmape_real': 0.09678, 'spearmanr_real': 0.97223, 'loss_sup': 0.37243652567078056, 'loss_data': 0.37243652567078056, 'loss_con': 1.3163014748361122, 'lambda_con': 0.0, 'rho_terminal_abs_mean': 7136.1538102968025, 'rho_terminal_abs_max': 34174.243841967276, 'loss_old': 0.15105870698374504, 'loss_new': 0.22137781928232328, 'lambda_new_current': 1.0}
test: {'epoch': 156, 'time_epoch': 0.27234, 'loss': 0.37277026, 'lr': 0, 'params': 332673, 'time_iter': 0.01089, 'mae': 1311.25745, 'r2': 0.94868, 'mse': 3839839.25, 'rmse': 1959.55078, 'wmape': 0.09711, 'spearmanr': 0.97252, 'mae_norm': 0.16233, 'r2_norm': 0.94868, 'mse_norm': 0.05885, 'rmse_norm': 0.24259, 'wmape_norm': 0.19126, 'spearmanr_norm': 0.97252, 'mae_real': 1311.25745, 'r2_real': 0.94868, 'mse_real': 3839839.25, 'rmse_real': 1959.55078, 'wmape_real': 0.09711, 'spearmanr_real': 0.97252, 'loss_sup': 0.3727702620014932, 'loss_data': 0.3727702620014932, 'loss_con': 1.3016612442251514, 'lambda_con': 0.0, 'rho_terminal_abs_mean': 7085.09926394802, 'rho_terminal_abs_max': 34575.77526734244, 'loss_old': 0.1516064100827264, 'loss_new': 0.2211638519173949, 'lambda_new_current': 1.0}
> Epoch 156: took 2.5s (avg 2.4s) | Best so far: epoch 155	train_loss: 0.3694	val_loss: 0.3712	test_loss: 0.3715	val_rmse_norm: 0.2417
train: {'epoch': 157, 'time_epoch': 1.44483, 'eta': 60.67477, 'eta_hours': 0.01685, 'loss': 0.36905211, 'lr': 0.00012114, 'params': 332673, 'time_iter': 0.01926, 'mae': 1322.34241, 'r2': 0.94823, 'mse': 3861361.0, 'rmse': 1965.03455, 'wmape': 0.09797, 'spearmanr': 0.97222, 'mae_norm': 0.1637, 'r2_norm': 0.94823, 'mse_norm': 0.05918, 'rmse_norm': 0.24326, 'wmape_norm': 0.19316, 'spearmanr_norm': 0.97222, 'mae_real': 1322.34241, 'r2_real': 0.94823, 'mse_real': 3861361.0, 'rmse_real': 1965.03455, 'wmape_real': 0.09797, 'spearmanr_real': 0.97222, 'loss_sup': 0.36905210621721124, 'loss_data': 0.36905210621721124, 'loss_con': 1.3222262569653855, 'lambda_con': 0.0, 'rho_terminal_abs_mean': 7133.645325780268, 'rho_terminal_abs_max': 35794.675180308375, 'loss_old': 0.1544305950671139, 'loss_new': 0.21462150896469295, 'lambda_new_current': 1.0}
val: {'epoch': 157, 'time_epoch': 0.27055, 'loss': 0.37193116, 'lr': 0, 'params': 332673, 'time_iter': 0.01082, 'mae': 1305.45544, 'r2': 0.94891, 'mse': 3828612.75, 'rmse': 1956.68408, 'wmape': 0.09662, 'spearmanr': 0.97232, 'mae_norm': 0.16161, 'r2_norm': 0.94891, 'mse_norm': 0.05868, 'rmse_norm': 0.24223, 'wmape_norm': 0.19047, 'spearmanr_norm': 0.97232, 'mae_real': 1305.45544, 'r2_real': 0.94891, 'mse_real': 3828612.75, 'rmse_real': 1956.68408, 'wmape_real': 0.09662, 'spearmanr_real': 0.97232, 'loss_sup': 0.3719311617660003, 'loss_data': 0.3719311617660003, 'loss_con': 1.3398468498777774, 'lambda_con': 0.0, 'rho_terminal_abs_mean': 7193.277179707013, 'rho_terminal_abs_max': 34326.95119341565, 'loss_old': 0.15080488274659315, 'loss_new': 0.2211262790159755, 'lambda_new_current': 1.0}
test: {'epoch': 157, 'time_epoch': 0.2707, 'loss': 0.37201944, 'lr': 0, 'params': 332673, 'time_iter': 0.01083, 'mae': 1308.98401, 'r2': 0.94877, 'mse': 3833026.0, 'rmse': 1957.81152, 'wmape': 0.09694, 'spearmanr': 0.97263, 'mae_norm': 0.16205, 'r2_norm': 0.94877, 'mse_norm': 0.05874, 'rmse_norm': 0.24237, 'wmape_norm': 0.19093, 'spearmanr_norm': 0.97263, 'mae_real': 1308.98401, 'r2_real': 0.94877, 'mse_real': 3833026.0, 'rmse_real': 1957.81152, 'wmape_real': 0.09694, 'spearmanr_real': 0.97263, 'loss_sup': 0.37201943709507534, 'loss_data': 0.37201943709507534, 'loss_con': 1.3253862058621726, 'lambda_con': 0.0, 'rho_terminal_abs_mean': 7141.645644499781, 'rho_terminal_abs_max': 34889.33032077496, 'loss_old': 0.15136670302209532, 'loss_new': 0.22065273586045836, 'lambda_new_current': 1.0}
> Epoch 157: took 2.5s (avg 2.4s) | Best so far: epoch 155	train_loss: 0.3694	val_loss: 0.3712	test_loss: 0.3715	val_rmse_norm: 0.2417
train: {'epoch': 158, 'time_epoch': 1.44831, 'eta': 59.23108, 'eta_hours': 0.01645, 'loss': 0.36873705, 'lr': 0.0001158, 'params': 332673, 'time_iter': 0.01931, 'mae': 1321.38635, 'r2': 0.94826, 'mse': 3858879.25, 'rmse': 1964.40308, 'wmape': 0.0979, 'spearmanr': 0.97223, 'mae_norm': 0.16358, 'r2_norm': 0.94826, 'mse_norm': 0.05914, 'rmse_norm': 0.24319, 'wmape_norm': 0.19302, 'spearmanr_norm': 0.97223, 'mae_real': 1321.38635, 'r2_real': 0.94826, 'mse_real': 3858879.25, 'rmse_real': 1964.40308, 'wmape_real': 0.0979, 'spearmanr_real': 0.97223, 'loss_sup': 0.36873705037721904, 'loss_data': 0.36873705037721904, 'loss_con': 1.3250877795524243, 'lambda_con': 0.0, 'rho_terminal_abs_mean': 7144.037571456401, 'rho_terminal_abs_max': 35140.728957371284, 'loss_old': 0.15433432296461094, 'loss_new': 0.21440272761096366, 'lambda_new_current': 1.0}
val: {'epoch': 158, 'time_epoch': 0.26987, 'loss': 0.37185308, 'lr': 0, 'params': 332673, 'time_iter': 0.01079, 'mae': 1307.20496, 'r2': 0.94877, 'mse': 3839053.0, 'rmse': 1959.3501, 'wmape': 0.09675, 'spearmanr': 0.97219, 'mae_norm': 0.16183, 'r2_norm': 0.94877, 'mse_norm': 0.05884, 'rmse_norm': 0.24256, 'wmape_norm': 0.19072, 'spearmanr_norm': 0.97219, 'mae_real': 1307.20496, 'r2_real': 0.94877, 'mse_real': 3839053.0, 'rmse_real': 1959.3501, 'wmape_real': 0.09675, 'spearmanr_real': 0.97219, 'loss_sup': 0.37185308113833637, 'loss_data': 0.37185308113833637, 'loss_con': 1.3846534509522728, 'lambda_con': 0.0, 'rho_terminal_abs_mean': 7301.9348567401385, 'rho_terminal_abs_max': 34984.68928644259, 'loss_old': 0.1511334397653042, 'loss_new': 0.22071964375904984, 'lambda_new_current': 1.0}
test: {'epoch': 158, 'time_epoch': 0.27008, 'loss': 0.37225608, 'lr': 0, 'params': 332673, 'time_iter': 0.0108, 'mae': 1311.05664, 'r2': 0.9486, 'mse': 3845965.25, 'rmse': 1961.11328, 'wmape': 0.09709, 'spearmanr': 0.97249, 'mae_norm': 0.1623, 'r2_norm': 0.9486, 'mse_norm': 0.05894, 'rmse_norm': 0.24278, 'wmape_norm': 0.19123, 'spearmanr_norm': 0.97249, 'mae_real': 1311.05664, 'r2_real': 0.9486, 'mse_real': 3845965.25, 'rmse_real': 1961.11328, 'wmape_real': 0.09709, 'spearmanr_real': 0.97249, 'loss_sup': 0.372256079601809, 'loss_data': 0.372256079601809, 'loss_con': 1.369590974713132, 'lambda_con': 0.0, 'rho_terminal_abs_mean': 7248.603213963615, 'rho_terminal_abs_max': 35485.4682648145, 'loss_old': 0.15168560705922327, 'loss_new': 0.22057047134035312, 'lambda_new_current': 1.0}
> Epoch 158: took 2.5s (avg 2.4s) | Best so far: epoch 155	train_loss: 0.3694	val_loss: 0.3712	test_loss: 0.3715	val_rmse_norm: 0.2417
train: {'epoch': 159, 'time_epoch': 1.44402, 'eta': 57.78625, 'eta_hours': 0.01605, 'loss': 0.36867537, 'lr': 0.00011056, 'params': 332673, 'time_iter': 0.01925, 'mae': 1321.31165, 'r2': 0.9483, 'mse': 3855951.5, 'rmse': 1963.65771, 'wmape': 0.09789, 'spearmanr': 0.97228, 'mae_norm': 0.16357, 'r2_norm': 0.9483, 'mse_norm': 0.05909, 'rmse_norm': 0.24309, 'wmape_norm': 0.19301, 'spearmanr_norm': 0.97228, 'mae_real': 1321.31165, 'r2_real': 0.9483, 'mse_real': 3855951.5, 'rmse_real': 1963.65771, 'wmape_real': 0.09789, 'spearmanr_real': 0.97228, 'loss_sup': 0.3686753654740113, 'loss_data': 0.3686753654740113, 'loss_con': 1.3237787554458142, 'lambda_con': 0.0, 'rho_terminal_abs_mean': 7136.92777999837, 'rho_terminal_abs_max': 35253.78045682486, 'loss_old': 0.1543331873851736, 'loss_new': 0.21434217849155776, 'lambda_new_current': 1.0}
val: {'epoch': 159, 'time_epoch': 0.27019, 'loss': 0.37100151, 'lr': 0, 'params': 332673, 'time_iter': 0.01081, 'mae': 1305.29895, 'r2': 0.94919, 'mse': 3807569.5, 'rmse': 1951.29944, 'wmape': 0.09661, 'spearmanr': 0.9724, 'mae_norm': 0.16159, 'r2_norm': 0.94919, 'mse_norm': 0.05835, 'rmse_norm': 0.24156, 'wmape_norm': 0.19044, 'spearmanr_norm': 0.9724, 'mae_real': 1305.29895, 'r2_real': 0.94919, 'mse_real': 3807569.5, 'rmse_real': 1951.29944, 'wmape_real': 0.09661, 'spearmanr_real': 0.9724, 'loss_sup': 0.37100150715522673, 'loss_data': 0.37100150715522673, 'loss_con': 1.3736085373375932, 'lambda_con': 0.0, 'rho_terminal_abs_mean': 7273.078391066657, 'rho_terminal_abs_max': 34999.84100346116, 'loss_old': 0.1509813941319088, 'loss_new': 0.22002011183873213, 'lambda_new_current': 1.0}
test: {'epoch': 159, 'time_epoch': 0.27018, 'loss': 0.37139939, 'lr': 0, 'params': 332673, 'time_iter': 0.01081, 'mae': 1308.83105, 'r2': 0.94905, 'mse': 3812546.25, 'rmse': 1952.57422, 'wmape': 0.09693, 'spearmanr': 0.97271, 'mae_norm': 0.16203, 'r2_norm': 0.94905, 'mse_norm': 0.05843, 'rmse_norm': 0.24172, 'wmape_norm': 0.19091, 'spearmanr_norm': 0.97271, 'mae_real': 1308.83105, 'r2_real': 0.94905, 'mse_real': 3812546.25, 'rmse_real': 1952.57422, 'wmape_real': 0.09693, 'spearmanr_real': 0.97271, 'loss_sup': 0.3713993899398089, 'loss_data': 0.3713993899398089, 'loss_con': 1.3573332123811186, 'lambda_con': 0.0, 'rho_terminal_abs_mean': 7218.0769285326505, 'rho_terminal_abs_max': 35294.02504724346, 'loss_old': 0.15147704694644049, 'loss_new': 0.21992234179587522, 'lambda_new_current': 1.0}
> Epoch 159: took 2.4s (avg 2.4s) | Best so far: epoch 159	train_loss: 0.3687	val_loss: 0.3710	test_loss: 0.3714	val_rmse_norm: 0.2416
train: {'epoch': 160, 'time_epoch': 1.44908, 'eta': 56.34267, 'eta_hours': 0.01565, 'loss': 0.36819706, 'lr': 0.00010543, 'params': 332673, 'time_iter': 0.01932, 'mae': 1320.28589, 'r2': 0.94838, 'mse': 3850417.25, 'rmse': 1962.24805, 'wmape': 0.09781, 'spearmanr': 0.97226, 'mae_norm': 0.16345, 'r2_norm': 0.94838, 'mse_norm': 0.05901, 'rmse_norm': 0.24292, 'wmape_norm': 0.19286, 'spearmanr_norm': 0.97226, 'mae_real': 1320.28589, 'r2_real': 0.94838, 'mse_real': 3850417.25, 'rmse_real': 1962.24805, 'wmape_real': 0.09781, 'spearmanr_real': 0.97226, 'loss_sup': 0.36819705888738535, 'loss_data': 0.36819705888738535, 'loss_con': 1.3273757575242158, 'lambda_con': 0.0, 'rho_terminal_abs_mean': 7143.3252915662015, 'rho_terminal_abs_max': 35384.495986726804, 'loss_old': 0.15425437985645635, 'loss_new': 0.2139426794303223, 'lambda_new_current': 1.0}
val: {'epoch': 160, 'time_epoch': 0.27268, 'loss': 0.37060626, 'lr': 0, 'params': 332673, 'time_iter': 0.01091, 'mae': 1304.29871, 'r2': 0.94906, 'mse': 3817641.75, 'rmse': 1953.87866, 'wmape': 0.09654, 'spearmanr': 0.9723, 'mae_norm': 0.16147, 'r2_norm': 0.94906, 'mse_norm': 0.05851, 'rmse_norm': 0.24188, 'wmape_norm': 0.1903, 'spearmanr_norm': 0.9723, 'mae_real': 1304.29871, 'r2_real': 0.94906, 'mse_real': 3817641.75, 'rmse_real': 1953.87866, 'wmape_real': 0.09654, 'spearmanr_real': 0.9723, 'loss_sup': 0.3706062562816943, 'loss_data': 0.3706062562816943, 'loss_con': 1.347997499793862, 'lambda_con': 0.0, 'rho_terminal_abs_mean': 7223.142662112262, 'rho_terminal_abs_max': 34486.27755696479, 'loss_old': 0.1508899902882289, 'loss_new': 0.21971626778650383, 'lambda_new_current': 1.0}
test: {'epoch': 160, 'time_epoch': 0.27187, 'loss': 0.37094605, 'lr': 0, 'params': 332673, 'time_iter': 0.01087, 'mae': 1308.38843, 'r2': 0.94891, 'mse': 3822957.5, 'rmse': 1955.23853, 'wmape': 0.09689, 'spearmanr': 0.9726, 'mae_norm': 0.16197, 'r2_norm': 0.94891, 'mse_norm': 0.05859, 'rmse_norm': 0.24205, 'wmape_norm': 0.19085, 'spearmanr_norm': 0.9726, 'mae_real': 1308.38843, 'r2_real': 0.94891, 'mse_real': 3822957.5, 'rmse_real': 1955.23853, 'wmape_real': 0.09689, 'spearmanr_real': 0.9726, 'loss_sup': 0.37094605033192785, 'loss_data': 0.37094605033192785, 'loss_con': 1.3332282969368492, 'lambda_con': 0.0, 'rho_terminal_abs_mean': 7171.129431302278, 'rho_terminal_abs_max': 34697.48801774916, 'loss_old': 0.15149901214149003, 'loss_new': 0.2194470405746361, 'lambda_new_current': 1.0}
> Epoch 160: took 2.5s (avg 2.4s) | Best so far: epoch 159	train_loss: 0.3687	val_loss: 0.3710	test_loss: 0.3714	val_rmse_norm: 0.2416
train: {'epoch': 161, 'time_epoch': 1.45793, 'eta': 54.90109, 'eta_hours': 0.01525, 'loss': 0.36855064, 'lr': 0.00010041, 'params': 332673, 'time_iter': 0.01944, 'mae': 1320.97791, 'r2': 0.94836, 'mse': 3851298.5, 'rmse': 1962.47253, 'wmape': 0.09787, 'spearmanr': 0.9723, 'mae_norm': 0.16353, 'r2_norm': 0.94836, 'mse_norm': 0.05902, 'rmse_norm': 0.24295, 'wmape_norm': 0.19296, 'spearmanr_norm': 0.9723, 'mae_real': 1320.97791, 'r2_real': 0.94836, 'mse_real': 3851298.5, 'rmse_real': 1962.47253, 'wmape_real': 0.09787, 'spearmanr_real': 0.9723, 'loss_sup': 0.36855064480154065, 'loss_data': 0.36855064480154065, 'loss_con': 1.3212135557650122, 'lambda_con': 0.0, 'rho_terminal_abs_mean': 7135.205329108721, 'rho_terminal_abs_max': 35085.80294620577, 'loss_old': 0.15430060096437476, 'loss_new': 0.21425004204791126, 'lambda_new_current': 1.0}
val: {'epoch': 161, 'time_epoch': 0.2727, 'loss': 0.37096278, 'lr': 0, 'params': 332673, 'time_iter': 0.01091, 'mae': 1303.71301, 'r2': 0.94944, 'mse': 3789036.0, 'rmse': 1946.54468, 'wmape': 0.09649, 'spearmanr': 0.97251, 'mae_norm': 0.16139, 'r2_norm': 0.94944, 'mse_norm': 0.05807, 'rmse_norm': 0.24098, 'wmape_norm': 0.19021, 'spearmanr_norm': 0.97251, 'mae_real': 1303.71301, 'r2_real': 0.94944, 'mse_real': 3789036.0, 'rmse_real': 1946.54468, 'wmape_real': 0.09649, 'spearmanr_real': 0.97251, 'loss_sup': 0.3709627805326473, 'loss_data': 0.3709627805326473, 'loss_con': 1.3010033056357633, 'lambda_con': 0.0, 'rho_terminal_abs_mean': 7102.653565229005, 'rho_terminal_abs_max': 33748.50854889737, 'loss_old': 0.1507078288581948, 'loss_new': 0.2202549486911505, 'lambda_new_current': 1.0}
test: {'epoch': 161, 'time_epoch': 0.27303, 'loss': 0.37101467, 'lr': 0, 'params': 332673, 'time_iter': 0.01092, 'mae': 1307.33118, 'r2': 0.94929, 'mse': 3794577.25, 'rmse': 1947.96741, 'wmape': 0.09682, 'spearmanr': 0.9728, 'mae_norm': 0.16184, 'r2_norm': 0.94929, 'mse_norm': 0.05815, 'rmse_norm': 0.24115, 'wmape_norm': 0.19069, 'spearmanr_norm': 0.9728, 'mae_real': 1307.33118, 'r2_real': 0.94929, 'mse_real': 3794577.25, 'rmse_real': 1947.96741, 'wmape_real': 0.09682, 'spearmanr_real': 0.9728, 'loss_sup': 0.3710146652200707, 'loss_data': 0.3710146652200707, 'loss_con': 1.2867504975592752, 'lambda_con': 0.0, 'rho_terminal_abs_mean': 7052.53815397463, 'rho_terminal_abs_max': 34091.540355262696, 'loss_old': 0.15129521087952266, 'loss_new': 0.21971945612073027, 'lambda_new_current': 1.0}
> Epoch 161: took 2.5s (avg 2.4s) | Best so far: epoch 161	train_loss: 0.3686	val_loss: 0.3710	test_loss: 0.3710	val_rmse_norm: 0.2410
train: {'epoch': 162, 'time_epoch': 1.45296, 'eta': 53.45819, 'eta_hours': 0.01485, 'loss': 0.3680765, 'lr': 9.549e-05, 'params': 332673, 'time_iter': 0.01937, 'mae': 1320.29138, 'r2': 0.94834, 'mse': 3853052.75, 'rmse': 1962.91943, 'wmape': 0.09781, 'spearmanr': 0.97228, 'mae_norm': 0.16345, 'r2_norm': 0.94834, 'mse_norm': 0.05905, 'rmse_norm': 0.243, 'wmape_norm': 0.19286, 'spearmanr_norm': 0.97228, 'mae_real': 1320.29138, 'r2_real': 0.94834, 'mse_real': 3853052.75, 'rmse_real': 1962.91943, 'wmape_real': 0.09781, 'spearmanr_real': 0.97228, 'loss_sup': 0.36807649534193654, 'loss_data': 0.36807649534193654, 'loss_con': 1.3236990054632192, 'lambda_con': 0.0, 'rho_terminal_abs_mean': 7142.744038194525, 'rho_terminal_abs_max': 35291.7259923455, 'loss_old': 0.15428676270378358, 'loss_new': 0.21378973383013694, 'lambda_new_current': 1.0}
val: {'epoch': 162, 'time_epoch': 0.27352, 'loss': 0.37011218, 'lr': 0, 'params': 332673, 'time_iter': 0.01094, 'mae': 1302.83545, 'r2': 0.94926, 'mse': 3802645.25, 'rmse': 1950.03723, 'wmape': 0.09643, 'spearmanr': 0.97246, 'mae_norm': 0.16129, 'r2_norm': 0.94926, 'mse_norm': 0.05828, 'rmse_norm': 0.24141, 'wmape_norm': 0.19009, 'spearmanr_norm': 0.97246, 'mae_real': 1302.83545, 'r2_real': 0.94926, 'mse_real': 3802645.25, 'rmse_real': 1950.03723, 'wmape_real': 0.09643, 'spearmanr_real': 0.97246, 'loss_sup': 0.370112180751018, 'loss_data': 0.370112180751018, 'loss_con': 1.3327736421982863, 'lambda_con': 0.0, 'rho_terminal_abs_mean': 7180.26615295644, 'rho_terminal_abs_max': 34259.753310619206, 'loss_old': 0.15073929156765487, 'loss_new': 0.21937288977915, 'lambda_new_current': 1.0}
test: {'epoch': 162, 'time_epoch': 0.27302, 'loss': 0.37056518, 'lr': 0, 'params': 332673, 'time_iter': 0.01092, 'mae': 1306.97021, 'r2': 0.9491, 'mse': 3808794.75, 'rmse': 1951.6134, 'wmape': 0.09679, 'spearmanr': 0.97277, 'mae_norm': 0.1618, 'r2_norm': 0.9491, 'mse_norm': 0.05837, 'rmse_norm': 0.2416, 'wmape_norm': 0.19064, 'spearmanr_norm': 0.97277, 'mae_real': 1306.97021, 'r2_real': 0.9491, 'mse_real': 3808794.75, 'rmse_real': 1951.6134, 'wmape_real': 0.09679, 'spearmanr_real': 0.97277, 'loss_sup': 0.37056517967301567, 'loss_data': 0.37056517967301567, 'loss_con': 1.316827061637712, 'lambda_con': 0.0, 'rho_terminal_abs_mean': 7125.132322259127, 'rho_terminal_abs_max': 34520.97244042582, 'loss_old': 0.15132970744870416, 'loss_new': 0.21923547281173983, 'lambda_new_current': 1.0}
> Epoch 162: took 2.5s (avg 2.4s) | Best so far: epoch 161	train_loss: 0.3686	val_loss: 0.3710	test_loss: 0.3710	val_rmse_norm: 0.2410
train: {'epoch': 163, 'time_epoch': 1.45723, 'eta': 52.0161, 'eta_hours': 0.01445, 'loss': 0.36743804, 'lr': 9.069e-05, 'params': 332673, 'time_iter': 0.01943, 'mae': 1319.07812, 'r2': 0.94855, 'mse': 3837763.25, 'rmse': 1959.021, 'wmape': 0.09772, 'spearmanr': 0.9724, 'mae_norm': 0.1633, 'r2_norm': 0.94855, 'mse_norm': 0.05882, 'rmse_norm': 0.24252, 'wmape_norm': 0.19268, 'spearmanr_norm': 0.9724, 'mae_real': 1319.07812, 'r2_real': 0.94855, 'mse_real': 3837763.25, 'rmse_real': 1959.021, 'wmape_real': 0.09772, 'spearmanr_real': 0.9724, 'loss_sup': 0.367438041354608, 'loss_data': 0.367438041354608, 'loss_con': 1.3235338903710256, 'lambda_con': 0.0, 'rho_terminal_abs_mean': 7140.195316289457, 'rho_terminal_abs_max': 35480.387247202765, 'loss_old': 0.15421123426790553, 'loss_new': 0.21322680648914072, 'lambda_new_current': 1.0}
val: {'epoch': 163, 'time_epoch': 0.27293, 'loss': 0.37089717, 'lr': 0, 'params': 332673, 'time_iter': 0.01092, 'mae': 1307.16833, 'r2': 0.94927, 'mse': 3801483.75, 'rmse': 1949.73938, 'wmape': 0.09675, 'spearmanr': 0.97244, 'mae_norm': 0.16182, 'r2_norm': 0.94927, 'mse_norm': 0.05826, 'rmse_norm': 0.24137, 'wmape_norm': 0.19072, 'spearmanr_norm': 0.97244, 'mae_real': 1307.16833, 'r2_real': 0.94927, 'mse_real': 3801483.75, 'rmse_real': 1949.73938, 'wmape_real': 0.09675, 'spearmanr_real': 0.97244, 'loss_sup': 0.37089717133840855, 'loss_data': 0.37089717133840855, 'loss_con': 1.3227502808324028, 'lambda_con': 0.0, 'rho_terminal_abs_mean': 7160.201275538343, 'rho_terminal_abs_max': 34293.34858190084, 'loss_old': 0.15133950711565697, 'loss_new': 0.21955766482284358, 'lambda_new_current': 1.0}
test: {'epoch': 163, 'time_epoch': 0.27286, 'loss': 0.37091093, 'lr': 0, 'params': 332673, 'time_iter': 0.01091, 'mae': 1310.27368, 'r2': 0.94916, 'mse': 3804424.75, 'rmse': 1950.49341, 'wmape': 0.09703, 'spearmanr': 0.97275, 'mae_norm': 0.16221, 'r2_norm': 0.94916, 'mse_norm': 0.0583, 'rmse_norm': 0.24146, 'wmape_norm': 0.19112, 'spearmanr_norm': 0.97275, 'mae_real': 1310.27368, 'r2_real': 0.94916, 'mse_real': 3804424.75, 'rmse_real': 1950.49341, 'wmape_real': 0.09703, 'spearmanr_real': 0.97275, 'loss_sup': 0.3709109317416767, 'loss_data': 0.3709109317416767, 'loss_con': 1.307940152473627, 'lambda_con': 0.0, 'rho_terminal_abs_mean': 7106.316123265315, 'rho_terminal_abs_max': 34604.798799975084, 'loss_old': 0.15184379856707583, 'loss_new': 0.21906713139105122, 'lambda_new_current': 1.0}
> Epoch 163: took 2.5s (avg 2.4s) | Best so far: epoch 161	train_loss: 0.3686	val_loss: 0.3710	test_loss: 0.3710	val_rmse_norm: 0.2410
train: {'epoch': 164, 'time_epoch': 1.45999, 'eta': 50.57441, 'eta_hours': 0.01405, 'loss': 0.3671541, 'lr': 8.6e-05, 'params': 332673, 'time_iter': 0.01947, 'mae': 1319.33997, 'r2': 0.94851, 'mse': 3840405.25, 'rmse': 1959.69519, 'wmape': 0.09774, 'spearmanr': 0.97233, 'mae_norm': 0.16333, 'r2_norm': 0.94851, 'mse_norm': 0.05886, 'rmse_norm': 0.2426, 'wmape_norm': 0.19272, 'spearmanr_norm': 0.97233, 'mae_real': 1319.33997, 'r2_real': 0.94851, 'mse_real': 3840405.25, 'rmse_real': 1959.69519, 'wmape_real': 0.09774, 'spearmanr_real': 0.97233, 'loss_sup': 0.3671541048609776, 'loss_data': 0.3671541048609776, 'loss_con': 1.3292945894202675, 'lambda_con': 0.0, 'rho_terminal_abs_mean': 7152.911791716733, 'rho_terminal_abs_max': 35852.21166767286, 'loss_old': 0.1543186445944759, 'loss_new': 0.21283546026930866, 'lambda_new_current': 1.0}
val: {'epoch': 164, 'time_epoch': 0.27292, 'loss': 0.37046845, 'lr': 0, 'params': 332673, 'time_iter': 0.01092, 'mae': 1303.02576, 'r2': 0.94911, 'mse': 3813859.5, 'rmse': 1952.91052, 'wmape': 0.09644, 'spearmanr': 0.97245, 'mae_norm': 0.16131, 'r2_norm': 0.94911, 'mse_norm': 0.05845, 'rmse_norm': 0.24176, 'wmape_norm': 0.19011, 'spearmanr_norm': 0.97245, 'mae_real': 1303.02576, 'r2_real': 0.94911, 'mse_real': 3813859.5, 'rmse_real': 1952.91052, 'wmape_real': 0.09644, 'spearmanr_real': 0.97245, 'loss_sup': 0.37046844839332976, 'loss_data': 0.37046844839332976, 'loss_con': 1.346257450628225, 'lambda_con': 0.0, 'rho_terminal_abs_mean': 7225.9376751240725, 'rho_terminal_abs_max': 34483.42513478524, 'loss_old': 0.15069421031668595, 'loss_new': 0.21977423689012385, 'lambda_new_current': 1.0}
test: {'epoch': 164, 'time_epoch': 0.27294, 'loss': 0.37112125, 'lr': 0, 'params': 332673, 'time_iter': 0.01092, 'mae': 1307.42004, 'r2': 0.94896, 'mse': 3819373.75, 'rmse': 1954.32178, 'wmape': 0.09682, 'spearmanr': 0.97275, 'mae_norm': 0.16185, 'r2_norm': 0.94896, 'mse_norm': 0.05853, 'rmse_norm': 0.24194, 'wmape_norm': 0.1907, 'spearmanr_norm': 0.97275, 'mae_real': 1307.42004, 'r2_real': 0.94896, 'mse_real': 3819373.75, 'rmse_real': 1954.32178, 'wmape_real': 0.09682, 'spearmanr_real': 0.97275, 'loss_sup': 0.3711212497491007, 'loss_data': 0.3711212497491007, 'loss_con': 1.331464547576764, 'lambda_con': 0.0, 'rho_terminal_abs_mean': 7174.263678863436, 'rho_terminal_abs_max': 34746.290753865134, 'loss_old': 0.15128646731689693, 'loss_new': 0.2198347788603651, 'lambda_new_current': 1.0}
> Epoch 164: took 2.5s (avg 2.4s) | Best so far: epoch 161	train_loss: 0.3686	val_loss: 0.3710	test_loss: 0.3710	val_rmse_norm: 0.2410
train: {'epoch': 165, 'time_epoch': 1.46198, 'eta': 49.13291, 'eta_hours': 0.01365, 'loss': 0.36745847, 'lr': 8.142e-05, 'params': 332673, 'time_iter': 0.01949, 'mae': 1319.2041, 'r2': 0.94848, 'mse': 3842909.75, 'rmse': 1960.33411, 'wmape': 0.09773, 'spearmanr': 0.97231, 'mae_norm': 0.16331, 'r2_norm': 0.94848, 'mse_norm': 0.05889, 'rmse_norm': 0.24268, 'wmape_norm': 0.1927, 'spearmanr_norm': 0.97231, 'mae_real': 1319.2041, 'r2_real': 0.94848, 'mse_real': 3842909.75, 'rmse_real': 1960.33411, 'wmape_real': 0.09773, 'spearmanr_real': 0.97231, 'loss_sup': 0.36745846820373507, 'loss_data': 0.36745846820373507, 'loss_con': 1.321216540556851, 'lambda_con': 0.0, 'rho_terminal_abs_mean': 7130.981879407652, 'rho_terminal_abs_max': 35149.42334815439, 'loss_old': 0.1542293952650428, 'loss_new': 0.21322907174452513, 'lambda_new_current': 1.0}
val: {'epoch': 165, 'time_epoch': 0.27343, 'loss': 0.37014895, 'lr': 0, 'params': 332673, 'time_iter': 0.01094, 'mae': 1302.99524, 'r2': 0.94925, 'mse': 3802938.5, 'rmse': 1950.11243, 'wmape': 0.09644, 'spearmanr': 0.97244, 'mae_norm': 0.16131, 'r2_norm': 0.94925, 'mse_norm': 0.05828, 'rmse_norm': 0.24142, 'wmape_norm': 0.19011, 'spearmanr_norm': 0.97244, 'mae_real': 1302.99524, 'r2_real': 0.94925, 'mse_real': 3802938.5, 'rmse_real': 1950.11243, 'wmape_real': 0.09644, 'spearmanr_real': 0.97244, 'loss_sup': 0.37014894956545213, 'loss_data': 0.37014894956545213, 'loss_con': 1.329837429047238, 'lambda_con': 0.0, 'rho_terminal_abs_mean': 7172.782596695262, 'rho_terminal_abs_max': 34196.892794553714, 'loss_old': 0.1507599365158838, 'loss_new': 0.21938901662809568, 'lambda_new_current': 1.0}
test: {'epoch': 165, 'time_epoch': 0.27301, 'loss': 0.37034511, 'lr': 0, 'params': 332673, 'time_iter': 0.01092, 'mae': 1306.81104, 'r2': 0.94912, 'mse': 3806863.5, 'rmse': 1951.11853, 'wmape': 0.09678, 'spearmanr': 0.97276, 'mae_norm': 0.16178, 'r2_norm': 0.94912, 'mse_norm': 0.05834, 'rmse_norm': 0.24154, 'wmape_norm': 0.19062, 'spearmanr_norm': 0.97276, 'mae_real': 1306.81104, 'r2_real': 0.94912, 'mse_real': 3806863.5, 'rmse_real': 1951.11853, 'wmape_real': 0.09678, 'spearmanr_real': 0.97276, 'loss_sup': 0.3703451099106852, 'loss_data': 0.3703451099106852, 'loss_con': 1.3150015057708475, 'lambda_con': 0.0, 'rho_terminal_abs_mean': 7119.710757390415, 'rho_terminal_abs_max': 34472.79947837655, 'loss_old': 0.1513505411367328, 'loss_new': 0.21899456697905326, 'lambda_new_current': 1.0}
> Epoch 165: took 2.5s (avg 2.4s) | Best so far: epoch 161	train_loss: 0.3686	val_loss: 0.3710	test_loss: 0.3710	val_rmse_norm: 0.2410
train: {'epoch': 166, 'time_epoch': 1.4523, 'eta': 47.68925, 'eta_hours': 0.01325, 'loss': 0.36768134, 'lr': 7.695e-05, 'params': 332673, 'time_iter': 0.01936, 'mae': 1318.46143, 'r2': 0.94843, 'mse': 3846468.0, 'rmse': 1961.24146, 'wmape': 0.09768, 'spearmanr': 0.97231, 'mae_norm': 0.16322, 'r2_norm': 0.94843, 'mse_norm': 0.05895, 'rmse_norm': 0.24279, 'wmape_norm': 0.19259, 'spearmanr_norm': 0.97231, 'mae_real': 1318.46143, 'r2_real': 0.94843, 'mse_real': 3846468.0, 'rmse_real': 1961.24146, 'wmape_real': 0.09768, 'spearmanr_real': 0.97231, 'loss_sup': 0.3676813402570126, 'loss_data': 0.3676813402570126, 'loss_con': 1.3248568276101589, 'lambda_con': 0.0, 'rho_terminal_abs_mean': 7143.645003643056, 'rho_terminal_abs_max': 35478.44095433854, 'loss_old': 0.15404482991257812, 'loss_new': 0.213636511740575, 'lambda_new_current': 1.0}
val: {'epoch': 166, 'time_epoch': 0.27258, 'loss': 0.3693729, 'lr': 0, 'params': 332673, 'time_iter': 0.0109, 'mae': 1300.46228, 'r2': 0.9494, 'mse': 3791818.25, 'rmse': 1947.25916, 'wmape': 0.09625, 'spearmanr': 0.97254, 'mae_norm': 0.16099, 'r2_norm': 0.9494, 'mse_norm': 0.05811, 'rmse_norm': 0.24106, 'wmape_norm': 0.18974, 'spearmanr_norm': 0.97254, 'mae_real': 1300.46228, 'r2_real': 0.9494, 'mse_real': 3791818.25, 'rmse_real': 1947.25916, 'wmape_real': 0.09625, 'spearmanr_real': 0.97254, 'loss_sup': 0.3693729030408584, 'loss_data': 0.3693729030408584, 'loss_con': 1.3546157449165543, 'lambda_con': 0.0, 'rho_terminal_abs_mean': 7240.509735945276, 'rho_terminal_abs_max': 34545.601720268474, 'loss_old': 0.1504785002199587, 'loss_new': 0.21889439983516445, 'lambda_new_current': 1.0}
test: {'epoch': 166, 'time_epoch': 0.27249, 'loss': 0.3697443, 'lr': 0, 'params': 332673, 'time_iter': 0.0109, 'mae': 1304.61536, 'r2': 0.94924, 'mse': 3797825.75, 'rmse': 1948.80115, 'wmape': 0.09662, 'spearmanr': 0.97284, 'mae_norm': 0.16151, 'r2_norm': 0.94924, 'mse_norm': 0.0582, 'rmse_norm': 0.24125, 'wmape_norm': 0.19029, 'spearmanr_norm': 0.97284, 'mae_real': 1304.61536, 'r2_real': 0.94924, 'mse_real': 3797825.75, 'rmse_real': 1948.80115, 'wmape_real': 0.09662, 'spearmanr_real': 0.97284, 'loss_sup': 0.36974430113412854, 'loss_data': 0.36974430113412854, 'loss_con': 1.338243430865736, 'lambda_con': 0.0, 'rho_terminal_abs_mean': 7182.857963662745, 'rho_terminal_abs_max': 34905.56451396935, 'loss_old': 0.15109125095553094, 'loss_new': 0.21865305018514536, 'lambda_new_current': 1.0}
> Epoch 166: took 2.5s (avg 2.4s) | Best so far: epoch 161	train_loss: 0.3686	val_loss: 0.3710	test_loss: 0.3710	val_rmse_norm: 0.2410
train: {'epoch': 167, 'time_epoch': 1.44879, 'eta': 46.24482, 'eta_hours': 0.01285, 'loss': 0.36761705, 'lr': 7.26e-05, 'params': 332673, 'time_iter': 0.01932, 'mae': 1319.16992, 'r2': 0.94843, 'mse': 3846474.75, 'rmse': 1961.24316, 'wmape': 0.09773, 'spearmanr': 0.97231, 'mae_norm': 0.16331, 'r2_norm': 0.94843, 'mse_norm': 0.05895, 'rmse_norm': 0.24279, 'wmape_norm': 0.19269, 'spearmanr_norm': 0.97231, 'mae_real': 1319.16992, 'r2_real': 0.94843, 'mse_real': 3846474.75, 'rmse_real': 1961.24316, 'wmape_real': 0.09773, 'spearmanr_real': 0.97231, 'loss_sup': 0.3676170495826708, 'loss_data': 0.3676170495826708, 'loss_con': 1.330060286432077, 'lambda_con': 0.0, 'rho_terminal_abs_mean': 7154.490468470362, 'rho_terminal_abs_max': 35496.05456398633, 'loss_old': 0.1541832560124619, 'loss_new': 0.21343379317703234, 'lambda_new_current': 1.0}
val: {'epoch': 167, 'time_epoch': 0.27265, 'loss': 0.36938238, 'lr': 0, 'params': 332673, 'time_iter': 0.01091, 'mae': 1301.81641, 'r2': 0.94941, 'mse': 3791116.0, 'rmse': 1947.07886, 'wmape': 0.09635, 'spearmanr': 0.97252, 'mae_norm': 0.16116, 'r2_norm': 0.94941, 'mse_norm': 0.0581, 'rmse_norm': 0.24104, 'wmape_norm': 0.18994, 'spearmanr_norm': 0.97252, 'mae_real': 1301.81641, 'r2_real': 0.94941, 'mse_real': 3791116.0, 'rmse_real': 1947.07886, 'wmape_real': 0.09635, 'spearmanr_real': 0.97252, 'loss_sup': 0.3693823796003744, 'loss_data': 0.3693823796003744, 'loss_con': 1.3458634382060353, 'lambda_con': 0.0, 'rho_terminal_abs_mean': 7211.995996224188, 'rho_terminal_abs_max': 34486.787447442126, 'loss_old': 0.15071938136848184, 'loss_new': 0.21866299883054952, 'lambda_new_current': 1.0}
test: {'epoch': 167, 'time_epoch': 0.27242, 'loss': 0.36998506, 'lr': 0, 'params': 332673, 'time_iter': 0.0109, 'mae': 1306.2356, 'r2': 0.94922, 'mse': 3799618.75, 'rmse': 1949.26111, 'wmape': 0.09674, 'spearmanr': 0.97282, 'mae_norm': 0.16171, 'r2_norm': 0.94922, 'mse_norm': 0.05823, 'rmse_norm': 0.24131, 'wmape_norm': 0.19053, 'spearmanr_norm': 0.97282, 'mae_real': 1306.2356, 'r2_real': 0.94922, 'mse_real': 3799618.75, 'rmse_real': 1949.26111, 'wmape_real': 0.09674, 'spearmanr_real': 0.97282, 'loss_sup': 0.36998505890151157, 'loss_data': 0.36998505890151157, 'loss_con': 1.331012015682847, 'lambda_con': 0.0, 'rho_terminal_abs_mean': 7157.770768201241, 'rho_terminal_abs_max': 35032.12430385363, 'loss_old': 0.1513274341640204, 'loss_new': 0.21865762712087877, 'lambda_new_current': 1.0}
> Epoch 167: took 2.5s (avg 2.4s) | Best so far: epoch 161	train_loss: 0.3686	val_loss: 0.3710	test_loss: 0.3710	val_rmse_norm: 0.2410
train: {'epoch': 168, 'time_epoch': 1.44462, 'eta': 44.79957, 'eta_hours': 0.01244, 'loss': 0.36700986, 'lr': 6.837e-05, 'params': 332673, 'time_iter': 0.01926, 'mae': 1318.66736, 'r2': 0.94846, 'mse': 3844161.5, 'rmse': 1960.65332, 'wmape': 0.09769, 'spearmanr': 0.9724, 'mae_norm': 0.16325, 'r2_norm': 0.94846, 'mse_norm': 0.05891, 'rmse_norm': 0.24272, 'wmape_norm': 0.19262, 'spearmanr_norm': 0.9724, 'mae_real': 1318.66736, 'r2_real': 0.94846, 'mse_real': 3844161.5, 'rmse_real': 1960.65332, 'wmape_real': 0.09769, 'spearmanr_real': 0.9724, 'loss_sup': 0.36700986110543726, 'loss_data': 0.36700986110543726, 'loss_con': 1.3233960735063641, 'lambda_con': 0.0, 'rho_terminal_abs_mean': 7139.186662046999, 'rho_terminal_abs_max': 35524.581270753304, 'loss_old': 0.15423018634739719, 'loss_new': 0.2127796757491734, 'lambda_new_current': 1.0}
val: {'epoch': 168, 'time_epoch': 0.27281, 'loss': 0.36916586, 'lr': 0, 'params': 332673, 'time_iter': 0.01091, 'mae': 1300.78101, 'r2': 0.94949, 'mse': 3784787.5, 'rmse': 1945.453, 'wmape': 0.09628, 'spearmanr': 0.97259, 'mae_norm': 0.16103, 'r2_norm': 0.94949, 'mse_norm': 0.058, 'rmse_norm': 0.24084, 'wmape_norm': 0.18979, 'spearmanr_norm': 0.97259, 'mae_real': 1300.78101, 'r2_real': 0.94949, 'mse_real': 3784787.5, 'rmse_real': 1945.453, 'wmape_real': 0.09628, 'spearmanr_real': 0.97259, 'loss_sup': 0.3691658640549832, 'loss_data': 0.3691658640549832, 'loss_con': 1.3327011886549904, 'lambda_con': 0.0, 'rho_terminal_abs_mean': 7182.752604598733, 'rho_terminal_abs_max': 34216.47237275415, 'loss_old': 0.15058133371959828, 'loss_new': 0.21858453271547526, 'lambda_new_current': 1.0}
test: {'epoch': 168, 'time_epoch': 0.27106, 'loss': 0.36978637, 'lr': 0, 'params': 332673, 'time_iter': 0.01084, 'mae': 1305.38599, 'r2': 0.94931, 'mse': 3793163.25, 'rmse': 1947.60449, 'wmape': 0.09667, 'spearmanr': 0.97288, 'mae_norm': 0.1616, 'r2_norm': 0.94931, 'mse_norm': 0.05813, 'rmse_norm': 0.24111, 'wmape_norm': 0.19041, 'spearmanr_norm': 0.97288, 'mae_real': 1305.38599, 'r2_real': 0.94931, 'mse_real': 3793163.25, 'rmse_real': 1947.60449, 'wmape_real': 0.09667, 'spearmanr_real': 0.97288, 'loss_sup': 0.369786365664249, 'loss_data': 0.369786365664249, 'loss_con': 1.3180348610683927, 'lambda_con': 0.0, 'rho_terminal_abs_mean': 7130.920851633366, 'rho_terminal_abs_max': 34740.00396136465, 'loss_old': 0.1512196906650087, 'loss_new': 0.21856667320945464, 'lambda_new_current': 1.0}
> Epoch 168: took 2.5s (avg 2.4s) | Best so far: epoch 168	train_loss: 0.3670	val_loss: 0.3692	test_loss: 0.3698	val_rmse_norm: 0.2408
train: {'epoch': 169, 'time_epoch': 1.49582, 'eta': 43.36336, 'eta_hours': 0.01205, 'loss': 0.36686706, 'lr': 6.426e-05, 'params': 332673, 'time_iter': 0.01994, 'mae': 1317.26013, 'r2': 0.94854, 'mse': 3838012.75, 'rmse': 1959.08472, 'wmape': 0.09759, 'spearmanr': 0.97238, 'mae_norm': 0.16307, 'r2_norm': 0.94854, 'mse_norm': 0.05882, 'rmse_norm': 0.24253, 'wmape_norm': 0.19241, 'spearmanr_norm': 0.97238, 'mae_real': 1317.26013, 'r2_real': 0.94854, 'mse_real': 3838012.75, 'rmse_real': 1959.08472, 'wmape_real': 0.09759, 'spearmanr_real': 0.97238, 'loss_sup': 0.36686705592675045, 'loss_data': 0.36686705592675045, 'loss_con': 1.3206174648257283, 'lambda_con': 0.0, 'rho_terminal_abs_mean': 7134.858645238648, 'rho_terminal_abs_max': 35221.09346439133, 'loss_old': 0.1540104686213221, 'loss_new': 0.21285658749985426, 'lambda_new_current': 1.0}
val: {'epoch': 169, 'time_epoch': 0.27259, 'loss': 0.3691967, 'lr': 0, 'params': 332673, 'time_iter': 0.0109, 'mae': 1300.97717, 'r2': 0.94939, 'mse': 3792588.75, 'rmse': 1947.45703, 'wmape': 0.09629, 'spearmanr': 0.97253, 'mae_norm': 0.16106, 'r2_norm': 0.94939, 'mse_norm': 0.05812, 'rmse_norm': 0.24109, 'wmape_norm': 0.18981, 'spearmanr_norm': 0.97253, 'mae_real': 1300.97717, 'r2_real': 0.94939, 'mse_real': 3792588.75, 'rmse_real': 1947.45703, 'wmape_real': 0.09629, 'spearmanr_real': 0.97253, 'loss_sup': 0.3691966978720999, 'loss_data': 0.3691966978720999, 'loss_con': 1.3339015786910515, 'lambda_con': 0.0, 'rho_terminal_abs_mean': 7181.777587020699, 'rho_terminal_abs_max': 34200.12986459618, 'loss_old': 0.1506102319957383, 'loss_new': 0.21858646289842537, 'lambda_new_current': 1.0}
test: {'epoch': 169, 'time_epoch': 0.2711, 'loss': 0.36967805, 'lr': 0, 'params': 332673, 'time_iter': 0.01084, 'mae': 1305.31555, 'r2': 0.94918, 'mse': 3802719.75, 'rmse': 1950.0564, 'wmape': 0.09667, 'spearmanr': 0.97281, 'mae_norm': 0.16159, 'r2_norm': 0.94918, 'mse_norm': 0.05828, 'rmse_norm': 0.24141, 'wmape_norm': 0.1904, 'spearmanr_norm': 0.97281, 'mae_real': 1305.31555, 'r2_real': 0.94918, 'mse_real': 3802719.75, 'rmse_real': 1950.0564, 'wmape_real': 0.09667, 'spearmanr_real': 0.97281, 'loss_sup': 0.369678046312044, 'loss_data': 0.369678046312044, 'loss_con': 1.3195013916930727, 'lambda_con': 0.0, 'rho_terminal_abs_mean': 7129.580747466018, 'rho_terminal_abs_max': 34611.023572511695, 'loss_old': 0.15123164707993597, 'loss_new': 0.21844640161300125, 'lambda_new_current': 1.0}
> Epoch 169: took 2.5s (avg 2.5s) | Best so far: epoch 168	train_loss: 0.3670	val_loss: 0.3692	test_loss: 0.3698	val_rmse_norm: 0.2408
train: {'epoch': 170, 'time_epoch': 1.43661, 'eta': 41.91642, 'eta_hours': 0.01164, 'loss': 0.36620988, 'lr': 6.026e-05, 'params': 332673, 'time_iter': 0.01915, 'mae': 1316.58228, 'r2': 0.94866, 'mse': 3828981.0, 'rmse': 1956.7782, 'wmape': 0.09754, 'spearmanr': 0.97246, 'mae_norm': 0.16299, 'r2_norm': 0.94866, 'mse_norm': 0.05868, 'rmse_norm': 0.24224, 'wmape_norm': 0.19231, 'spearmanr_norm': 0.97246, 'mae_real': 1316.58228, 'r2_real': 0.94866, 'mse_real': 3828981.0, 'rmse_real': 1956.7782, 'wmape_real': 0.09754, 'spearmanr_real': 0.97246, 'loss_sup': 0.3662098824372911, 'loss_data': 0.3662098824372911, 'loss_con': 1.3231878876579641, 'lambda_con': 0.0, 'rho_terminal_abs_mean': 7140.865962450786, 'rho_terminal_abs_max': 35481.73070254899, 'loss_old': 0.15403232362852004, 'loss_new': 0.21217755721826706, 'lambda_new_current': 1.0}
val: {'epoch': 170, 'time_epoch': 0.27292, 'loss': 0.36927414, 'lr': 0, 'params': 332673, 'time_iter': 0.01092, 'mae': 1301.70923, 'r2': 0.94963, 'mse': 3774690.5, 'rmse': 1942.85632, 'wmape': 0.09635, 'spearmanr': 0.97261, 'mae_norm': 0.16115, 'r2_norm': 0.94963, 'mse_norm': 0.05785, 'rmse_norm': 0.24052, 'wmape_norm': 0.18992, 'spearmanr_norm': 0.97261, 'mae_real': 1301.70923, 'r2_real': 0.94963, 'mse_real': 3774690.5, 'rmse_real': 1942.85632, 'wmape_real': 0.09635, 'spearmanr_real': 0.97261, 'loss_sup': 0.36927413880208354, 'loss_data': 0.36927413880208354, 'loss_con': 1.3309075891006001, 'lambda_con': 0.0, 'rho_terminal_abs_mean': 7183.960124651326, 'rho_terminal_abs_max': 33951.45868796621, 'loss_old': 0.15072350112042968, 'loss_new': 0.21855063707769354, 'lambda_new_current': 1.0}
test: {'epoch': 170, 'time_epoch': 0.27161, 'loss': 0.36951629, 'lr': 0, 'params': 332673, 'time_iter': 0.01086, 'mae': 1305.45789, 'r2': 0.94947, 'mse': 3780846.25, 'rmse': 1944.43982, 'wmape': 0.09668, 'spearmanr': 0.97291, 'mae_norm': 0.16161, 'r2_norm': 0.94947, 'mse_norm': 0.05794, 'rmse_norm': 0.24071, 'wmape_norm': 0.19042, 'spearmanr_norm': 0.97291, 'mae_real': 1305.45789, 'r2_real': 0.94947, 'mse_real': 3780846.25, 'rmse_real': 1944.43982, 'wmape_real': 0.09668, 'spearmanr_real': 0.97291, 'loss_sup': 0.36951628738320086, 'loss_data': 0.36951628738320086, 'loss_con': 1.3169590276068521, 'lambda_con': 0.0, 'rho_terminal_abs_mean': 7133.963325209718, 'rho_terminal_abs_max': 34437.07099450603, 'loss_old': 0.15129295126346068, 'loss_new': 0.21822333551853038, 'lambda_new_current': 1.0}
> Epoch 170: took 2.5s (avg 2.5s) | Best so far: epoch 170	train_loss: 0.3662	val_loss: 0.3693	test_loss: 0.3695	val_rmse_norm: 0.2405
train: {'epoch': 171, 'time_epoch': 1.43486, 'eta': 40.46931, 'eta_hours': 0.01124, 'loss': 0.36640407, 'lr': 5.639e-05, 'params': 332673, 'time_iter': 0.01913, 'mae': 1316.86462, 'r2': 0.94869, 'mse': 3827120.75, 'rmse': 1956.30286, 'wmape': 0.09756, 'spearmanr': 0.97248, 'mae_norm': 0.16302, 'r2_norm': 0.94869, 'mse_norm': 0.05865, 'rmse_norm': 0.24218, 'wmape_norm': 0.19236, 'spearmanr_norm': 0.97248, 'mae_real': 1316.86462, 'r2_real': 0.94869, 'mse_real': 3827120.75, 'rmse_real': 1956.30286, 'wmape_real': 0.09756, 'spearmanr_real': 0.97248, 'loss_sup': 0.3664040724431757, 'loss_data': 0.3664040724431757, 'loss_con': 1.3174054248136522, 'lambda_con': 0.0, 'rho_terminal_abs_mean': 7126.024831725772, 'rho_terminal_abs_max': 35321.84284545489, 'loss_old': 0.15404639044482316, 'loss_new': 0.21235768040953268, 'lambda_new_current': 1.0}
val: {'epoch': 171, 'time_epoch': 0.27155, 'loss': 0.36912925, 'lr': 0, 'params': 332673, 'time_iter': 0.01086, 'mae': 1300.87195, 'r2': 0.94968, 'mse': 3770553.5, 'rmse': 1941.79126, 'wmape': 0.09628, 'spearmanr': 0.97266, 'mae_norm': 0.16104, 'r2_norm': 0.94968, 'mse_norm': 0.05779, 'rmse_norm': 0.24039, 'wmape_norm': 0.1898, 'spearmanr_norm': 0.97266, 'mae_real': 1300.87195, 'r2_real': 0.94968, 'mse_real': 3770553.5, 'rmse_real': 1941.79126, 'wmape_real': 0.09628, 'spearmanr_real': 0.97266, 'loss_sup': 0.36912925199832647, 'loss_data': 0.36912925199832647, 'loss_con': 1.3071784110389704, 'lambda_con': 0.0, 'rho_terminal_abs_mean': 7112.093182556462, 'rho_terminal_abs_max': 33928.433473043864, 'loss_old': 0.1506057356264858, 'loss_new': 0.2185235133910344, 'lambda_new_current': 1.0}
test: {'epoch': 171, 'time_epoch': 0.27081, 'loss': 0.36935137, 'lr': 0, 'params': 332673, 'time_iter': 0.01083, 'mae': 1304.56396, 'r2': 0.94955, 'mse': 3774867.5, 'rmse': 1942.90186, 'wmape': 0.09661, 'spearmanr': 0.97296, 'mae_norm': 0.1615, 'r2_norm': 0.94955, 'mse_norm': 0.05785, 'rmse_norm': 0.24052, 'wmape_norm': 0.19029, 'spearmanr_norm': 0.97296, 'mae_real': 1304.56396, 'r2_real': 0.94955, 'mse_real': 3774867.5, 'rmse_real': 1942.90186, 'wmape_real': 0.09661, 'spearmanr_real': 0.97296, 'loss_sup': 0.36935136809800745, 'loss_data': 0.36935136809800745, 'loss_con': 1.2923644755864476, 'lambda_con': 0.0, 'rho_terminal_abs_mean': 7058.635449188099, 'rho_terminal_abs_max': 34263.51187180085, 'loss_old': 0.15116928100338994, 'loss_new': 0.2181820876943307, 'lambda_new_current': 1.0}
> Epoch 171: took 2.4s (avg 2.5s) | Best so far: epoch 171	train_loss: 0.3664	val_loss: 0.3691	test_loss: 0.3694	val_rmse_norm: 0.2404
train: {'epoch': 172, 'time_epoch': 1.43571, 'eta': 39.02248, 'eta_hours': 0.01084, 'loss': 0.3659108, 'lr': 5.264e-05, 'params': 332673, 'time_iter': 0.01914, 'mae': 1316.55798, 'r2': 0.94866, 'mse': 3829131.25, 'rmse': 1956.81665, 'wmape': 0.09754, 'spearmanr': 0.97246, 'mae_norm': 0.16299, 'r2_norm': 0.94866, 'mse_norm': 0.05868, 'rmse_norm': 0.24225, 'wmape_norm': 0.19231, 'spearmanr_norm': 0.97246, 'mae_real': 1316.55798, 'r2_real': 0.94866, 'mse_real': 3829131.25, 'rmse_real': 1956.81665, 'wmape_real': 0.09754, 'spearmanr_real': 0.97246, 'loss_sup': 0.36591080341799553, 'loss_data': 0.36591080341799553, 'loss_con': 1.3268421885976163, 'lambda_con': 0.0, 'rho_terminal_abs_mean': 7147.294535054037, 'rho_terminal_abs_max': 35448.63814347402, 'loss_old': 0.1541004402276561, 'loss_new': 0.2118103629922126, 'lambda_new_current': 1.0}
val: {'epoch': 172, 'time_epoch': 0.27212, 'loss': 0.3689399, 'lr': 0, 'params': 332673, 'time_iter': 0.01088, 'mae': 1302.19299, 'r2': 0.94956, 'mse': 3779604.75, 'rmse': 1944.12061, 'wmape': 0.09638, 'spearmanr': 0.97257, 'mae_norm': 0.16121, 'r2_norm': 0.94956, 'mse_norm': 0.05792, 'rmse_norm': 0.24068, 'wmape_norm': 0.18999, 'spearmanr_norm': 0.97257, 'mae_real': 1302.19299, 'r2_real': 0.94956, 'mse_real': 3779604.75, 'rmse_real': 1944.12061, 'wmape_real': 0.09638, 'spearmanr_real': 0.97257, 'loss_sup': 0.3689399008535706, 'loss_data': 0.3689399008535706, 'loss_con': 1.33727697639962, 'lambda_con': 0.0, 'rho_terminal_abs_mean': 7189.869909108445, 'rho_terminal_abs_max': 34021.33604135962, 'loss_old': 0.15088379578675468, 'loss_new': 0.21805610506719028, 'lambda_new_current': 1.0}
test: {'epoch': 172, 'time_epoch': 0.27137, 'loss': 0.36919859, 'lr': 0, 'params': 332673, 'time_iter': 0.01085, 'mae': 1305.69165, 'r2': 0.94944, 'mse': 3782995.5, 'rmse': 1944.99243, 'wmape': 0.09669, 'spearmanr': 0.9729, 'mae_norm': 0.16164, 'r2_norm': 0.94944, 'mse_norm': 0.05798, 'rmse_norm': 0.24078, 'wmape_norm': 0.19045, 'spearmanr_norm': 0.9729, 'mae_real': 1305.69165, 'r2_real': 0.94944, 'mse_real': 3782995.5, 'rmse_real': 1944.99243, 'wmape_real': 0.09669, 'spearmanr_real': 0.9729, 'loss_sup': 0.36919858910509584, 'loss_data': 0.36919858910509584, 'loss_con': 1.3233861330785694, 'lambda_con': 0.0, 'rho_terminal_abs_mean': 7138.572238582611, 'rho_terminal_abs_max': 34461.79424774834, 'loss_old': 0.15140543789989153, 'loss_new': 0.2177931512002155, 'lambda_new_current': 1.0}
> Epoch 172: took 2.4s (avg 2.5s) | Best so far: epoch 171	train_loss: 0.3664	val_loss: 0.3691	test_loss: 0.3694	val_rmse_norm: 0.2404
train: {'epoch': 173, 'time_epoch': 1.43528, 'eta': 37.5757, 'eta_hours': 0.01044, 'loss': 0.36665848, 'lr': 4.9e-05, 'params': 332673, 'time_iter': 0.01914, 'mae': 1318.15906, 'r2': 0.94859, 'mse': 3834581.5, 'rmse': 1958.20874, 'wmape': 0.09766, 'spearmanr': 0.97244, 'mae_norm': 0.16318, 'r2_norm': 0.94859, 'mse_norm': 0.05877, 'rmse_norm': 0.24242, 'wmape_norm': 0.19255, 'spearmanr_norm': 0.97244, 'mae_real': 1318.15906, 'r2_real': 0.94859, 'mse_real': 3834581.5, 'rmse_real': 1958.20874, 'wmape_real': 0.09766, 'spearmanr_real': 0.97244, 'loss_sup': 0.3666584773212101, 'loss_data': 0.3666584773212101, 'loss_con': 1.327520842736339, 'lambda_con': 0.0, 'rho_terminal_abs_mean': 7147.061862039294, 'rho_terminal_abs_max': 35019.77635963584, 'loss_old': 0.15421654197347703, 'loss_new': 0.21244193554843815, 'lambda_new_current': 1.0}
val: {'epoch': 173, 'time_epoch': 0.27181, 'loss': 0.36856562, 'lr': 0, 'params': 332673, 'time_iter': 0.01087, 'mae': 1299.68225, 'r2': 0.94965, 'mse': 3773221.25, 'rmse': 1942.47815, 'wmape': 0.0962, 'spearmanr': 0.97265, 'mae_norm': 0.1609, 'r2_norm': 0.94965, 'mse_norm': 0.05783, 'rmse_norm': 0.24047, 'wmape_norm': 0.18962, 'spearmanr_norm': 0.97265, 'mae_real': 1299.68225, 'r2_real': 0.94965, 'mse_real': 3773221.25, 'rmse_real': 1942.47815, 'wmape_real': 0.0962, 'spearmanr_real': 0.97265, 'loss_sup': 0.3685656239657895, 'loss_data': 0.3685656239657895, 'loss_con': 1.3141856666158904, 'lambda_con': 0.0, 'rho_terminal_abs_mean': 7137.284829963168, 'rho_terminal_abs_max': 33892.21247202987, 'loss_old': 0.15051832854996344, 'loss_new': 0.21804729839145373, 'lambda_new_current': 1.0}
test: {'epoch': 173, 'time_epoch': 0.27157, 'loss': 0.36870974, 'lr': 0, 'params': 332673, 'time_iter': 0.01086, 'mae': 1303.18884, 'r2': 0.94954, 'mse': 3775881.0, 'rmse': 1943.1626, 'wmape': 0.09651, 'spearmanr': 0.97297, 'mae_norm': 0.16133, 'r2_norm': 0.94954, 'mse_norm': 0.05787, 'rmse_norm': 0.24056, 'wmape_norm': 0.19009, 'spearmanr_norm': 0.97297, 'mae_real': 1303.18884, 'r2_real': 0.94954, 'mse_real': 3775881.0, 'rmse_real': 1943.1626, 'wmape_real': 0.09651, 'spearmanr_real': 0.97297, 'loss_sup': 0.3687097353873481, 'loss_data': 0.3687097353873481, 'loss_con': 1.2988867043880132, 'lambda_con': 0.0, 'rho_terminal_abs_mean': 7082.438264469579, 'rho_terminal_abs_max': 34377.21462748445, 'loss_old': 0.1510665928021515, 'loss_new': 0.2176431419839867, 'lambda_new_current': 1.0}
> Epoch 173: took 2.4s (avg 2.5s) | Best so far: epoch 171	train_loss: 0.3664	val_loss: 0.3691	test_loss: 0.3694	val_rmse_norm: 0.2404
train: {'epoch': 174, 'time_epoch': 1.43517, 'eta': 36.12905, 'eta_hours': 0.01004, 'loss': 0.36651727, 'lr': 4.55e-05, 'params': 332673, 'time_iter': 0.01914, 'mae': 1316.85083, 'r2': 0.94865, 'mse': 3829772.5, 'rmse': 1956.98047, 'wmape': 0.09756, 'spearmanr': 0.97243, 'mae_norm': 0.16302, 'r2_norm': 0.94865, 'mse_norm': 0.05869, 'rmse_norm': 0.24227, 'wmape_norm': 0.19235, 'spearmanr_norm': 0.97243, 'mae_real': 1316.85083, 'r2_real': 0.94865, 'mse_real': 3829772.5, 'rmse_real': 1956.98047, 'wmape_real': 0.09756, 'spearmanr_real': 0.97243, 'loss_sup': 0.36651727065235534, 'loss_data': 0.36651727065235534, 'loss_con': 1.3246719121817878, 'lambda_con': 0.0, 'rho_terminal_abs_mean': 7135.822868861963, 'rho_terminal_abs_max': 35477.65896666307, 'loss_old': 0.15401556499667932, 'loss_new': 0.21250170624939127, 'lambda_new_current': 1.0}
val: {'epoch': 174, 'time_epoch': 0.2716, 'loss': 0.36886042, 'lr': 0, 'params': 332673, 'time_iter': 0.01086, 'mae': 1300.11633, 'r2': 0.94972, 'mse': 3767548.75, 'rmse': 1941.01746, 'wmape': 0.09623, 'spearmanr': 0.97268, 'mae_norm': 0.16095, 'r2_norm': 0.94972, 'mse_norm': 0.05774, 'rmse_norm': 0.24029, 'wmape_norm': 0.18969, 'spearmanr_norm': 0.97268, 'mae_real': 1300.11633, 'r2_real': 0.94972, 'mse_real': 3767548.75, 'rmse_real': 1941.01746, 'wmape_real': 0.09623, 'spearmanr_real': 0.97268, 'loss_sup': 0.36886041862379165, 'loss_data': 0.36886041862379165, 'loss_con': 1.3249204157849566, 'lambda_con': 0.0, 'rho_terminal_abs_mean': 7152.143961741537, 'rho_terminal_abs_max': 34139.32484128616, 'loss_old': 0.15053060651886174, 'loss_new': 0.21832981151157635, 'lambda_new_current': 1.0}
test: {'epoch': 174, 'time_epoch': 0.27124, 'loss': 0.3690648, 'lr': 0, 'params': 332673, 'time_iter': 0.01085, 'mae': 1303.77234, 'r2': 0.9496, 'mse': 3770842.25, 'rmse': 1941.86572, 'wmape': 0.09655, 'spearmanr': 0.973, 'mae_norm': 0.1614, 'r2_norm': 0.9496, 'mse_norm': 0.05779, 'rmse_norm': 0.2404, 'wmape_norm': 0.19017, 'spearmanr_norm': 0.973, 'mae_real': 1303.77234, 'r2_real': 0.9496, 'mse_real': 3770842.25, 'rmse_real': 1941.86572, 'wmape_real': 0.09655, 'spearmanr_real': 0.973, 'loss_sup': 0.3690648015524837, 'loss_data': 0.3690648015524837, 'loss_con': 1.3095401283566759, 'lambda_con': 0.0, 'rho_terminal_abs_mean': 7098.240414646014, 'rho_terminal_abs_max': 34637.31958764791, 'loss_old': 0.15109135628361448, 'loss_new': 0.2179734464520821, 'lambda_new_current': 1.0}
> Epoch 174: took 2.4s (avg 2.4s) | Best so far: epoch 174	train_loss: 0.3665	val_loss: 0.3689	test_loss: 0.3691	val_rmse_norm: 0.2403
train: {'epoch': 175, 'time_epoch': 1.43335, 'eta': 34.68228, 'eta_hours': 0.00963, 'loss': 0.36580586, 'lr': 4.211e-05, 'params': 332673, 'time_iter': 0.01911, 'mae': 1316.49475, 'r2': 0.94875, 'mse': 3822261.0, 'rmse': 1955.0603, 'wmape': 0.09753, 'spearmanr': 0.97247, 'mae_norm': 0.16298, 'r2_norm': 0.94875, 'mse_norm': 0.05858, 'rmse_norm': 0.24203, 'wmape_norm': 0.1923, 'spearmanr_norm': 0.97247, 'mae_real': 1316.49475, 'r2_real': 0.94875, 'mse_real': 3822261.0, 'rmse_real': 1955.0603, 'wmape_real': 0.09753, 'spearmanr_real': 0.97247, 'loss_sup': 0.3658058598289814, 'loss_data': 0.3658058598289814, 'loss_con': 1.3243905181403244, 'lambda_con': 0.0, 'rho_terminal_abs_mean': 7137.400572138073, 'rho_terminal_abs_max': 35465.74439577085, 'loss_old': 0.15411092556380313, 'loss_new': 0.2116949376441468, 'lambda_new_current': 1.0}
val: {'epoch': 175, 'time_epoch': 0.27165, 'loss': 0.36813115, 'lr': 0, 'params': 332673, 'time_iter': 0.01087, 'mae': 1299.56189, 'r2': 0.94968, 'mse': 3770882.25, 'rmse': 1941.87598, 'wmape': 0.09619, 'spearmanr': 0.97265, 'mae_norm': 0.16088, 'r2_norm': 0.94968, 'mse_norm': 0.05779, 'rmse_norm': 0.2404, 'wmape_norm': 0.18961, 'spearmanr_norm': 0.97265, 'mae_real': 1299.56189, 'r2_real': 0.94968, 'mse_real': 3770882.25, 'rmse_real': 1941.87598, 'wmape_real': 0.09619, 'spearmanr_real': 0.97265, 'loss_sup': 0.3681311544224525, 'loss_data': 0.3681311544224525, 'loss_con': 1.3468176342083955, 'lambda_con': 0.0, 'rho_terminal_abs_mean': 7205.026777921602, 'rho_terminal_abs_max': 34437.94544706771, 'loss_old': 0.1505932860783242, 'loss_new': 0.2175378647661001, 'lambda_new_current': 1.0}
test: {'epoch': 175, 'time_epoch': 0.27162, 'loss': 0.36851477, 'lr': 0, 'params': 332673, 'time_iter': 0.01086, 'mae': 1303.24695, 'r2': 0.94953, 'mse': 3776709.5, 'rmse': 1943.37585, 'wmape': 0.09651, 'spearmanr': 0.97295, 'mae_norm': 0.16134, 'r2_norm': 0.94953, 'mse_norm': 0.05788, 'rmse_norm': 0.24058, 'wmape_norm': 0.1901, 'spearmanr_norm': 0.97295, 'mae_real': 1303.24695, 'r2_real': 0.94953, 'mse_real': 3776709.5, 'rmse_real': 1943.37585, 'wmape_real': 0.09651, 'spearmanr_real': 0.97295, 'loss_sup': 0.36851477152319795, 'loss_data': 0.36851477152319795, 'loss_con': 1.3319914079551076, 'lambda_con': 0.0, 'rho_terminal_abs_mean': 7152.615141103892, 'rho_terminal_abs_max': 35109.67566256918, 'loss_old': 0.1511203283914122, 'loss_new': 0.21739444074783693, 'lambda_new_current': 1.0}
> Epoch 175: took 2.4s (avg 2.4s) | Best so far: epoch 174	train_loss: 0.3665	val_loss: 0.3689	test_loss: 0.3691	val_rmse_norm: 0.2403
train: {'epoch': 176, 'time_epoch': 1.43571, 'eta': 33.23596, 'eta_hours': 0.00923, 'loss': 0.36597396, 'lr': 3.886e-05, 'params': 332673, 'time_iter': 0.01914, 'mae': 1315.86914, 'r2': 0.94874, 'mse': 3823476.75, 'rmse': 1955.37122, 'wmape': 0.09749, 'spearmanr': 0.97246, 'mae_norm': 0.1629, 'r2_norm': 0.94874, 'mse_norm': 0.0586, 'rmse_norm': 0.24207, 'wmape_norm': 0.19221, 'spearmanr_norm': 0.97246, 'mae_real': 1315.86914, 'r2_real': 0.94874, 'mse_real': 3823476.75, 'rmse_real': 1955.37122, 'wmape_real': 0.09749, 'spearmanr_real': 0.97246, 'loss_sup': 0.3659739570044828, 'loss_data': 0.3659739570044828, 'loss_con': 1.3198003577839192, 'lambda_con': 0.0, 'rho_terminal_abs_mean': 7126.580714589544, 'rho_terminal_abs_max': 35220.72209578648, 'loss_old': 0.15396166617676568, 'loss_new': 0.21201229003155028, 'lambda_new_current': 1.0}
val: {'epoch': 176, 'time_epoch': 0.27234, 'loss': 0.36848966, 'lr': 0, 'params': 332673, 'time_iter': 0.01089, 'mae': 1299.48975, 'r2': 0.9496, 'mse': 3776920.25, 'rmse': 1943.43005, 'wmape': 0.09618, 'spearmanr': 0.97263, 'mae_norm': 0.16087, 'r2_norm': 0.9496, 'mse_norm': 0.05788, 'rmse_norm': 0.24059, 'wmape_norm': 0.1896, 'spearmanr_norm': 0.97263, 'mae_real': 1299.48975, 'r2_real': 0.9496, 'mse_real': 3776920.25, 'rmse_real': 1943.43005, 'wmape_real': 0.09618, 'spearmanr_real': 0.97263, 'loss_sup': 0.36848965578694287, 'loss_data': 0.36848965578694287, 'loss_con': 1.343120585160098, 'lambda_con': 0.0, 'rho_terminal_abs_mean': 7201.683034222691, 'rho_terminal_abs_max': 34414.844746226314, 'loss_old': 0.15050051340261783, 'loss_new': 0.21798914238164213, 'lambda_new_current': 1.0}
test: {'epoch': 176, 'time_epoch': 0.2722, 'loss': 0.36872038, 'lr': 0, 'params': 332673, 'time_iter': 0.01089, 'mae': 1303.1687, 'r2': 0.94948, 'mse': 3780517.5, 'rmse': 1944.35535, 'wmape': 0.09651, 'spearmanr': 0.97295, 'mae_norm': 0.16133, 'r2_norm': 0.94948, 'mse_norm': 0.05794, 'rmse_norm': 0.2407, 'wmape_norm': 0.19008, 'spearmanr_norm': 0.97295, 'mae_real': 1303.1687, 'r2_real': 0.94948, 'mse_real': 3780517.5, 'rmse_real': 1944.35535, 'wmape_real': 0.09651, 'spearmanr_real': 0.97295, 'loss_sup': 0.36872037637954863, 'loss_data': 0.36872037637954863, 'loss_con': 1.3284790249030092, 'lambda_con': 0.0, 'rho_terminal_abs_mean': 7148.647063994299, 'rho_terminal_abs_max': 34839.381983900275, 'loss_old': 0.15106078771328, 'loss_new': 0.21765958985683995, 'lambda_new_current': 1.0}
> Epoch 176: took 2.4s (avg 2.4s) | Best so far: epoch 174	train_loss: 0.3665	val_loss: 0.3689	test_loss: 0.3691	val_rmse_norm: 0.2403
train: {'epoch': 177, 'time_epoch': 1.43396, 'eta': 31.78955, 'eta_hours': 0.00883, 'loss': 0.36569325, 'lr': 3.572e-05, 'params': 332673, 'time_iter': 0.01912, 'mae': 1316.11194, 'r2': 0.94874, 'mse': 3823384.25, 'rmse': 1955.34766, 'wmape': 0.0975, 'spearmanr': 0.97251, 'mae_norm': 0.16293, 'r2_norm': 0.94874, 'mse_norm': 0.0586, 'rmse_norm': 0.24207, 'wmape_norm': 0.19225, 'spearmanr_norm': 0.97251, 'mae_real': 1316.11194, 'r2_real': 0.94874, 'mse_real': 3823384.25, 'rmse_real': 1955.34766, 'wmape_real': 0.0975, 'spearmanr_real': 0.97251, 'loss_sup': 0.3656932487277318, 'loss_data': 0.3656932487277318, 'loss_con': 1.3251687099216922, 'lambda_con': 0.0, 'rho_terminal_abs_mean': 7142.770689946247, 'rho_terminal_abs_max': 35019.915241324925, 'loss_old': 0.15406498218704207, 'loss_new': 0.21162826733654472, 'lambda_new_current': 1.0}
val: {'epoch': 177, 'time_epoch': 0.27184, 'loss': 0.36845777, 'lr': 0, 'params': 332673, 'time_iter': 0.01087, 'mae': 1300.64124, 'r2': 0.94973, 'mse': 3766850.75, 'rmse': 1940.83765, 'wmape': 0.09627, 'spearmanr': 0.97268, 'mae_norm': 0.16101, 'r2_norm': 0.94973, 'mse_norm': 0.05773, 'rmse_norm': 0.24027, 'wmape_norm': 0.18976, 'spearmanr_norm': 0.97268, 'mae_real': 1300.64124, 'r2_real': 0.94973, 'mse_real': 3766850.75, 'rmse_real': 1940.83765, 'wmape_real': 0.09627, 'spearmanr_real': 0.97268, 'loss_sup': 0.36845776785703255, 'loss_data': 0.36845776785703255, 'loss_con': 1.3204227630828196, 'lambda_con': 0.0, 'rho_terminal_abs_mean': 7146.759246259468, 'rho_terminal_abs_max': 34063.48217586674, 'loss_old': 0.1507134533495266, 'loss_new': 0.21774431629193416, 'lambda_new_current': 1.0}
test: {'epoch': 177, 'time_epoch': 0.27151, 'loss': 0.3686529, 'lr': 0, 'params': 332673, 'time_iter': 0.01086, 'mae': 1304.09412, 'r2': 0.94959, 'mse': 3771667.25, 'rmse': 1942.07812, 'wmape': 0.09658, 'spearmanr': 0.97298, 'mae_norm': 0.16144, 'r2_norm': 0.94959, 'mse_norm': 0.0578, 'rmse_norm': 0.24042, 'wmape_norm': 0.19022, 'spearmanr_norm': 0.97298, 'mae_real': 1304.09412, 'r2_real': 0.94959, 'mse_real': 3771667.25, 'rmse_real': 1942.07812, 'wmape_real': 0.09658, 'spearmanr_real': 0.97298, 'loss_sup': 0.36865290228609277, 'loss_data': 0.36865290228609277, 'loss_con': 1.3061022973510097, 'lambda_con': 0.0, 'rho_terminal_abs_mean': 7093.990087836475, 'rho_terminal_abs_max': 34455.81634267566, 'loss_old': 0.15124070213572938, 'loss_new': 0.21741220313227935, 'lambda_new_current': 1.0}
> Epoch 177: took 2.4s (avg 2.4s) | Best so far: epoch 177	train_loss: 0.3657	val_loss: 0.3685	test_loss: 0.3687	val_rmse_norm: 0.2403
train: {'epoch': 178, 'time_epoch': 1.43299, 'eta': 30.34316, 'eta_hours': 0.00843, 'loss': 0.36590238, 'lr': 3.272e-05, 'params': 332673, 'time_iter': 0.01911, 'mae': 1316.12476, 'r2': 0.94877, 'mse': 3821094.25, 'rmse': 1954.76196, 'wmape': 0.09751, 'spearmanr': 0.97251, 'mae_norm': 0.16293, 'r2_norm': 0.94877, 'mse_norm': 0.05856, 'rmse_norm': 0.24199, 'wmape_norm': 0.19225, 'spearmanr_norm': 0.97251, 'mae_real': 1316.12476, 'r2_real': 0.94877, 'mse_real': 3821094.25, 'rmse_real': 1954.76196, 'wmape_real': 0.09751, 'spearmanr_real': 0.97251, 'loss_sup': 0.3659023848940391, 'loss_data': 0.3659023848940391, 'loss_con': 1.3249060284811656, 'lambda_con': 0.0, 'rho_terminal_abs_mean': 7138.880213159519, 'rho_terminal_abs_max': 35357.30868169919, 'loss_old': 0.15402501265151344, 'loss_new': 0.21187737184481648, 'lambda_new_current': 1.0}
val: {'epoch': 178, 'time_epoch': 0.27179, 'loss': 0.36834911, 'lr': 0, 'params': 332673, 'time_iter': 0.01087, 'mae': 1299.3468, 'r2': 0.94966, 'mse': 3772518.5, 'rmse': 1942.29724, 'wmape': 0.09617, 'spearmanr': 0.97266, 'mae_norm': 0.16085, 'r2_norm': 0.94966, 'mse_norm': 0.05782, 'rmse_norm': 0.24045, 'wmape_norm': 0.18958, 'spearmanr_norm': 0.97266, 'mae_real': 1299.3468, 'r2_real': 0.94966, 'mse_real': 3772518.5, 'rmse_real': 1942.29724, 'wmape_real': 0.09617, 'spearmanr_real': 0.97266, 'loss_sup': 0.3683491148226273, 'loss_data': 0.3683491148226273, 'loss_con': 1.335290981315669, 'lambda_con': 0.0, 'rho_terminal_abs_mean': 7194.280909119666, 'rho_terminal_abs_max': 34114.92478150718, 'loss_old': 0.1505062428699907, 'loss_new': 0.21784287374161948, 'lambda_new_current': 1.0}
test: {'epoch': 178, 'time_epoch': 0.27117, 'loss': 0.36860373, 'lr': 0, 'params': 332673, 'time_iter': 0.01085, 'mae': 1303.01306, 'r2': 0.94951, 'mse': 3777956.5, 'rmse': 1943.69666, 'wmape': 0.0965, 'spearmanr': 0.97295, 'mae_norm': 0.16131, 'r2_norm': 0.94951, 'mse_norm': 0.0579, 'rmse_norm': 0.24062, 'wmape_norm': 0.19006, 'spearmanr_norm': 0.97295, 'mae_real': 1303.01306, 'r2_real': 0.94951, 'mse_real': 3777956.5, 'rmse_real': 1943.69666, 'wmape_real': 0.0965, 'spearmanr_real': 0.97295, 'loss_sup': 0.36860373024400106, 'loss_data': 0.36860373024400106, 'loss_con': 1.3210607436768331, 'lambda_con': 0.0, 'rho_terminal_abs_mean': 7142.0791431661755, 'rho_terminal_abs_max': 34696.86181258305, 'loss_old': 0.15105842878079626, 'loss_new': 0.21754530265627053, 'lambda_new_current': 1.0}
> Epoch 178: took 2.4s (avg 2.4s) | Best so far: epoch 177	train_loss: 0.3657	val_loss: 0.3685	test_loss: 0.3687	val_rmse_norm: 0.2403
train: {'epoch': 179, 'time_epoch': 1.43424, 'eta': 28.89707, 'eta_hours': 0.00803, 'loss': 0.36550944, 'lr': 2.984e-05, 'params': 332673, 'time_iter': 0.01912, 'mae': 1315.18469, 'r2': 0.94874, 'mse': 3823164.0, 'rmse': 1955.29126, 'wmape': 0.09744, 'spearmanr': 0.9725, 'mae_norm': 0.16282, 'r2_norm': 0.94874, 'mse_norm': 0.05859, 'rmse_norm': 0.24206, 'wmape_norm': 0.19211, 'spearmanr_norm': 0.9725, 'mae_real': 1315.18469, 'r2_real': 0.94874, 'mse_real': 3823164.0, 'rmse_real': 1955.29126, 'wmape_real': 0.09744, 'spearmanr_real': 0.9725, 'loss_sup': 0.3655094380465654, 'loss_data': 0.3655094380465654, 'loss_con': 1.3205538613559857, 'lambda_con': 0.0, 'rho_terminal_abs_mean': 7132.628383135317, 'rho_terminal_abs_max': 35236.26566694974, 'loss_old': 0.15394109663654193, 'loss_new': 0.2115683430027314, 'lambda_new_current': 1.0}
val: {'epoch': 179, 'time_epoch': 0.27201, 'loss': 0.36810581, 'lr': 0, 'params': 332673, 'time_iter': 0.01088, 'mae': 1299.41736, 'r2': 0.9496, 'mse': 3776606.25, 'rmse': 1943.34924, 'wmape': 0.09618, 'spearmanr': 0.97262, 'mae_norm': 0.16086, 'r2_norm': 0.9496, 'mse_norm': 0.05788, 'rmse_norm': 0.24058, 'wmape_norm': 0.18959, 'spearmanr_norm': 0.97262, 'mae_real': 1299.41736, 'r2_real': 0.9496, 'mse_real': 3776606.25, 'rmse_real': 1943.34924, 'wmape_real': 0.09618, 'spearmanr_real': 0.97262, 'loss_sup': 0.3681058056431021, 'loss_data': 0.3681058056431021, 'loss_con': 1.3462173233974444, 'lambda_con': 0.0, 'rho_terminal_abs_mean': 7213.724721504537, 'rho_terminal_abs_max': 34246.47206221391, 'loss_old': 0.15057272941642902, 'loss_new': 0.21753307561840768, 'lambda_new_current': 1.0}
test: {'epoch': 179, 'time_epoch': 0.27177, 'loss': 0.36832409, 'lr': 0, 'params': 332673, 'time_iter': 0.01087, 'mae': 1303.08984, 'r2': 0.94946, 'mse': 3781705.0, 'rmse': 1944.66064, 'wmape': 0.0965, 'spearmanr': 0.97293, 'mae_norm': 0.16132, 'r2_norm': 0.94946, 'mse_norm': 0.05796, 'rmse_norm': 0.24074, 'wmape_norm': 0.19007, 'spearmanr_norm': 0.97293, 'mae_real': 1303.08984, 'r2_real': 0.94946, 'mse_real': 3781705.0, 'rmse_real': 1944.66064, 'wmape_real': 0.0965, 'spearmanr_real': 0.97293, 'loss_sup': 0.36832409242794356, 'loss_data': 0.36832409242794356, 'loss_con': 1.3314590121469954, 'lambda_con': 0.0, 'rho_terminal_abs_mean': 7160.999350257256, 'rho_terminal_abs_max': 34643.554874961745, 'loss_old': 0.1511345311420935, 'loss_new': 0.2171895630801256, 'lambda_new_current': 1.0}
> Epoch 179: took 2.4s (avg 2.4s) | Best so far: epoch 177	train_loss: 0.3657	val_loss: 0.3685	test_loss: 0.3687	val_rmse_norm: 0.2403
train: {'epoch': 180, 'time_epoch': 1.434, 'eta': 27.45107, 'eta_hours': 0.00763, 'loss': 0.36549906, 'lr': 2.709e-05, 'params': 332673, 'time_iter': 0.01912, 'mae': 1315.36169, 'r2': 0.94872, 'mse': 3825087.0, 'rmse': 1955.78296, 'wmape': 0.09745, 'spearmanr': 0.97246, 'mae_norm': 0.16284, 'r2_norm': 0.94872, 'mse_norm': 0.05862, 'rmse_norm': 0.24212, 'wmape_norm': 0.19214, 'spearmanr_norm': 0.97246, 'mae_real': 1315.36169, 'r2_real': 0.94872, 'mse_real': 3825087.0, 'rmse_real': 1955.78296, 'wmape_real': 0.09745, 'spearmanr_real': 0.97246, 'loss_sup': 0.36549905799687216, 'loss_data': 0.36549905799687216, 'loss_con': 1.328326635741241, 'lambda_con': 0.0, 'rho_terminal_abs_mean': 7150.866011324695, 'rho_terminal_abs_max': 35481.702305250976, 'loss_old': 0.15397928856732124, 'loss_new': 0.21151976883331983, 'lambda_new_current': 1.0}
val: {'epoch': 180, 'time_epoch': 0.27107, 'loss': 0.36854045, 'lr': 0, 'params': 332673, 'time_iter': 0.01084, 'mae': 1300.90088, 'r2': 0.94963, 'mse': 3774363.25, 'rmse': 1942.77209, 'wmape': 0.09629, 'spearmanr': 0.97259, 'mae_norm': 0.16105, 'r2_norm': 0.94963, 'mse_norm': 0.05784, 'rmse_norm': 0.24051, 'wmape_norm': 0.1898, 'spearmanr_norm': 0.97259, 'mae_real': 1300.90088, 'r2_real': 0.94963, 'mse_real': 3774363.25, 'rmse_real': 1942.77209, 'wmape_real': 0.09629, 'spearmanr_real': 0.97259, 'loss_sup': 0.36854044880107373, 'loss_data': 0.36854044880107373, 'loss_con': 1.3229884792934221, 'lambda_con': 0.0, 'rho_terminal_abs_mean': 7145.5692894010335, 'rho_terminal_abs_max': 34209.45420195876, 'loss_old': 0.1507418187648243, 'loss_new': 0.21779862825063573, 'lambda_new_current': 1.0}
test: {'epoch': 180, 'time_epoch': 0.27057, 'loss': 0.36868476, 'lr': 0, 'params': 332673, 'time_iter': 0.01082, 'mae': 1304.22083, 'r2': 0.9495, 'mse': 3778900.25, 'rmse': 1943.93933, 'wmape': 0.09659, 'spearmanr': 0.97291, 'mae_norm': 0.16146, 'r2_norm': 0.9495, 'mse_norm': 0.05791, 'rmse_norm': 0.24065, 'wmape_norm': 0.19024, 'spearmanr_norm': 0.97291, 'mae_real': 1304.22083, 'r2_real': 0.9495, 'mse_real': 3778900.25, 'rmse_real': 1943.93933, 'wmape_real': 0.09659, 'spearmanr_real': 0.97291, 'loss_sup': 0.3686847590739882, 'loss_data': 0.3686847590739882, 'loss_con': 1.3087185920104227, 'lambda_con': 0.0, 'rho_terminal_abs_mean': 7093.3753355920835, 'rho_terminal_abs_max': 34608.02318232807, 'loss_old': 0.1512566926748559, 'loss_new': 0.21742806699323314, 'lambda_new_current': 1.0}
> Epoch 180: took 2.4s (avg 2.4s) | Best so far: epoch 177	train_loss: 0.3657	val_loss: 0.3685	test_loss: 0.3687	val_rmse_norm: 0.2403
train: {'epoch': 181, 'time_epoch': 1.43473, 'eta': 26.00528, 'eta_hours': 0.00722, 'loss': 0.3654326, 'lr': 2.447e-05, 'params': 332673, 'time_iter': 0.01913, 'mae': 1315.27832, 'r2': 0.94883, 'mse': 3816898.0, 'rmse': 1953.68835, 'wmape': 0.09744, 'spearmanr': 0.97253, 'mae_norm': 0.16283, 'r2_norm': 0.94883, 'mse_norm': 0.0585, 'rmse_norm': 0.24186, 'wmape_norm': 0.19212, 'spearmanr_norm': 0.97253, 'mae_real': 1315.27832, 'r2_real': 0.94883, 'mse_real': 3816898.0, 'rmse_real': 1953.68835, 'wmape_real': 0.09744, 'spearmanr_real': 0.97253, 'loss_sup': 0.3654325995339405, 'loss_data': 0.3654325995339405, 'loss_con': 1.323020643166678, 'lambda_con': 0.0, 'rho_terminal_abs_mean': 7136.252613099574, 'rho_terminal_abs_max': 35658.04347233215, 'loss_old': 0.153976596361414, 'loss_new': 0.21145600356684657, 'lambda_new_current': 1.0}
val: {'epoch': 181, 'time_epoch': 0.27216, 'loss': 0.36825481, 'lr': 0, 'params': 332673, 'time_iter': 0.01089, 'mae': 1300.25195, 'r2': 0.94962, 'mse': 3775323.0, 'rmse': 1943.01904, 'wmape': 0.09624, 'spearmanr': 0.97261, 'mae_norm': 0.16097, 'r2_norm': 0.94962, 'mse_norm': 0.05786, 'rmse_norm': 0.24054, 'wmape_norm': 0.18971, 'spearmanr_norm': 0.97261, 'mae_real': 1300.25195, 'r2_real': 0.94962, 'mse_real': 3775323.0, 'rmse_real': 1943.01904, 'wmape_real': 0.09624, 'spearmanr_real': 0.97261, 'loss_sup': 0.3682548129050288, 'loss_data': 0.3682548129050288, 'loss_con': 1.3414770290339464, 'lambda_con': 0.0, 'rho_terminal_abs_mean': 7192.978723914636, 'rho_terminal_abs_max': 34312.11587446098, 'loss_old': 0.150689053121811, 'loss_new': 0.21756575978627507, 'lambda_new_current': 1.0}
test: {'epoch': 181, 'time_epoch': 0.27151, 'loss': 0.36846603, 'lr': 0, 'params': 332673, 'time_iter': 0.01086, 'mae': 1303.6936, 'r2': 0.94949, 'mse': 3779443.25, 'rmse': 1944.07898, 'wmape': 0.09655, 'spearmanr': 0.97292, 'mae_norm': 0.16139, 'r2_norm': 0.94949, 'mse_norm': 0.05792, 'rmse_norm': 0.24067, 'wmape_norm': 0.19016, 'spearmanr_norm': 0.97292, 'mae_real': 1303.6936, 'r2_real': 0.94949, 'mse_real': 3779443.25, 'rmse_real': 1944.07898, 'wmape_real': 0.09655, 'spearmanr_real': 0.97292, 'loss_sup': 0.36846602923781635, 'loss_data': 0.36846602923781635, 'loss_con': 1.3269496252740764, 'lambda_con': 0.0, 'rho_terminal_abs_mean': 7141.337430620354, 'rho_terminal_abs_max': 34829.434739003555, 'loss_old': 0.15121096218413785, 'loss_new': 0.2172550694375026, 'lambda_new_current': 1.0}
> Epoch 181: took 2.5s (avg 2.4s) | Best so far: epoch 177	train_loss: 0.3657	val_loss: 0.3685	test_loss: 0.3687	val_rmse_norm: 0.2403
train: {'epoch': 182, 'time_epoch': 1.43429, 'eta': 24.55958, 'eta_hours': 0.00682, 'loss': 0.3648478, 'lr': 2.198e-05, 'params': 332673, 'time_iter': 0.01912, 'mae': 1313.72131, 'r2': 0.94891, 'mse': 3810241.5, 'rmse': 1951.98401, 'wmape': 0.09733, 'spearmanr': 0.97254, 'mae_norm': 0.16263, 'r2_norm': 0.94891, 'mse_norm': 0.05839, 'rmse_norm': 0.24165, 'wmape_norm': 0.1919, 'spearmanr_norm': 0.97254, 'mae_real': 1313.72131, 'r2_real': 0.94891, 'mse_real': 3810241.5, 'rmse_real': 1951.98401, 'wmape_real': 0.09733, 'spearmanr_real': 0.97254, 'loss_sup': 0.36484780195155986, 'loss_data': 0.36484780195155986, 'loss_con': 1.3230113083950668, 'lambda_con': 0.0, 'rho_terminal_abs_mean': 7135.057328423671, 'rho_terminal_abs_max': 35376.655271529824, 'loss_old': 0.15382583369353897, 'loss_new': 0.2110219680545297, 'lambda_new_current': 1.0}
val: {'epoch': 182, 'time_epoch': 0.27145, 'loss': 0.36781948, 'lr': 0, 'params': 332673, 'time_iter': 0.01086, 'mae': 1298.7677, 'r2': 0.94978, 'mse': 3763495.0, 'rmse': 1939.9729, 'wmape': 0.09613, 'spearmanr': 0.97271, 'mae_norm': 0.16078, 'r2_norm': 0.94978, 'mse_norm': 0.05768, 'rmse_norm': 0.24016, 'wmape_norm': 0.18949, 'spearmanr_norm': 0.97271, 'mae_real': 1298.7677, 'r2_real': 0.94978, 'mse_real': 3763495.0, 'rmse_real': 1939.9729, 'wmape_real': 0.09613, 'spearmanr_real': 0.97271, 'loss_sup': 0.3678194756365449, 'loss_data': 0.3678194756365449, 'loss_con': 1.340450082050309, 'lambda_con': 0.0, 'rho_terminal_abs_mean': 7189.983410315932, 'rho_terminal_abs_max': 34339.43882051364, 'loss_old': 0.15052023400055112, 'loss_new': 0.21729924342254334, 'lambda_new_current': 1.0}
test: {'epoch': 182, 'time_epoch': 0.2712, 'loss': 0.36798228, 'lr': 0, 'params': 332673, 'time_iter': 0.01085, 'mae': 1302.37659, 'r2': 0.94964, 'mse': 3768064.5, 'rmse': 1941.15027, 'wmape': 0.09645, 'spearmanr': 0.97302, 'mae_norm': 0.16123, 'r2_norm': 0.94964, 'mse_norm': 0.05775, 'rmse_norm': 0.24031, 'wmape_norm': 0.18997, 'spearmanr_norm': 0.97302, 'mae_real': 1302.37659, 'r2_real': 0.94964, 'mse_real': 3768064.5, 'rmse_real': 1941.15027, 'wmape_real': 0.09645, 'spearmanr_real': 0.97302, 'loss_sup': 0.3679822822985149, 'loss_data': 0.3679822822985149, 'loss_con': 1.3257838361937908, 'lambda_con': 0.0, 'rho_terminal_abs_mean': 7138.091336576104, 'rho_terminal_abs_max': 34790.16291835806, 'loss_old': 0.15108292238514656, 'loss_new': 0.21689935872130034, 'lambda_new_current': 1.0}
> Epoch 182: took 2.4s (avg 2.4s) | Best so far: epoch 182	train_loss: 0.3648	val_loss: 0.3678	test_loss: 0.3680	val_rmse_norm: 0.2402
train: {'epoch': 183, 'time_epoch': 1.43284, 'eta': 23.11387, 'eta_hours': 0.00642, 'loss': 0.36473049, 'lr': 1.962e-05, 'params': 332673, 'time_iter': 0.0191, 'mae': 1313.83716, 'r2': 0.9489, 'mse': 3811497.25, 'rmse': 1952.30566, 'wmape': 0.09734, 'spearmanr': 0.97255, 'mae_norm': 0.16265, 'r2_norm': 0.9489, 'mse_norm': 0.05841, 'rmse_norm': 0.24169, 'wmape_norm': 0.19191, 'spearmanr_norm': 0.97255, 'mae_real': 1313.83716, 'r2_real': 0.9489, 'mse_real': 3811497.25, 'rmse_real': 1952.30566, 'wmape_real': 0.09734, 'spearmanr_real': 0.97255, 'loss_sup': 0.36473048568537725, 'loss_data': 0.36473048568537725, 'loss_con': 1.3264779462577907, 'lambda_con': 0.0, 'rho_terminal_abs_mean': 7144.3538017289875, 'rho_terminal_abs_max': 35123.8193728101, 'loss_old': 0.15387654999990194, 'loss_new': 0.210853935689301, 'lambda_new_current': 1.0}
val: {'epoch': 183, 'time_epoch': 0.2712, 'loss': 0.36794427, 'lr': 0, 'params': 332673, 'time_iter': 0.01085, 'mae': 1299.45422, 'r2': 0.94973, 'mse': 3766770.25, 'rmse': 1940.81689, 'wmape': 0.09618, 'spearmanr': 0.97267, 'mae_norm': 0.16087, 'r2_norm': 0.94973, 'mse_norm': 0.05773, 'rmse_norm': 0.24027, 'wmape_norm': 0.18959, 'spearmanr_norm': 0.97267, 'mae_real': 1299.45422, 'r2_real': 0.94973, 'mse_real': 3766770.25, 'rmse_real': 1940.81689, 'wmape_real': 0.09618, 'spearmanr_real': 0.97267, 'loss_sup': 0.3679442709803442, 'loss_data': 0.3679442709803442, 'loss_con': 1.3311150101537732, 'lambda_con': 0.0, 'rho_terminal_abs_mean': 7172.678988526849, 'rho_terminal_abs_max': 34137.35197485537, 'loss_old': 0.15061531198557881, 'loss_new': 0.21732896018459216, 'lambda_new_current': 1.0}
test: {'epoch': 183, 'time_epoch': 0.27127, 'loss': 0.36809353, 'lr': 0, 'params': 332673, 'time_iter': 0.01085, 'mae': 1302.97913, 'r2': 0.94961, 'mse': 3770152.5, 'rmse': 1941.68811, 'wmape': 0.09649, 'spearmanr': 0.97299, 'mae_norm': 0.1613, 'r2_norm': 0.94961, 'mse_norm': 0.05778, 'rmse_norm': 0.24037, 'wmape_norm': 0.19006, 'spearmanr_norm': 0.97299, 'mae_real': 1302.97913, 'r2_real': 0.94961, 'mse_real': 3770152.5, 'rmse_real': 1941.68811, 'wmape_real': 0.09649, 'spearmanr_real': 0.97299, 'loss_sup': 0.36809352630525355, 'loss_data': 0.36809352630525355, 'loss_con': 1.3164567455644076, 'lambda_con': 0.0, 'rho_terminal_abs_mean': 7120.3052902179215, 'rho_terminal_abs_max': 34550.049602926025, 'loss_old': 0.15116611907813202, 'loss_new': 0.21692740841507374, 'lambda_new_current': 1.0}
> Epoch 183: took 2.4s (avg 2.4s) | Best so far: epoch 182	train_loss: 0.3648	val_loss: 0.3678	test_loss: 0.3680	val_rmse_norm: 0.2402
train: {'epoch': 184, 'time_epoch': 1.43227, 'eta': 21.66825, 'eta_hours': 0.00602, 'loss': 0.36509652, 'lr': 1.74e-05, 'params': 332673, 'time_iter': 0.0191, 'mae': 1314.60168, 'r2': 0.9488, 'mse': 3818623.75, 'rmse': 1954.12988, 'wmape': 0.09739, 'spearmanr': 0.97251, 'mae_norm': 0.16274, 'r2_norm': 0.9488, 'mse_norm': 0.05852, 'rmse_norm': 0.24191, 'wmape_norm': 0.19203, 'spearmanr_norm': 0.97251, 'mae_real': 1314.60168, 'r2_real': 0.9488, 'mse_real': 3818623.75, 'rmse_real': 1954.12988, 'wmape_real': 0.09739, 'spearmanr_real': 0.97251, 'loss_sup': 0.3650965181230267, 'loss_data': 0.3650965181230267, 'loss_con': 1.324064147457112, 'lambda_con': 0.0, 'rho_terminal_abs_mean': 7135.978594287228, 'rho_terminal_abs_max': 35520.82975762498, 'loss_old': 0.15393300837545185, 'loss_new': 0.2111635109402657, 'lambda_new_current': 1.0}
val: {'epoch': 184, 'time_epoch': 0.2721, 'loss': 0.3676966, 'lr': 0, 'params': 332673, 'time_iter': 0.01088, 'mae': 1298.55237, 'r2': 0.94979, 'mse': 3762341.75, 'rmse': 1939.67566, 'wmape': 0.09611, 'spearmanr': 0.97272, 'mae_norm': 0.16076, 'r2_norm': 0.94979, 'mse_norm': 0.05766, 'rmse_norm': 0.24012, 'wmape_norm': 0.18946, 'spearmanr_norm': 0.97272, 'mae_real': 1298.55237, 'r2_real': 0.94979, 'mse_real': 3762341.75, 'rmse_real': 1939.67566, 'wmape_real': 0.09611, 'spearmanr_real': 0.97272, 'loss_sup': 0.36769659644871716, 'loss_data': 0.36769659644871716, 'loss_con': 1.3447333088316622, 'lambda_con': 0.0, 'rho_terminal_abs_mean': 7203.276342175324, 'rho_terminal_abs_max': 34407.44187326661, 'loss_old': 0.1505091469035876, 'loss_new': 0.21718744954475516, 'lambda_new_current': 1.0}
test: {'epoch': 184, 'time_epoch': 0.27236, 'loss': 0.36807475, 'lr': 0, 'params': 332673, 'time_iter': 0.01089, 'mae': 1302.3186, 'r2': 0.94964, 'mse': 3768033.75, 'rmse': 1941.14233, 'wmape': 0.09645, 'spearmanr': 0.97302, 'mae_norm': 0.16122, 'r2_norm': 0.94964, 'mse_norm': 0.05775, 'rmse_norm': 0.24031, 'wmape_norm': 0.18996, 'spearmanr_norm': 0.97302, 'mae_real': 1302.3186, 'r2_real': 0.94964, 'mse_real': 3768033.75, 'rmse_real': 1941.14233, 'wmape_real': 0.09645, 'spearmanr_real': 0.97302, 'loss_sup': 0.36807475136834045, 'loss_data': 0.36807475136834045, 'loss_con': 1.3297750820106553, 'lambda_con': 0.0, 'rho_terminal_abs_mean': 7150.295148508774, 'rho_terminal_abs_max': 34918.36096878858, 'loss_old': 0.15105199105311906, 'loss_new': 0.2170227597092722, 'lambda_new_current': 1.0}
> Epoch 184: took 2.4s (avg 2.4s) | Best so far: epoch 184	train_loss: 0.3651	val_loss: 0.3677	test_loss: 0.3681	val_rmse_norm: 0.2401
train: {'epoch': 185, 'time_epoch': 1.43487, 'eta': 20.22297, 'eta_hours': 0.00562, 'loss': 0.3644804, 'lr': 1.53e-05, 'params': 332673, 'time_iter': 0.01913, 'mae': 1312.91833, 'r2': 0.94897, 'mse': 3806315.75, 'rmse': 1950.97815, 'wmape': 0.09727, 'spearmanr': 0.97262, 'mae_norm': 0.16253, 'r2_norm': 0.94897, 'mse_norm': 0.05833, 'rmse_norm': 0.24152, 'wmape_norm': 0.19178, 'spearmanr_norm': 0.97262, 'mae_real': 1312.91833, 'r2_real': 0.94897, 'mse_real': 3806315.75, 'rmse_real': 1950.97815, 'wmape_real': 0.09727, 'spearmanr_real': 0.97262, 'loss_sup': 0.36448040328315734, 'loss_data': 0.36448040328315734, 'loss_con': 1.327416183631554, 'lambda_con': 0.0, 'rho_terminal_abs_mean': 7143.407965155699, 'rho_terminal_abs_max': 35330.06469621709, 'loss_old': 0.15376626826093728, 'loss_new': 0.21071413541649855, 'lambda_new_current': 1.0}
val: {'epoch': 185, 'time_epoch': 0.27144, 'loss': 0.36750015, 'lr': 0, 'params': 332673, 'time_iter': 0.01086, 'mae': 1298.26086, 'r2': 0.94983, 'mse': 3759697.0, 'rmse': 1938.99377, 'wmape': 0.09609, 'spearmanr': 0.97274, 'mae_norm': 0.16072, 'r2_norm': 0.94983, 'mse_norm': 0.05762, 'rmse_norm': 0.24004, 'wmape_norm': 0.18942, 'spearmanr_norm': 0.97274, 'mae_real': 1298.26086, 'r2_real': 0.94983, 'mse_real': 3759697.0, 'rmse_real': 1938.99377, 'wmape_real': 0.09609, 'spearmanr_real': 0.97274, 'loss_sup': 0.3675001500450779, 'loss_data': 0.3675001500450779, 'loss_con': 1.346389981422238, 'lambda_con': 0.0, 'rho_terminal_abs_mean': 7207.994073997423, 'rho_terminal_abs_max': 34384.62211936777, 'loss_old': 0.15050005036726327, 'loss_new': 0.21700009788783345, 'lambda_new_current': 1.0}
test: {'epoch': 185, 'time_epoch': 0.27153, 'loss': 0.36786757, 'lr': 0, 'params': 332673, 'time_iter': 0.01086, 'mae': 1302.08728, 'r2': 0.94966, 'mse': 3766776.5, 'rmse': 1940.81848, 'wmape': 0.09643, 'spearmanr': 0.97303, 'mae_norm': 0.16119, 'r2_norm': 0.94966, 'mse_norm': 0.05773, 'rmse_norm': 0.24027, 'wmape_norm': 0.18993, 'spearmanr_norm': 0.97303, 'mae_real': 1302.08728, 'r2_real': 0.94966, 'mse_real': 3766776.5, 'rmse_real': 1940.81848, 'wmape_real': 0.09643, 'spearmanr_real': 0.97303, 'loss_sup': 0.3678675708172897, 'loss_data': 0.3678675708172897, 'loss_con': 1.331617444195777, 'lambda_con': 0.0, 'rho_terminal_abs_mean': 7154.9228030337335, 'rho_terminal_abs_max': 34878.85809730944, 'loss_old': 0.15105714414212063, 'loss_new': 0.2168104260822531, 'lambda_new_current': 1.0}
> Epoch 185: took 2.4s (avg 2.4s) | Best so far: epoch 185	train_loss: 0.3645	val_loss: 0.3675	test_loss: 0.3679	val_rmse_norm: 0.2400
train: {'epoch': 186, 'time_epoch': 1.43652, 'eta': 18.77792, 'eta_hours': 0.00522, 'loss': 0.36439124, 'lr': 1.334e-05, 'params': 332673, 'time_iter': 0.01915, 'mae': 1313.69006, 'r2': 0.94899, 'mse': 3804368.25, 'rmse': 1950.479, 'wmape': 0.09733, 'spearmanr': 0.97261, 'mae_norm': 0.16263, 'r2_norm': 0.94899, 'mse_norm': 0.0583, 'rmse_norm': 0.24146, 'wmape_norm': 0.19189, 'spearmanr_norm': 0.97261, 'mae_real': 1313.69006, 'r2_real': 0.94899, 'mse_real': 3804368.25, 'rmse_real': 1950.479, 'wmape_real': 0.09733, 'spearmanr_real': 0.97261, 'loss_sup': 0.3643912415883199, 'loss_data': 0.3643912415883199, 'loss_con': 1.3280125665480838, 'lambda_con': 0.0, 'rho_terminal_abs_mean': 7143.3280951285615, 'rho_terminal_abs_max': 35483.29950309525, 'loss_old': 0.15392091587366374, 'loss_new': 0.21047032531910936, 'lambda_new_current': 1.0}
val: {'epoch': 186, 'time_epoch': 0.27185, 'loss': 0.3675541, 'lr': 0, 'params': 332673, 'time_iter': 0.01087, 'mae': 1298.02234, 'r2': 0.94977, 'mse': 3764404.25, 'rmse': 1940.20728, 'wmape': 0.09607, 'spearmanr': 0.97272, 'mae_norm': 0.16069, 'r2_norm': 0.94977, 'mse_norm': 0.05769, 'rmse_norm': 0.24019, 'wmape_norm': 0.18938, 'spearmanr_norm': 0.97272, 'mae_real': 1298.02234, 'r2_real': 0.94977, 'mse_real': 3764404.25, 'rmse_real': 1940.20728, 'wmape_real': 0.09607, 'spearmanr_real': 0.97272, 'loss_sup': 0.3675540954895206, 'loss_data': 0.3675540954895206, 'loss_con': 1.343276459600158, 'lambda_con': 0.0, 'rho_terminal_abs_mean': 7202.824238366791, 'rho_terminal_abs_max': 34341.90085064949, 'loss_old': 0.15044571246191454, 'loss_new': 0.2171083812383736, 'lambda_new_current': 1.0}
test: {'epoch': 186, 'time_epoch': 0.27205, 'loss': 0.36787969, 'lr': 0, 'params': 332673, 'time_iter': 0.01088, 'mae': 1301.84717, 'r2': 0.94961, 'mse': 3770319.25, 'rmse': 1941.73096, 'wmape': 0.09641, 'spearmanr': 0.97302, 'mae_norm': 0.16116, 'r2_norm': 0.94961, 'mse_norm': 0.05778, 'rmse_norm': 0.24038, 'wmape_norm': 0.18989, 'spearmanr_norm': 0.97302, 'mae_real': 1301.84717, 'r2_real': 0.94961, 'mse_real': 3770319.25, 'rmse_real': 1941.73096, 'wmape_real': 0.09641, 'spearmanr_real': 0.97302, 'loss_sup': 0.36787968646763874, 'loss_data': 0.36787968646763874, 'loss_con': 1.328287947575243, 'lambda_con': 0.0, 'rho_terminal_abs_mean': 7149.668801600001, 'rho_terminal_abs_max': 34832.545673070636, 'loss_old': 0.15101118704300162, 'loss_new': 0.21686850360067886, 'lambda_new_current': 1.0}
> Epoch 186: took 2.4s (avg 2.4s) | Best so far: epoch 185	train_loss: 0.3645	val_loss: 0.3675	test_loss: 0.3679	val_rmse_norm: 0.2400
train: {'epoch': 187, 'time_epoch': 1.44031, 'eta': 17.3332, 'eta_hours': 0.00481, 'loss': 0.36478044, 'lr': 1.151e-05, 'params': 332673, 'time_iter': 0.0192, 'mae': 1313.59924, 'r2': 0.949, 'mse': 3803729.75, 'rmse': 1950.31531, 'wmape': 0.09732, 'spearmanr': 0.97263, 'mae_norm': 0.16262, 'r2_norm': 0.949, 'mse_norm': 0.05829, 'rmse_norm': 0.24144, 'wmape_norm': 0.19188, 'spearmanr_norm': 0.97263, 'mae_real': 1313.59924, 'r2_real': 0.949, 'mse_real': 3803729.75, 'rmse_real': 1950.31531, 'wmape_real': 0.09732, 'spearmanr_real': 0.97263, 'loss_sup': 0.3647804363299004, 'loss_data': 0.3647804363299004, 'loss_con': 1.325898751395376, 'lambda_con': 0.0, 'rho_terminal_abs_mean': 7142.858073921829, 'rho_terminal_abs_max': 35141.44262751248, 'loss_old': 0.1538236073589909, 'loss_new': 0.21095682876935198, 'lambda_new_current': 1.0}
val: {'epoch': 187, 'time_epoch': 0.2723, 'loss': 0.36760526, 'lr': 0, 'params': 332673, 'time_iter': 0.01089, 'mae': 1298.42273, 'r2': 0.94972, 'mse': 3767688.75, 'rmse': 1941.05347, 'wmape': 0.0961, 'spearmanr': 0.97268, 'mae_norm': 0.16074, 'r2_norm': 0.94972, 'mse_norm': 0.05774, 'rmse_norm': 0.2403, 'wmape_norm': 0.18944, 'spearmanr_norm': 0.97268, 'mae_real': 1298.42273, 'r2_real': 0.94972, 'mse_real': 3767688.75, 'rmse_real': 1941.05347, 'wmape_real': 0.0961, 'spearmanr_real': 0.97268, 'loss_sup': 0.3676052556699754, 'loss_data': 0.3676052556699754, 'loss_con': 1.347166903858636, 'lambda_con': 0.0, 'rho_terminal_abs_mean': 7211.3226636547, 'rho_terminal_abs_max': 34348.62294435657, 'loss_old': 0.15050610731034716, 'loss_new': 0.21709914776159517, 'lambda_new_current': 1.0}
test: {'epoch': 187, 'time_epoch': 0.27215, 'loss': 0.36797504, 'lr': 0, 'params': 332673, 'time_iter': 0.01089, 'mae': 1302.22302, 'r2': 0.94957, 'mse': 3773241.25, 'rmse': 1942.48328, 'wmape': 0.09644, 'spearmanr': 0.97298, 'mae_norm': 0.16121, 'r2_norm': 0.94957, 'mse_norm': 0.05783, 'rmse_norm': 0.24047, 'wmape_norm': 0.18995, 'spearmanr_norm': 0.97298, 'mae_real': 1302.22302, 'r2_real': 0.94957, 'mse_real': 3773241.25, 'rmse_real': 1942.48328, 'wmape_real': 0.09644, 'spearmanr_real': 0.97298, 'loss_sup': 0.36797503630611245, 'loss_data': 0.36797503630611245, 'loss_con': 1.3323572214677786, 'lambda_con': 0.0, 'rho_terminal_abs_mean': 7158.632791996499, 'rho_terminal_abs_max': 34928.34107458942, 'loss_old': 0.15105732357647156, 'loss_new': 0.21691771451930178, 'lambda_new_current': 1.0}
> Epoch 187: took 2.4s (avg 2.4s) | Best so far: epoch 185	train_loss: 0.3645	val_loss: 0.3675	test_loss: 0.3679	val_rmse_norm: 0.2400
train: {'epoch': 188, 'time_epoch': 1.43633, 'eta': 15.88829, 'eta_hours': 0.00441, 'loss': 0.3645784, 'lr': 9.81e-06, 'params': 332673, 'time_iter': 0.01915, 'mae': 1313.61084, 'r2': 0.94894, 'mse': 3808344.0, 'rmse': 1951.49792, 'wmape': 0.09732, 'spearmanr': 0.97258, 'mae_norm': 0.16262, 'r2_norm': 0.94894, 'mse_norm': 0.05836, 'rmse_norm': 0.24159, 'wmape_norm': 0.19188, 'spearmanr_norm': 0.97258, 'mae_real': 1313.61084, 'r2_real': 0.94894, 'mse_real': 3808344.0, 'rmse_real': 1951.49792, 'wmape_real': 0.09732, 'spearmanr_real': 0.97258, 'loss_sup': 0.36457839574858725, 'loss_data': 0.36457839574858725, 'loss_con': 1.3278863678610553, 'lambda_con': 0.0, 'rho_terminal_abs_mean': 7147.790514250979, 'rho_terminal_abs_max': 35548.97358495443, 'loss_old': 0.15386989731438336, 'loss_new': 0.2107084980381997, 'lambda_new_current': 1.0}
val: {'epoch': 188, 'time_epoch': 0.27165, 'loss': 0.36764928, 'lr': 0, 'params': 332673, 'time_iter': 0.01087, 'mae': 1298.87183, 'r2': 0.94976, 'mse': 3764642.75, 'rmse': 1940.26868, 'wmape': 0.09614, 'spearmanr': 0.97269, 'mae_norm': 0.1608, 'r2_norm': 0.94976, 'mse_norm': 0.0577, 'rmse_norm': 0.2402, 'wmape_norm': 0.18951, 'spearmanr_norm': 0.97269, 'mae_real': 1298.87183, 'r2_real': 0.94976, 'mse_real': 3764642.75, 'rmse_real': 1940.26868, 'wmape_real': 0.09614, 'spearmanr_real': 0.97269, 'loss_sup': 0.36764927932558317, 'loss_data': 0.36764927932558317, 'loss_con': 1.3396047687634738, 'lambda_con': 0.0, 'rho_terminal_abs_mean': 7194.10863626988, 'rho_terminal_abs_max': 34259.79984959656, 'loss_old': 0.15057656472789624, 'loss_new': 0.21707271221110777, 'lambda_new_current': 1.0}
test: {'epoch': 188, 'time_epoch': 0.27153, 'loss': 0.36794083, 'lr': 0, 'params': 332673, 'time_iter': 0.01086, 'mae': 1302.5011, 'r2': 0.94961, 'mse': 3770065.25, 'rmse': 1941.66553, 'wmape': 0.09646, 'spearmanr': 0.973, 'mae_norm': 0.16124, 'r2_norm': 0.94961, 'mse_norm': 0.05778, 'rmse_norm': 0.24037, 'wmape_norm': 0.18999, 'spearmanr_norm': 0.973, 'mae_real': 1302.5011, 'r2_real': 0.94961, 'mse_real': 3770065.25, 'rmse_real': 1941.66553, 'wmape_real': 0.09646, 'spearmanr_real': 0.973, 'loss_sup': 0.3679408293919201, 'loss_data': 0.3679408293919201, 'loss_con': 1.3246553192828918, 'lambda_con': 0.0, 'rho_terminal_abs_mean': 7140.541110494049, 'rho_terminal_abs_max': 34828.59652502236, 'loss_old': 0.15111448515711456, 'loss_new': 0.21682634184094154, 'lambda_new_current': 1.0}
> Epoch 188: took 2.5s (avg 2.4s) | Best so far: epoch 185	train_loss: 0.3645	val_loss: 0.3675	test_loss: 0.3679	val_rmse_norm: 0.2400
train: {'epoch': 189, 'time_epoch': 1.43394, 'eta': 14.44335, 'eta_hours': 0.00401, 'loss': 0.36445879, 'lr': 8.25e-06, 'params': 332673, 'time_iter': 0.01912, 'mae': 1313.43726, 'r2': 0.94895, 'mse': 3807816.75, 'rmse': 1951.36279, 'wmape': 0.09731, 'spearmanr': 0.97263, 'mae_norm': 0.1626, 'r2_norm': 0.94895, 'mse_norm': 0.05836, 'rmse_norm': 0.24157, 'wmape_norm': 0.19186, 'spearmanr_norm': 0.97263, 'mae_real': 1313.43726, 'r2_real': 0.94895, 'mse_real': 3807816.75, 'rmse_real': 1951.36279, 'wmape_real': 0.09731, 'spearmanr_real': 0.97263, 'loss_sup': 0.36445879372006845, 'loss_data': 0.36445879372006845, 'loss_con': 1.3257535951139052, 'lambda_con': 0.0, 'rho_terminal_abs_mean': 7144.960571560565, 'rho_terminal_abs_max': 35303.38954074116, 'loss_old': 0.1538612717279971, 'loss_new': 0.21059752139636007, 'lambda_new_current': 1.0}
val: {'epoch': 189, 'time_epoch': 0.27174, 'loss': 0.36755056, 'lr': 0, 'params': 332673, 'time_iter': 0.01087, 'mae': 1298.43945, 'r2': 0.94976, 'mse': 3765102.25, 'rmse': 1940.38708, 'wmape': 0.0961, 'spearmanr': 0.9727, 'mae_norm': 0.16074, 'r2_norm': 0.94976, 'mse_norm': 0.0577, 'rmse_norm': 0.24021, 'wmape_norm': 0.18944, 'spearmanr_norm': 0.9727, 'mae_real': 1298.43945, 'r2_real': 0.94976, 'mse_real': 3765102.25, 'rmse_real': 1940.38708, 'wmape_real': 0.0961, 'spearmanr_real': 0.9727, 'loss_sup': 0.3675505607692941, 'loss_data': 0.3675505607692941, 'loss_con': 1.339400292779071, 'lambda_con': 0.0, 'rho_terminal_abs_mean': 7191.625301926846, 'rho_terminal_abs_max': 34258.21334512121, 'loss_old': 0.15052128796809475, 'loss_new': 0.2170292710101575, 'lambda_new_current': 1.0}
test: {'epoch': 189, 'time_epoch': 0.27147, 'loss': 0.3678079, 'lr': 0, 'params': 332673, 'time_iter': 0.01086, 'mae': 1302.10144, 'r2': 0.94961, 'mse': 3770172.75, 'rmse': 1941.69324, 'wmape': 0.09643, 'spearmanr': 0.97301, 'mae_norm': 0.1612, 'r2_norm': 0.94961, 'mse_norm': 0.05778, 'rmse_norm': 0.24037, 'wmape_norm': 0.18993, 'spearmanr_norm': 0.97301, 'mae_real': 1302.10144, 'r2_real': 0.94961, 'mse_real': 3770172.75, 'rmse_real': 1941.69324, 'wmape_real': 0.09643, 'spearmanr_real': 0.97301, 'loss_sup': 0.36780789523374535, 'loss_data': 0.36780789523374535, 'loss_con': 1.3245068049516155, 'lambda_con': 0.0, 'rho_terminal_abs_mean': 7138.518300198063, 'rho_terminal_abs_max': 34809.82098393755, 'loss_old': 0.15107257111734151, 'loss_new': 0.21673532113604685, 'lambda_new_current': 1.0}
> Epoch 189: took 2.4s (avg 2.4s) | Best so far: epoch 185	train_loss: 0.3645	val_loss: 0.3675	test_loss: 0.3679	val_rmse_norm: 0.2400
train: {'epoch': 190, 'time_epoch': 1.43452, 'eta': 12.99855, 'eta_hours': 0.00361, 'loss': 0.36442454, 'lr': 6.82e-06, 'params': 332673, 'time_iter': 0.01913, 'mae': 1313.3938, 'r2': 0.94897, 'mse': 3806387.0, 'rmse': 1950.99646, 'wmape': 0.0973, 'spearmanr': 0.97263, 'mae_norm': 0.16259, 'r2_norm': 0.94897, 'mse_norm': 0.05833, 'rmse_norm': 0.24153, 'wmape_norm': 0.19185, 'spearmanr_norm': 0.97263, 'mae_real': 1313.3938, 'r2_real': 0.94897, 'mse_real': 3806387.0, 'rmse_real': 1950.99646, 'wmape_real': 0.0973, 'spearmanr_real': 0.97263, 'loss_sup': 0.36442453918002027, 'loss_data': 0.36442453918002027, 'loss_con': 1.323755188079919, 'lambda_con': 0.0, 'rho_terminal_abs_mean': 7134.794130204879, 'rho_terminal_abs_max': 35428.63594261584, 'loss_old': 0.1538644143857788, 'loss_new': 0.21056012618341666, 'lambda_new_current': 1.0}
val: {'epoch': 190, 'time_epoch': 0.27253, 'loss': 0.3674986, 'lr': 0, 'params': 332673, 'time_iter': 0.0109, 'mae': 1298.00098, 'r2': 0.94976, 'mse': 3764799.25, 'rmse': 1940.30908, 'wmape': 0.09607, 'spearmanr': 0.97271, 'mae_norm': 0.16069, 'r2_norm': 0.94976, 'mse_norm': 0.0577, 'rmse_norm': 0.2402, 'wmape_norm': 0.18938, 'spearmanr_norm': 0.97271, 'mae_real': 1298.00098, 'r2_real': 0.94976, 'mse_real': 3764799.25, 'rmse_real': 1940.30908, 'wmape_real': 0.09607, 'spearmanr_real': 0.97271, 'loss_sup': 0.36749859930394524, 'loss_data': 0.36749859930394524, 'loss_con': 1.3449758851395246, 'lambda_con': 0.0, 'rho_terminal_abs_mean': 7205.793869198533, 'rho_terminal_abs_max': 34321.309837701934, 'loss_old': 0.15045444267652358, 'loss_new': 0.2170441548457387, 'lambda_new_current': 1.0}
test: {'epoch': 190, 'time_epoch': 0.27116, 'loss': 0.36770467, 'lr': 0, 'params': 332673, 'time_iter': 0.01085, 'mae': 1301.61487, 'r2': 0.94962, 'mse': 3769632.25, 'rmse': 1941.55408, 'wmape': 0.09639, 'spearmanr': 0.97302, 'mae_norm': 0.16114, 'r2_norm': 0.94962, 'mse_norm': 0.05777, 'rmse_norm': 0.24036, 'wmape_norm': 0.18986, 'spearmanr_norm': 0.97302, 'mae_real': 1301.61487, 'r2_real': 0.94962, 'mse_real': 3769632.25, 'rmse_real': 1941.55408, 'wmape_real': 0.09639, 'spearmanr_real': 0.97302, 'loss_sup': 0.36770466777235744, 'loss_data': 0.36770466777235744, 'loss_con': 1.330184824595765, 'lambda_con': 0.0, 'rho_terminal_abs_mean': 7153.169613313045, 'rho_terminal_abs_max': 34871.16716405809, 'loss_old': 0.1510085333239493, 'loss_new': 0.21669613265481857, 'lambda_new_current': 1.0}
> Epoch 190: took 2.4s (avg 2.4s) | Best so far: epoch 185	train_loss: 0.3645	val_loss: 0.3675	test_loss: 0.3679	val_rmse_norm: 0.2400
train: {'epoch': 191, 'time_epoch': 1.43366, 'eta': 11.55383, 'eta_hours': 0.00321, 'loss': 0.36429067, 'lr': 5.53e-06, 'params': 332673, 'time_iter': 0.01912, 'mae': 1313.45251, 'r2': 0.94899, 'mse': 3805015.25, 'rmse': 1950.64478, 'wmape': 0.09731, 'spearmanr': 0.97262, 'mae_norm': 0.1626, 'r2_norm': 0.94899, 'mse_norm': 0.05831, 'rmse_norm': 0.24148, 'wmape_norm': 0.19186, 'spearmanr_norm': 0.97262, 'mae_real': 1313.45251, 'r2_real': 0.94899, 'mse_real': 3805015.25, 'rmse_real': 1950.64478, 'wmape_real': 0.09731, 'spearmanr_real': 0.97262, 'loss_sup': 0.3642906729271545, 'loss_data': 0.3642906729271545, 'loss_con': 1.3259176374395933, 'lambda_con': 0.0, 'rho_terminal_abs_mean': 7143.2238243074735, 'rho_terminal_abs_max': 35204.237996118245, 'loss_old': 0.15390274055733308, 'loss_new': 0.21038793177323686, 'lambda_new_current': 1.0}
val: {'epoch': 191, 'time_epoch': 0.27194, 'loss': 0.36752511, 'lr': 0, 'params': 332673, 'time_iter': 0.01088, 'mae': 1298.35815, 'r2': 0.94972, 'mse': 3767544.5, 'rmse': 1941.01636, 'wmape': 0.0961, 'spearmanr': 0.97268, 'mae_norm': 0.16073, 'r2_norm': 0.94972, 'mse_norm': 0.05774, 'rmse_norm': 0.24029, 'wmape_norm': 0.18943, 'spearmanr_norm': 0.97268, 'mae_real': 1298.35815, 'r2_real': 0.94972, 'mse_real': 3767544.5, 'rmse_real': 1941.01636, 'wmape_real': 0.0961, 'spearmanr_real': 0.97268, 'loss_sup': 0.3675251142323516, 'loss_data': 0.3675251142323516, 'loss_con': 1.346503074853311, 'lambda_con': 0.0, 'rho_terminal_abs_mean': 7212.214659423721, 'rho_terminal_abs_max': 34340.45139969556, 'loss_old': 0.1505123032635099, 'loss_new': 0.2170128085749002, 'lambda_new_current': 1.0}
test: {'epoch': 191, 'time_epoch': 0.27184, 'loss': 0.36781285, 'lr': 0, 'params': 332673, 'time_iter': 0.01087, 'mae': 1302.0708, 'r2': 0.94957, 'mse': 3773291.75, 'rmse': 1942.49622, 'wmape': 0.09643, 'spearmanr': 0.97299, 'mae_norm': 0.16119, 'r2_norm': 0.94957, 'mse_norm': 0.05783, 'rmse_norm': 0.24047, 'wmape_norm': 0.18992, 'spearmanr_norm': 0.97299, 'mae_real': 1302.0708, 'r2_real': 0.94957, 'mse_real': 3773291.75, 'rmse_real': 1942.49622, 'wmape_real': 0.09643, 'spearmanr_real': 0.97299, 'loss_sup': 0.3678128486566032, 'loss_data': 0.3678128486566032, 'loss_con': 1.3315972700712881, 'lambda_con': 0.0, 'rho_terminal_abs_mean': 7159.005608520776, 'rho_terminal_abs_max': 34873.12147785246, 'loss_old': 0.15106617167733294, 'loss_new': 0.2167466740026549, 'lambda_new_current': 1.0}
> Epoch 191: took 2.4s (avg 2.4s) | Best so far: epoch 185	train_loss: 0.3645	val_loss: 0.3675	test_loss: 0.3679	val_rmse_norm: 0.2400
train: {'epoch': 192, 'time_epoch': 1.43439, 'eta': 10.10924, 'eta_hours': 0.00281, 'loss': 0.36480983, 'lr': 4.37e-06, 'params': 332673, 'time_iter': 0.01913, 'mae': 1314.31885, 'r2': 0.94889, 'mse': 3811846.25, 'rmse': 1952.39502, 'wmape': 0.09737, 'spearmanr': 0.97256, 'mae_norm': 0.16271, 'r2_norm': 0.94889, 'mse_norm': 0.05842, 'rmse_norm': 0.2417, 'wmape_norm': 0.19198, 'spearmanr_norm': 0.97256, 'mae_real': 1314.31885, 'r2_real': 0.94889, 'mse_real': 3811846.25, 'rmse_real': 1952.39502, 'wmape_real': 0.09737, 'spearmanr_real': 0.97256, 'loss_sup': 0.3648098348179246, 'loss_data': 0.3648098348179246, 'loss_con': 1.3269001002510166, 'lambda_con': 0.0, 'rho_terminal_abs_mean': 7145.006577186141, 'rho_terminal_abs_max': 35622.284363750725, 'loss_old': 0.1539416906063066, 'loss_new': 0.21086814241945248, 'lambda_new_current': 1.0}
val: {'epoch': 192, 'time_epoch': 0.27172, 'loss': 0.36758775, 'lr': 0, 'params': 332673, 'time_iter': 0.01087, 'mae': 1298.26233, 'r2': 0.94975, 'mse': 3765332.25, 'rmse': 1940.44641, 'wmape': 0.09609, 'spearmanr': 0.9727, 'mae_norm': 0.16072, 'r2_norm': 0.94975, 'mse_norm': 0.05771, 'rmse_norm': 0.24022, 'wmape_norm': 0.18942, 'spearmanr_norm': 0.9727, 'mae_real': 1298.26233, 'r2_real': 0.94975, 'mse_real': 3765332.25, 'rmse_real': 1940.44641, 'wmape_real': 0.09609, 'spearmanr_real': 0.9727, 'loss_sup': 0.3675877533727052, 'loss_data': 0.3675877533727052, 'loss_con': 1.3418198217258175, 'lambda_con': 0.0, 'rho_terminal_abs_mean': 7200.429701972878, 'rho_terminal_abs_max': 34272.79102102243, 'loss_old': 0.1504814992107185, 'loss_new': 0.21710625356582547, 'lambda_new_current': 1.0}
test: {'epoch': 192, 'time_epoch': 0.27151, 'loss': 0.36781079, 'lr': 0, 'params': 332673, 'time_iter': 0.01086, 'mae': 1301.93066, 'r2': 0.94962, 'mse': 3769822.0, 'rmse': 1941.60291, 'wmape': 0.09642, 'spearmanr': 0.97301, 'mae_norm': 0.16117, 'r2_norm': 0.94962, 'mse_norm': 0.05777, 'rmse_norm': 0.24036, 'wmape_norm': 0.1899, 'spearmanr_norm': 0.97301, 'mae_real': 1301.93066, 'r2_real': 0.94962, 'mse_real': 3769822.0, 'rmse_real': 1941.60291, 'wmape_real': 0.09642, 'spearmanr_real': 0.97301, 'loss_sup': 0.3678107865214764, 'loss_data': 0.3678107865214764, 'loss_con': 1.3269338477895334, 'lambda_con': 0.0, 'rho_terminal_abs_mean': 7147.665643919864, 'rho_terminal_abs_max': 34792.67363477008, 'loss_old': 0.15104140269050656, 'loss_new': 0.2167693814402862, 'lambda_new_current': 1.0}
> Epoch 192: took 2.4s (avg 2.4s) | Best so far: epoch 185	train_loss: 0.3645	val_loss: 0.3675	test_loss: 0.3679	val_rmse_norm: 0.2400
train: {'epoch': 193, 'time_epoch': 1.43561, 'eta': 8.6648, 'eta_hours': 0.00241, 'loss': 0.36472632, 'lr': 3.35e-06, 'params': 332673, 'time_iter': 0.01914, 'mae': 1314.02185, 'r2': 0.94892, 'mse': 3810014.75, 'rmse': 1951.9259, 'wmape': 0.09735, 'spearmanr': 0.97256, 'mae_norm': 0.16267, 'r2_norm': 0.94892, 'mse_norm': 0.05839, 'rmse_norm': 0.24164, 'wmape_norm': 0.19194, 'spearmanr_norm': 0.97256, 'mae_real': 1314.02185, 'r2_real': 0.94892, 'mse_real': 3810014.75, 'rmse_real': 1951.9259, 'wmape_real': 0.09735, 'spearmanr_real': 0.97256, 'loss_sup': 0.3647263240105235, 'loss_data': 0.3647263240105235, 'loss_con': 1.3268863354834743, 'lambda_con': 0.0, 'rho_terminal_abs_mean': 7146.376352412298, 'rho_terminal_abs_max': 35248.3943867492, 'loss_old': 0.15390820016747228, 'loss_new': 0.21081812305116757, 'lambda_new_current': 1.0}
val: {'epoch': 193, 'time_epoch': 0.27165, 'loss': 0.36742724, 'lr': 0, 'params': 332673, 'time_iter': 0.01087, 'mae': 1298.14282, 'r2': 0.94979, 'mse': 3762565.75, 'rmse': 1939.7334, 'wmape': 0.09608, 'spearmanr': 0.97272, 'mae_norm': 0.16071, 'r2_norm': 0.94979, 'mse_norm': 0.05766, 'rmse_norm': 0.24013, 'wmape_norm': 0.1894, 'spearmanr_norm': 0.97272, 'mae_real': 1298.14282, 'r2_real': 0.94979, 'mse_real': 3762565.75, 'rmse_real': 1939.7334, 'wmape_real': 0.09608, 'spearmanr_real': 0.97272, 'loss_sup': 0.36742723681584927, 'loss_data': 0.36742723681584927, 'loss_con': 1.342656859643122, 'lambda_con': 0.0, 'rho_terminal_abs_mean': 7201.958154019439, 'rho_terminal_abs_max': 34274.30689832769, 'loss_old': 0.15049563517770312, 'loss_new': 0.216931603429188, 'lambda_new_current': 1.0}
test: {'epoch': 193, 'time_epoch': 0.27198, 'loss': 0.36768775, 'lr': 0, 'params': 332673, 'time_iter': 0.01088, 'mae': 1301.80359, 'r2': 0.94965, 'mse': 3767583.25, 'rmse': 1941.02637, 'wmape': 0.09641, 'spearmanr': 0.97303, 'mae_norm': 0.16116, 'r2_norm': 0.94965, 'mse_norm': 0.05774, 'rmse_norm': 0.24029, 'wmape_norm': 0.18988, 'spearmanr_norm': 0.97303, 'mae_real': 1301.80359, 'r2_real': 0.94965, 'mse_real': 3767583.25, 'rmse_real': 1941.02637, 'wmape_real': 0.09641, 'spearmanr_real': 0.97303, 'loss_sup': 0.36768775372947093, 'loss_data': 0.36768775372947093, 'loss_con': 1.3279207630926342, 'lambda_con': 0.0, 'rho_terminal_abs_mean': 7149.511206587505, 'rho_terminal_abs_max': 34813.223507016555, 'loss_old': 0.1510459894042403, 'loss_new': 0.2166417595450481, 'lambda_new_current': 1.0}
> Epoch 193: took 2.4s (avg 2.4s) | Best so far: epoch 185	train_loss: 0.3645	val_loss: 0.3675	test_loss: 0.3679	val_rmse_norm: 0.2400
train: {'epoch': 194, 'time_epoch': 1.43636, 'eta': 7.22047, 'eta_hours': 0.00201, 'loss': 0.36428932, 'lr': 2.46e-06, 'params': 332673, 'time_iter': 0.01915, 'mae': 1313.0481, 'r2': 0.949, 'mse': 3804102.25, 'rmse': 1950.41077, 'wmape': 0.09728, 'spearmanr': 0.97263, 'mae_norm': 0.16255, 'r2_norm': 0.949, 'mse_norm': 0.0583, 'rmse_norm': 0.24145, 'wmape_norm': 0.1918, 'spearmanr_norm': 0.97263, 'mae_real': 1313.0481, 'r2_real': 0.949, 'mse_real': 3804102.25, 'rmse_real': 1950.41077, 'wmape_real': 0.09728, 'spearmanr_real': 0.97263, 'loss_sup': 0.3642893169607411, 'loss_data': 0.3642893169607411, 'loss_con': 1.3267307186055584, 'lambda_con': 0.0, 'rho_terminal_abs_mean': 7142.585034446966, 'rho_terminal_abs_max': 34805.31232324317, 'loss_old': 0.15383224344647523, 'loss_new': 0.2104570727225693, 'lambda_new_current': 1.0}
val: {'epoch': 194, 'time_epoch': 0.27201, 'loss': 0.36749486, 'lr': 0, 'params': 332673, 'time_iter': 0.01088, 'mae': 1298.39111, 'r2': 0.94975, 'mse': 3765544.75, 'rmse': 1940.5011, 'wmape': 0.0961, 'spearmanr': 0.97269, 'mae_norm': 0.16074, 'r2_norm': 0.94975, 'mse_norm': 0.05771, 'rmse_norm': 0.24023, 'wmape_norm': 0.18944, 'spearmanr_norm': 0.97269, 'mae_real': 1298.39111, 'r2_real': 0.94975, 'mse_real': 3765544.75, 'rmse_real': 1940.5011, 'wmape_real': 0.0961, 'spearmanr_real': 0.97269, 'loss_sup': 0.3674948631135356, 'loss_data': 0.3674948631135356, 'loss_con': 1.341733596637273, 'lambda_con': 0.0, 'rho_terminal_abs_mean': 7198.892567448723, 'rho_terminal_abs_max': 34279.15241102977, 'loss_old': 0.1505250738570144, 'loss_new': 0.21696979223838805, 'lambda_new_current': 1.0}
test: {'epoch': 194, 'time_epoch': 0.27141, 'loss': 0.36775678, 'lr': 0, 'params': 332673, 'time_iter': 0.01086, 'mae': 1302.05273, 'r2': 0.94961, 'mse': 3770478.0, 'rmse': 1941.77185, 'wmape': 0.09643, 'spearmanr': 0.973, 'mae_norm': 0.16119, 'r2_norm': 0.94961, 'mse_norm': 0.05778, 'rmse_norm': 0.24038, 'wmape_norm': 0.18992, 'spearmanr_norm': 0.973, 'mae_real': 1302.05273, 'r2_real': 0.94961, 'mse_real': 3770478.0, 'rmse_real': 1941.77185, 'wmape_real': 0.09643, 'spearmanr_real': 0.973, 'loss_sup': 0.3677567772262801, 'loss_data': 0.3677567772262801, 'loss_con': 1.3268590296887002, 'lambda_con': 0.0, 'rho_terminal_abs_mean': 7146.127212657554, 'rho_terminal_abs_max': 34819.93170370892, 'loss_old': 0.15107533080771765, 'loss_new': 0.2166814446329549, 'lambda_new_current': 1.0}
> Epoch 194: took 2.5s (avg 2.4s) | Best so far: epoch 185	train_loss: 0.3645	val_loss: 0.3675	test_loss: 0.3679	val_rmse_norm: 0.2400
train: {'epoch': 195, 'time_epoch': 1.43525, 'eta': 5.77619, 'eta_hours': 0.0016, 'loss': 0.36430086, 'lr': 1.71e-06, 'params': 332673, 'time_iter': 0.01914, 'mae': 1313.45349, 'r2': 0.94895, 'mse': 3807883.0, 'rmse': 1951.37976, 'wmape': 0.09731, 'spearmanr': 0.97256, 'mae_norm': 0.1626, 'r2_norm': 0.94895, 'mse_norm': 0.05836, 'rmse_norm': 0.24157, 'wmape_norm': 0.19186, 'spearmanr_norm': 0.97256, 'mae_real': 1313.45349, 'r2_real': 0.94895, 'mse_real': 3807883.0, 'rmse_real': 1951.37976, 'wmape_real': 0.09731, 'spearmanr_real': 0.97256, 'loss_sup': 0.3643008603453475, 'loss_data': 0.3643008603453475, 'loss_con': 1.3250565473957154, 'lambda_con': 0.0, 'rho_terminal_abs_mean': 7140.107308117033, 'rho_terminal_abs_max': 35319.32699708542, 'loss_old': 0.15389869445593618, 'loss_new': 0.21040216588909944, 'lambda_new_current': 1.0}
val: {'epoch': 195, 'time_epoch': 0.27193, 'loss': 0.36741879, 'lr': 0, 'params': 332673, 'time_iter': 0.01088, 'mae': 1298.09924, 'r2': 0.9498, 'mse': 3761504.0, 'rmse': 1939.45972, 'wmape': 0.09608, 'spearmanr': 0.97273, 'mae_norm': 0.1607, 'r2_norm': 0.9498, 'mse_norm': 0.05765, 'rmse_norm': 0.2401, 'wmape_norm': 0.18939, 'spearmanr_norm': 0.97273, 'mae_real': 1298.09924, 'r2_real': 0.9498, 'mse_real': 3761504.0, 'rmse_real': 1939.45972, 'wmape_real': 0.09608, 'spearmanr_real': 0.97273, 'loss_sup': 0.36741879450008, 'loss_data': 0.36741879450008, 'loss_con': 1.3400124807662943, 'lambda_con': 0.0, 'rho_terminal_abs_mean': 7194.006086976799, 'rho_terminal_abs_max': 34271.94156059193, 'loss_old': 0.15048970885308122, 'loss_new': 0.21692908564182023, 'lambda_new_current': 1.0}
test: {'epoch': 195, 'time_epoch': 0.27111, 'loss': 0.36764321, 'lr': 0, 'params': 332673, 'time_iter': 0.01084, 'mae': 1301.69116, 'r2': 0.94966, 'mse': 3766364.75, 'rmse': 1940.7124, 'wmape': 0.0964, 'spearmanr': 0.97304, 'mae_norm': 0.16114, 'r2_norm': 0.94966, 'mse_norm': 0.05772, 'rmse_norm': 0.24025, 'wmape_norm': 0.18987, 'spearmanr_norm': 0.97304, 'mae_real': 1301.69116, 'r2_real': 0.94966, 'mse_real': 3766364.75, 'rmse_real': 1940.7124, 'wmape_real': 0.0964, 'spearmanr_real': 0.97304, 'loss_sup': 0.3676432145724191, 'loss_data': 0.3676432145724191, 'loss_con': 1.3251665639197847, 'lambda_con': 0.0, 'rho_terminal_abs_mean': 7141.346925784683, 'rho_terminal_abs_max': 34821.2513950636, 'loss_old': 0.15103582613826014, 'loss_new': 0.21660739082166228, 'lambda_new_current': 1.0}
> Epoch 195: took 2.4s (avg 2.4s) | Best so far: epoch 185	train_loss: 0.3645	val_loss: 0.3675	test_loss: 0.3679	val_rmse_norm: 0.2400
train: {'epoch': 196, 'time_epoch': 1.43495, 'eta': 4.33201, 'eta_hours': 0.0012, 'loss': 0.36472572, 'lr': 1.09e-06, 'params': 332673, 'time_iter': 0.01913, 'mae': 1313.6394, 'r2': 0.94897, 'mse': 3806504.5, 'rmse': 1951.02649, 'wmape': 0.09732, 'spearmanr': 0.97262, 'mae_norm': 0.16262, 'r2_norm': 0.94897, 'mse_norm': 0.05834, 'rmse_norm': 0.24153, 'wmape_norm': 0.19188, 'spearmanr_norm': 0.97262, 'mae_real': 1313.6394, 'r2_real': 0.94897, 'mse_real': 3806504.5, 'rmse_real': 1951.02649, 'wmape_real': 0.09732, 'spearmanr_real': 0.97262, 'loss_sup': 0.3647257185690492, 'loss_data': 0.3647257185690492, 'loss_con': 1.3281138935235328, 'lambda_con': 0.0, 'rho_terminal_abs_mean': 7145.559385188474, 'rho_terminal_abs_max': 35137.218517819805, 'loss_old': 0.15384129338444805, 'loss_new': 0.2108844259807472, 'lambda_new_current': 1.0}
val: {'epoch': 196, 'time_epoch': 0.27229, 'loss': 0.36746891, 'lr': 0, 'params': 332673, 'time_iter': 0.01089, 'mae': 1298.26453, 'r2': 0.9498, 'mse': 3761657.5, 'rmse': 1939.49927, 'wmape': 0.09609, 'spearmanr': 0.97272, 'mae_norm': 0.16072, 'r2_norm': 0.9498, 'mse_norm': 0.05765, 'rmse_norm': 0.2401, 'wmape_norm': 0.18942, 'spearmanr_norm': 0.97272, 'mae_real': 1298.26453, 'r2_real': 0.9498, 'mse_real': 3761657.5, 'rmse_real': 1939.49927, 'wmape_real': 0.09609, 'spearmanr_real': 0.97272, 'loss_sup': 0.3674689110878815, 'loss_data': 0.3674689110878815, 'loss_con': 1.3380670598442632, 'lambda_con': 0.0, 'rho_terminal_abs_mean': 7189.025317884426, 'rho_terminal_abs_max': 34239.784550486766, 'loss_old': 0.15050822415091675, 'loss_new': 0.21696068694838258, 'lambda_new_current': 1.0}
test: {'epoch': 196, 'time_epoch': 0.27143, 'loss': 0.36769077, 'lr': 0, 'params': 332673, 'time_iter': 0.01086, 'mae': 1301.86865, 'r2': 0.94966, 'mse': 3766375.0, 'rmse': 1940.71509, 'wmape': 0.09641, 'spearmanr': 0.97303, 'mae_norm': 0.16117, 'r2_norm': 0.94966, 'mse_norm': 0.05772, 'rmse_norm': 0.24025, 'wmape_norm': 0.18989, 'spearmanr_norm': 0.97303, 'mae_real': 1301.86865, 'r2_real': 0.94966, 'mse_real': 3766375.0, 'rmse_real': 1940.71509, 'wmape_real': 0.09641, 'spearmanr_real': 0.97303, 'loss_sup': 0.3676907746905733, 'loss_data': 0.3676907746905733, 'loss_con': 1.3232240316346053, 'lambda_con': 0.0, 'rho_terminal_abs_mean': 7136.379857670476, 'rho_terminal_abs_max': 34782.11275752593, 'loss_old': 0.15105697908448584, 'loss_new': 0.21663379500631194, 'lambda_new_current': 1.0}
> Epoch 196: took 2.4s (avg 2.4s) | Best so far: epoch 185	train_loss: 0.3645	val_loss: 0.3675	test_loss: 0.3679	val_rmse_norm: 0.2400
train: {'epoch': 197, 'time_epoch': 1.43666, 'eta': 2.88793, 'eta_hours': 0.0008, 'loss': 0.36442567, 'lr': 6.2e-07, 'params': 332673, 'time_iter': 0.01916, 'mae': 1314.0708, 'r2': 0.94896, 'mse': 3806561.0, 'rmse': 1951.04102, 'wmape': 0.09735, 'spearmanr': 0.97261, 'mae_norm': 0.16268, 'r2_norm': 0.94896, 'mse_norm': 0.05834, 'rmse_norm': 0.24153, 'wmape_norm': 0.19195, 'spearmanr_norm': 0.97261, 'mae_real': 1314.0708, 'r2_real': 0.94896, 'mse_real': 3806561.0, 'rmse_real': 1951.04102, 'wmape_real': 0.09735, 'spearmanr_real': 0.97261, 'loss_sup': 0.364425665388217, 'loss_data': 0.364425665388217, 'loss_con': 1.323562436543227, 'lambda_con': 0.0, 'rho_terminal_abs_mean': 7138.4589845051305, 'rho_terminal_abs_max': 34994.90567356653, 'loss_old': 0.1539820728910136, 'loss_new': 0.21044359289555717, 'lambda_new_current': 1.0}
val: {'epoch': 197, 'time_epoch': 0.27234, 'loss': 0.36745875, 'lr': 0, 'params': 332673, 'time_iter': 0.01089, 'mae': 1298.23425, 'r2': 0.94978, 'mse': 3763366.75, 'rmse': 1939.93994, 'wmape': 0.09609, 'spearmanr': 0.97271, 'mae_norm': 0.16072, 'r2_norm': 0.94978, 'mse_norm': 0.05768, 'rmse_norm': 0.24016, 'wmape_norm': 0.18941, 'spearmanr_norm': 0.97271, 'mae_real': 1298.23425, 'r2_real': 0.94978, 'mse_real': 3763366.75, 'rmse_real': 1939.93994, 'wmape_real': 0.09609, 'spearmanr_real': 0.97271, 'loss_sup': 0.36745874601858686, 'loss_data': 0.36745874601858686, 'loss_con': 1.3405634294971118, 'lambda_con': 0.0, 'rho_terminal_abs_mean': 7195.815853927441, 'rho_terminal_abs_max': 34266.705648584146, 'loss_old': 0.1505050433669138, 'loss_new': 0.21695370383881699, 'lambda_new_current': 1.0}
test: {'epoch': 197, 'time_epoch': 0.27157, 'loss': 0.36769832, 'lr': 0, 'params': 332673, 'time_iter': 0.01086, 'mae': 1301.86694, 'r2': 0.94964, 'mse': 3768186.5, 'rmse': 1941.18176, 'wmape': 0.09641, 'spearmanr': 0.97302, 'mae_norm': 0.16117, 'r2_norm': 0.94964, 'mse_norm': 0.05775, 'rmse_norm': 0.24031, 'wmape_norm': 0.18989, 'spearmanr_norm': 0.97302, 'mae_real': 1301.86694, 'r2_real': 0.94964, 'mse_real': 3768186.5, 'rmse_real': 1941.18176, 'wmape_real': 0.09641, 'spearmanr_real': 0.97302, 'loss_sup': 0.36769831751824744, 'loss_data': 0.36769831751824744, 'loss_con': 1.3257011171578688, 'lambda_con': 0.0, 'rho_terminal_abs_mean': 7143.160418516627, 'rho_terminal_abs_max': 34808.74149165605, 'loss_old': 0.15105507612329416, 'loss_new': 0.2166432407928704, 'lambda_new_current': 1.0}
> Epoch 197: took 2.5s (avg 2.4s) | Best so far: epoch 185	train_loss: 0.3645	val_loss: 0.3675	test_loss: 0.3679	val_rmse_norm: 0.2400
train: {'epoch': 198, 'time_epoch': 1.43268, 'eta': 1.44391, 'eta_hours': 0.0004, 'loss': 0.36383642, 'lr': 2.7e-07, 'params': 332673, 'time_iter': 0.0191, 'mae': 1312.90601, 'r2': 0.949, 'mse': 3804048.25, 'rmse': 1950.39697, 'wmape': 0.09727, 'spearmanr': 0.97265, 'mae_norm': 0.16253, 'r2_norm': 0.949, 'mse_norm': 0.0583, 'rmse_norm': 0.24145, 'wmape_norm': 0.19178, 'spearmanr_norm': 0.97265, 'mae_real': 1312.90601, 'r2_real': 0.949, 'mse_real': 3804048.25, 'rmse_real': 1950.39697, 'wmape_real': 0.09727, 'spearmanr_real': 0.97265, 'loss_sup': 0.3638364186020579, 'loss_data': 0.3638364186020579, 'loss_con': 1.3268659473627538, 'lambda_con': 0.0, 'rho_terminal_abs_mean': 7145.239532013287, 'rho_terminal_abs_max': 35469.75438454458, 'loss_old': 0.15390685192761158, 'loss_new': 0.20992956707331986, 'lambda_new_current': 1.0}
val: {'epoch': 198, 'time_epoch': 0.2719, 'loss': 0.36746304, 'lr': 0, 'params': 332673, 'time_iter': 0.01088, 'mae': 1298.21204, 'r2': 0.94978, 'mse': 3763032.0, 'rmse': 1939.85364, 'wmape': 0.09609, 'spearmanr': 0.97271, 'mae_norm': 0.16071, 'r2_norm': 0.94978, 'mse_norm': 0.05767, 'rmse_norm': 0.24015, 'wmape_norm': 0.18941, 'spearmanr_norm': 0.97271, 'mae_real': 1298.21204, 'r2_real': 0.94978, 'mse_real': 3763032.0, 'rmse_real': 1939.85364, 'wmape_real': 0.09609, 'spearmanr_real': 0.97271, 'loss_sup': 0.3674630386367701, 'loss_data': 0.3674630386367701, 'loss_con': 1.3396001238608486, 'lambda_con': 0.0, 'rho_terminal_abs_mean': 7192.995934045401, 'rho_terminal_abs_max': 34264.35011019096, 'loss_old': 0.15050016460723217, 'loss_new': 0.21696287582451051, 'lambda_new_current': 1.0}
test: {'epoch': 198, 'time_epoch': 0.27132, 'loss': 0.36770653, 'lr': 0, 'params': 332673, 'time_iter': 0.01085, 'mae': 1301.8595, 'r2': 0.94964, 'mse': 3767888.25, 'rmse': 1941.10486, 'wmape': 0.09641, 'spearmanr': 0.97302, 'mae_norm': 0.16117, 'r2_norm': 0.94964, 'mse_norm': 0.05774, 'rmse_norm': 0.2403, 'wmape_norm': 0.18989, 'spearmanr_norm': 0.97302, 'mae_real': 1301.8595, 'r2_real': 0.94964, 'mse_real': 3767888.25, 'rmse_real': 1941.10486, 'wmape_real': 0.09641, 'spearmanr_real': 0.97302, 'loss_sup': 0.3677065267692774, 'loss_data': 0.3677065267692774, 'loss_con': 1.3247503653595532, 'lambda_con': 0.0, 'rho_terminal_abs_mean': 7140.328617766519, 'rho_terminal_abs_max': 34803.14746811802, 'loss_old': 0.15105187548731946, 'loss_new': 0.21665465246835114, 'lambda_new_current': 1.0}
> Epoch 198: took 2.4s (avg 2.4s) | Best so far: epoch 185	train_loss: 0.3645	val_loss: 0.3675	test_loss: 0.3679	val_rmse_norm: 0.2400
train: {'epoch': 199, 'time_epoch': 1.43462, 'eta': 0.0, 'eta_hours': 0.0, 'loss': 0.36443442, 'lr': 7e-08, 'params': 332673, 'time_iter': 0.01913, 'mae': 1313.02612, 'r2': 0.94894, 'mse': 3808361.75, 'rmse': 1951.50244, 'wmape': 0.09728, 'spearmanr': 0.9726, 'mae_norm': 0.16255, 'r2_norm': 0.94894, 'mse_norm': 0.05837, 'rmse_norm': 0.24159, 'wmape_norm': 0.1918, 'spearmanr_norm': 0.9726, 'mae_real': 1313.02612, 'r2_real': 0.94894, 'mse_real': 3808361.75, 'rmse_real': 1951.50244, 'wmape_real': 0.09728, 'spearmanr_real': 0.9726, 'loss_sup': 0.36443442144184013, 'loss_data': 0.36443442144184013, 'loss_con': 1.326628442554981, 'lambda_con': 0.0, 'rho_terminal_abs_mean': 7146.164762105124, 'rho_terminal_abs_max': 35453.76636410895, 'loss_old': 0.15379443511190652, 'loss_new': 0.21063998811336646, 'lambda_new_current': 1.0}
val: {'epoch': 199, 'time_epoch': 0.2719, 'loss': 0.36746025, 'lr': 0, 'params': 332673, 'time_iter': 0.01088, 'mae': 1298.20435, 'r2': 0.94979, 'mse': 3762815.75, 'rmse': 1939.79785, 'wmape': 0.09609, 'spearmanr': 0.97272, 'mae_norm': 0.16071, 'r2_norm': 0.94979, 'mse_norm': 0.05767, 'rmse_norm': 0.24014, 'wmape_norm': 0.18941, 'spearmanr_norm': 0.97272, 'mae_real': 1298.20435, 'r2_real': 0.94979, 'mse_real': 3762815.75, 'rmse_real': 1939.79785, 'wmape_real': 0.09609, 'spearmanr_real': 0.97272, 'loss_sup': 0.3674602543985164, 'loss_data': 0.3674602543985164, 'loss_con': 1.3394207440271786, 'lambda_con': 0.0, 'rho_terminal_abs_mean': 7192.546619762957, 'rho_terminal_abs_max': 34260.61543798891, 'loss_old': 0.150499378173086, 'loss_new': 0.21696087443445092, 'lambda_new_current': 1.0}
test: {'epoch': 199, 'time_epoch': 0.27155, 'loss': 0.36769856, 'lr': 0, 'params': 332673, 'time_iter': 0.01086, 'mae': 1301.84668, 'r2': 0.94965, 'mse': 3767612.0, 'rmse': 1941.03369, 'wmape': 0.09641, 'spearmanr': 0.97302, 'mae_norm': 0.16116, 'r2_norm': 0.94965, 'mse_norm': 0.05774, 'rmse_norm': 0.24029, 'wmape_norm': 0.18989, 'spearmanr_norm': 0.97302, 'mae_real': 1301.84668, 'r2_real': 0.94965, 'mse_real': 3767612.0, 'rmse_real': 1941.03369, 'wmape_real': 0.09641, 'spearmanr_real': 0.97302, 'loss_sup': 0.3676985644100126, 'loss_data': 0.3676985644100126, 'loss_con': 1.324558284725139, 'lambda_con': 0.0, 'rho_terminal_abs_mean': 7139.829242767744, 'rho_terminal_abs_max': 34806.67552524436, 'loss_old': 0.15105137243158825, 'loss_new': 0.21664719079153225, 'lambda_new_current': 1.0}
> Epoch 199: took 2.4s (avg 2.4s) | Best so far: epoch 185	train_loss: 0.3645	val_loss: 0.3675	test_loss: 0.3679	val_rmse_norm: 0.2400
Avg time per epoch: 2.45s
Total train loop time: 0.14h
Loaded best checkpoint from epoch 185 for final evaluation.

======================================================================
  Running detailed test evaluation ...
======================================================================

======================================================================
  [TEST] Per-Graph WMAPE Distribution (800 graphs, denormalized (veh/hr))
======================================================================
    Mean   WMAPE : 0.096435
    Std    WMAPE : 0.009358
    Min    WMAPE : 0.063233
    25% percentile : 0.089758
    50% percentile : 0.096180
    75% percentile : 0.102751
    95% percentile : 0.111836
    Max    WMAPE : 0.125558
======================================================================

======================================================================
  [TEST] New-Edge vs Old-Edge Metrics (denormalized (veh/hr))
======================================================================
    Old edges (retained): count= 202125  WMAPE=0.087515  MAE=1220.1948
    New edges (added): count=  36830  WMAPE=0.157916  MAE=1751.5160
    All edges (combined): count= 238955  WMAPE=0.096428  MAE=1302.0872
======================================================================

======================================================================
  [TEST] Inference Timing
======================================================================
    Device               : cuda
    Total graphs         : 800
    Total inference time : 134.35 ms
    Avg time per graph   : 0.1679 ms
======================================================================

======================================================================
  Running baseline-aligned test evaluation ...
======================================================================

======================================================================
  [TEST] Baseline-Aligned Metrics Summary
======================================================================
  Normalized all edges : MAE=0.161194  RMSE=0.240266  R2=0.949659  WMAPE=0.189926
  Real all edges       : MAE=1302.087670  RMSE=1940.818517  R2=0.949659  WMAPE=0.096428
  Real old edges       : MAE=1220.195182  RMSE=1784.157736  R2=0.953909  WMAPE=0.087515
  Real new edges       : MAE=1751.518002  RMSE=2639.956851  R2=0.930002  WMAPE=0.157916
  Inference timing     : total=133.94 ms  per_graph=0.1674 ms  graphs=800
======================================================================

======================================================================
  [TEST] Per-Graph WMAPE Distribution (800 graphs, denormalized (veh/hr))
======================================================================
    Mean   WMAPE : 0.096435
    Std    WMAPE : 0.009358
    Min    WMAPE : 0.063234
    25% percentile : 0.089758
    50% percentile : 0.096180
    75% percentile : 0.102751
    95% percentile : 0.111836
    Max    WMAPE : 0.125558
======================================================================
Saved aligned summary to /cephyr/users/wuxin/Vera/Physics-Informed_Diffusion_Model-main/Network_reconfiguration-main/results/ablation/network-pairs-topology-no_virtual_links_ema/0/summary.json
Task done, results saved in /cephyr/users/wuxin/Vera/Physics-Informed_Diffusion_Model-main/Network_reconfiguration-main/results/ablation/network-pairs-topology-no_virtual_links_ema/0
Skipping run aggregation.
[*] All done: 2026-04-22 20:53:13.475877
END_TIME       : 2026-04-22 20:53:14
